Age,Gender,Occupation,Country,Sleep_Hours_Scaled,Work_Hours_Scaled,Physical_Activity_Hours_Scaled,Social_Media_Usage_Scaled,Diet_Quality_Encoded_Scaled,Smoking_Habit_Encoded_Scaled,Alcohol_Consumption_Encoded_Scaled,Stress_Level,Cluster
21,Non-binary,Finance,Other,0.1333333333333333,0.14,0.2,0.5272727272727272,0.0,1.0,0.0,Medium,0
24,Non-binary,Finance,USA,0.9166666666666666,0.68,0.5,0.5636363636363636,0.0,0.0,0.3333333333333333,Low,0
52,Female,Sales,Canada,0.1833333333333332,0.6,0.3,0.0909090909090909,1.0,0.6666666666666666,1.0,High,2
35,Female,Engineering,Other,0.6333333333333332,0.92,0.8,0.1454545454545454,0.5,0.0,0.0,Low,0
42,Non-binary,Finance,UK,0.4166666666666666,0.96,0.8,0.7818181818181817,0.5,0.3333333333333333,1.0,High,1
53,Female,Other,Canada,0.9499999999999998,0.5000000000000001,0.8,0.0363636363636363,1.0,0.0,0.0,Low,2
22,Prefer not to say,Engineering,Germany,0.9166666666666666,0.7600000000000001,0.0,0.3454545454545454,0.5,0.0,0.3333333333333333,Medium,0
36,Male,Education,Australia,0.6,0.32,0.8,0.3090909090909091,0.0,0.6666666666666666,0.6666666666666666,Low,1
51,Female,Education,Germany,0.4166666666666666,0.06,1.0,0.8,0.0,1.0,0.6666666666666666,Medium,1
19,Female,Education,India,0.5166666666666665,0.4,0.1,0.0909090909090909,0.5,0.6666666666666666,0.6666666666666666,High,1
29,Prefer not to say,Other,Other,0.35,0.68,0.1,0.7272727272727273,0.0,0.3333333333333333,0.3333333333333333,High,0
20,Female,IT,Germany,0.8166666666666668,0.2,0.0,0.6909090909090909,0.5,0.6666666666666666,1.0,High,1
50,Male,Other,India,0.0999999999999999,0.64,0.1,0.5272727272727272,0.5,1.0,1.0,High,1
62,Female,Other,Germany,0.25,0.5200000000000001,0.5,0.7090909090909091,0.0,0.6666666666666666,0.6666666666666666,High,1
55,Prefer not to say,Finance,Canada,0.3333333333333333,0.8000000000000002,0.6000000000000001,0.4363636363636363,0.5,0.3333333333333333,0.6666666666666666,High,1
33,Female,Engineering,UK,0.0333333333333333,0.86,0.1,0.3272727272727272,1.0,0.3333333333333333,0.6666666666666666,High,2
58,Prefer not to say,Other,Germany,0.0333333333333333,0.82,0.8,0.6363636363636364,1.0,0.0,1.0,High,2
34,Male,Finance,UK,0.9333333333333332,0.5400000000000001,0.7000000000000001,0.0545454545454545,0.0,0.0,0.6666666666666666,Low,1
39,Female,Engineering,Australia,0.45,0.4600000000000001,0.9,0.8363636363636363,0.0,0.3333333333333333,1.0,Medium,1
61,Male,Healthcare,India,0.1333333333333333,0.42,1.0,0.9636363636363636,1.0,1.0,0.3333333333333333,High,2
32,Female,Healthcare,Australia,0.1666666666666666,0.4,0.6000000000000001,0.6363636363636364,1.0,1.0,0.3333333333333333,High,2
37,Female,Other,India,0.2999999999999999,0.7800000000000001,0.3,0.4181818181818181,0.0,0.3333333333333333,0.3333333333333333,High,0
21,Male,Healthcare,Canada,0.7499999999999999,0.92,0.1,0.0727272727272727,0.5,0.3333333333333333,0.3333333333333333,Medium,0
57,Male,Engineering,Germany,0.9166666666666666,0.98,0.6000000000000001,0.0181818181818181,1.0,1.0,0.0,Medium,2
28,Male,Sales,Other,0.6833333333333332,0.28,0.0,0.3454545454545454,0.0,0.0,0.0,Low,0
38,Prefer not to say,Finance,Other,0.1833333333333332,0.82,0.2,0.3272727272727272,0.5,0.0,0.0,Medium,0
20,Prefer not to say,Other,Other,0.9666666666666668,0.3,1.0,0.1454545454545454,0.5,0.0,0.3333333333333333,Low,0
23,Non-binary,IT,Germany,0.4833333333333333,0.24,0.2,0.3090909090909091,1.0,1.0,0.6666666666666666,High,2
55,Male,IT,Germany,0.8333333333333334,0.66,1.0,0.0909090909090909,0.0,0.3333333333333333,0.0,Low,0
47,Non-binary,Finance,Canada,0.2833333333333333,0.16,0.6000000000000001,0.6727272727272727,0.5,0.6666666666666666,0.3333333333333333,High,0
58,Non-binary,Education,India,0.5833333333333334,0.04,0.2,0.1272727272727272,0.5,0.6666666666666666,0.3333333333333333,Medium,0
65,Male,Engineering,USA,0.45,0.88,0.3,0.5272727272727272,1.0,0.6666666666666666,0.6666666666666666,High,2
27,Male,Engineering,USA,0.0499999999999999,0.7800000000000001,0.9,0.4,0.5,0.3333333333333333,0.6666666666666666,High,1
22,Female,Healthcare,Australia,0.5666666666666668,0.7200000000000001,0.0,0.9454545454545454,0.0,0.0,1.0,High,1
51,Female,Finance,Canada,0.9833333333333332,0.84,1.0,0.7090909090909091,1.0,0.3333333333333333,1.0,High,2
61,Female,IT,India,0.5666666666666668,0.06,0.5,0.0,0.5,0.3333333333333333,0.0,Low,0
19,Prefer not to say,Education,Germany,0.15,0.02,0.5,0.3818181818181818,1.0,0.6666666666666666,1.0,High,2
57,Male,Other,Australia,0.9499999999999998,0.18,0.6000000000000001,0.0363636363636363,0.5,0.6666666666666666,0.3333333333333333,Low,0
65,Non-binary,Healthcare,India,0.1666666666666666,0.58,0.0,0.3818181818181818,0.0,0.3333333333333333,0.6666666666666666,High,1
22,Non-binary,Education,Germany,0.5333333333333333,0.6,0.3,0.5636363636363636,0.5,1.0,0.3333333333333333,High,0
50,Female,IT,UK,0.2333333333333334,0.5599999999999999,0.5,0.5454545454545454,0.5,0.6666666666666666,1.0,High,1
46,Female,Education,Australia,0.0333333333333333,0.44,0.6000000000000001,0.7636363636363637,0.0,1.0,0.3333333333333333,High,0
48,Non-binary,Healthcare,USA,0.15,0.36,0.1,0.9636363636363636,1.0,0.6666666666666666,0.0,High,2
48,Female,Other,India,0.2999999999999999,0.4,0.8,0.9818181818181818,1.0,0.0,1.0,High,2
51,Prefer not to say,IT,India,0.9833333333333332,0.86,1.0,0.3272727272727272,0.5,1.0,0.6666666666666666,Medium,1
22,Female,Education,UK,0.3666666666666666,0.22,0.7000000000000001,0.8,1.0,1.0,0.6666666666666666,High,2
55,Non-binary,Other,USA,0.9833333333333332,0.3,0.9,0.7454545454545454,1.0,0.0,0.0,Low,2
28,Female,Education,Canada,0.3166666666666667,0.6,0.9,0.8181818181818182,0.5,0.3333333333333333,0.0,Medium,0
44,Prefer not to say,Finance,Germany,0.9,0.18,0.0,0.3818181818181818,0.5,0.3333333333333333,0.6666666666666666,Medium,1
39,Male,Other,Germany,0.35,0.4800000000000001,0.8,0.1272727272727272,1.0,0.3333333333333333,0.6666666666666666,Medium,2
32,Male,Finance,Canada,0.4999999999999999,0.9,0.3,0.4727272727272728,1.0,0.6666666666666666,1.0,High,2
57,Non-binary,Education,Germany,0.0166666666666666,0.3,0.1,0.4363636363636363,1.0,0.6666666666666666,1.0,High,2
24,Non-binary,IT,USA,0.4333333333333332,0.8000000000000002,1.0,0.7090909090909091,1.0,1.0,0.3333333333333333,High,2
31,Non-binary,Education,UK,0.25,0.3400000000000001,0.3,0.4545454545454545,1.0,0.3333333333333333,0.0,High,2
24,Male,IT,India,0.2999999999999999,0.16,0.6000000000000001,0.2,1.0,0.3333333333333333,0.3333333333333333,Medium,2
52,Non-binary,Healthcare,USA,0.4666666666666667,0.62,0.5,0.9090909090909092,1.0,0.3333333333333333,0.6666666666666666,High,2
47,Non-binary,IT,Australia,0.1833333333333332,0.14,0.9,0.2,0.0,0.3333333333333333,0.0,Low,0
34,Prefer not to say,Healthcare,Canada,0.35,0.44,0.0,0.2181818181818181,0.0,0.6666666666666666,0.3333333333333333,Medium,0
18,Non-binary,Sales,Canada,0.1333333333333333,0.64,0.2,0.6727272727272727,0.5,0.6666666666666666,1.0,High,1
39,Non-binary,Engineering,Germany,0.2166666666666666,0.5200000000000001,0.6000000000000001,0.6545454545454544,1.0,0.3333333333333333,1.0,High,2
30,Prefer not to say,Engineering,Canada,0.6833333333333332,0.84,0.1,0.1636363636363636,0.0,0.0,0.3333333333333333,Low,0
60,Female,Sales,India,0.0166666666666666,0.7800000000000001,0.5,0.0727272727272727,0.0,0.6666666666666666,0.0,Medium,0
41,Male,Healthcare,India,0.0999999999999999,0.4,0.4,0.3272727272727272,0.5,0.0,1.0,Medium,1
45,Female,IT,UK,0.4666666666666667,0.7200000000000001,0.4,0.2,1.0,0.0,0.3333333333333333,Medium,2
25,Female,Sales,Canada,0.6999999999999998,0.12,0.8,0.4363636363636363,1.0,0.0,0.0,Low,2
62,Non-binary,IT,Germany,0.8833333333333334,0.32,0.3,0.6,0.0,1.0,0.0,Low,0
59,Non-binary,Sales,USA,0.9833333333333332,0.42,0.1,0.5818181818181818,1.0,0.3333333333333333,0.6666666666666666,High,2
48,Female,Sales,USA,0.3166666666666667,0.4,0.2,0.6909090909090909,1.0,0.6666666666666666,0.6666666666666666,High,2
49,Non-binary,Finance,Canada,0.7666666666666665,0.62,0.6000000000000001,0.9454545454545454,0.5,1.0,1.0,High,1
63,Prefer not to say,Education,Australia,0.4166666666666666,0.86,0.9,0.0,1.0,1.0,0.6666666666666666,High,2
64,Female,Finance,India,0.6166666666666666,0.4,0.3,0.9636363636363636,1.0,0.6666666666666666,0.6666666666666666,High,2
57,Female,Sales,Other,0.9,0.12,0.7000000000000001,0.1454545454545454,0.0,0.3333333333333333,0.0,Low,0
44,Prefer not to say,Other,USA,0.4999999999999999,0.5599999999999999,0.4,0.6181818181818182,1.0,0.3333333333333333,1.0,High,2
53,Female,Engineering,Other,0.5499999999999999,0.3,0.1,0.2727272727272727,0.5,0.3333333333333333,1.0,Medium,1
25,Non-binary,Sales,Other,0.4999999999999999,0.62,0.6000000000000001,0.0545454545454545,1.0,0.6666666666666666,0.0,Medium,2
61,Non-binary,Sales,Germany,0.1333333333333333,0.42,0.6000000000000001,0.4545454545454545,0.5,0.3333333333333333,0.0,Medium,0
20,Prefer not to say,Healthcare,Canada,0.2,0.36,0.9,0.2545454545454545,1.0,1.0,0.6666666666666666,High,2
62,Non-binary,IT,Germany,0.6333333333333332,0.02,0.3,0.4909090909090909,0.5,0.6666666666666666,0.6666666666666666,High,1
59,Prefer not to say,Education,Canada,1.0,0.3400000000000001,0.6000000000000001,0.5454545454545454,0.0,0.6666666666666666,0.6666666666666666,Medium,1
56,Prefer not to say,IT,UK,0.6,0.44,0.2,0.1636363636363636,0.0,0.6666666666666666,0.3333333333333333,Medium,0
60,Prefer not to say,IT,Other,0.6833333333333332,0.0,0.5,0.8545454545454546,0.5,0.3333333333333333,0.6666666666666666,Medium,1
64,Non-binary,Finance,UK,0.0499999999999999,0.3,1.0,0.1272727272727272,0.0,1.0,0.3333333333333333,Low,0
27,Male,IT,India,0.9,0.44,0.4,0.0363636363636363,0.0,0.3333333333333333,0.6666666666666666,Low,1
42,Prefer not to say,Engineering,UK,0.7833333333333331,0.7800000000000001,0.5,0.7818181818181817,1.0,0.0,0.0,Medium,2
33,Non-binary,Healthcare,India,0.6999999999999998,0.86,0.5,0.8,0.5,0.0,0.3333333333333333,Medium,0
57,Female,Engineering,Other,0.5666666666666668,0.96,0.2,0.2545454545454545,0.5,0.6666666666666666,1.0,High,1
19,Female,IT,Other,0.6,0.84,0.5,0.5454545454545454,1.0,0.6666666666666666,0.0,High,2
35,Male,Engineering,USA,0.1166666666666667,0.12,0.6000000000000001,0.2909090909090909,0.0,1.0,0.0,Low,0
56,Female,Sales,USA,0.85,0.12,0.6000000000000001,0.2181818181818181,0.5,0.3333333333333333,0.3333333333333333,Low,0
57,Male,Engineering,USA,0.9666666666666668,0.86,0.7000000000000001,0.7272727272727273,0.0,0.3333333333333333,0.6666666666666666,Medium,1
53,Prefer not to say,Finance,UK,0.6999999999999998,0.4600000000000001,0.1,0.3090909090909091,0.5,1.0,0.3333333333333333,Medium,0
63,Prefer not to say,Sales,India,0.4833333333333333,0.7000000000000001,0.3,0.8181818181818182,1.0,0.0,0.6666666666666666,High,2
54,Non-binary,IT,Australia,0.2,0.28,0.7000000000000001,0.4727272727272728,0.0,0.0,1.0,Low,1
63,Prefer not to say,Other,Canada,0.5666666666666668,0.7600000000000001,1.0,0.7272727272727273,0.0,0.3333333333333333,0.3333333333333333,Medium,0
50,Female,Engineering,India,0.35,0.5400000000000001,0.9,0.890909090909091,1.0,1.0,0.6666666666666666,High,2
35,Prefer not to say,Engineering,India,0.0833333333333333,0.44,0.1,0.7818181818181817,0.0,0.6666666666666666,0.6666666666666666,High,1
40,Female,Healthcare,India,0.7166666666666667,0.86,0.0,0.1818181818181818,0.0,0.0,0.3333333333333333,Low,0
33,Prefer not to say,IT,India,0.4999999999999999,0.5200000000000001,0.1,0.0727272727272727,0.5,0.0,1.0,Medium,1
63,Non-binary,Education,Canada,0.85,0.62,0.0,0.9090909090909092,0.5,0.6666666666666666,0.6666666666666666,High,1
58,Non-binary,Engineering,Australia,0.0333333333333333,0.2,0.7000000000000001,0.3454545454545454,0.5,0.0,0.0,Low,0
40,Non-binary,Sales,Other,0.25,0.62,0.5,0.0909090909090909,0.5,1.0,0.0,Medium,0
34,Non-binary,IT,India,0.7166666666666667,0.7200000000000001,0.7000000000000001,0.9454545454545454,1.0,0.3333333333333333,1.0,High,2
53,Male,Finance,India,0.6333333333333332,0.88,1.0,0.0727272727272727,1.0,0.6666666666666666,0.0,Medium,2
21,Female,Education,Germany,0.4166666666666666,0.22,0.6000000000000001,0.0727272727272727,0.0,0.3333333333333333,0.3333333333333333,Low,0
31,Non-binary,Sales,India,0.4833333333333333,0.4,1.0,0.0545454545454545,0.5,0.3333333333333333,0.0,Low,0
55,Non-binary,Healthcare,Germany,0.45,0.16,0.8,0.4181818181818181,0.5,1.0,1.0,Medium,1
59,Female,IT,India,0.4333333333333332,0.02,0.2,0.8181818181818182,0.0,0.6666666666666666,0.0,Medium,0
21,Female,Healthcare,Germany,0.85,0.8000000000000002,1.0,0.3454545454545454,1.0,0.0,0.6666666666666666,Medium,2
26,Non-binary,Healthcare,Canada,0.3833333333333332,0.68,0.0,0.7454545454545454,0.0,0.3333333333333333,0.6666666666666666,High,1
64,Male,Engineering,Canada,0.65,0.5599999999999999,0.2,0.1636363636363636,0.5,0.0,0.6666666666666666,Medium,1
62,Male,Sales,USA,0.6833333333333332,0.06,0.3,0.4545454545454545,0.0,0.6666666666666666,0.0,Low,0
36,Female,Engineering,Australia,0.2166666666666666,0.7600000000000001,0.0,0.3090909090909091,0.5,0.3333333333333333,1.0,High,1
50,Male,Education,USA,0.4999999999999999,0.58,0.4,0.2181818181818181,0.5,0.3333333333333333,1.0,Medium,1
19,Non-binary,Education,Germany,0.1666666666666666,0.5000000000000001,0.6000000000000001,0.7090909090909091,1.0,0.3333333333333333,0.6666666666666666,High,2
36,Female,Healthcare,UK,0.6,0.96,0.9,0.6909090909090909,0.5,0.3333333333333333,0.0,Medium,0
63,Male,Other,India,0.2166666666666666,0.4,0.5,0.5636363636363636,0.5,1.0,0.3333333333333333,High,0
64,Prefer not to say,Education,Canada,0.35,0.7000000000000001,0.9,0.6,1.0,1.0,0.6666666666666666,High,2
26,Male,Finance,Germany,0.0833333333333333,1.0,0.0,0.9090909090909092,1.0,0.6666666666666666,1.0,High,2
36,Male,Education,Other,0.8000000000000002,0.26,0.4,0.0363636363636363,0.5,1.0,0.0,Low,0
25,Female,Engineering,UK,0.0833333333333333,0.12,0.8,0.4545454545454545,0.0,0.3333333333333333,0.3333333333333333,Low,0
54,Prefer not to say,Finance,Other,0.85,0.5400000000000001,0.1,0.6181818181818182,0.0,0.0,0.0,Low,0
58,Male,Finance,Canada,0.2,0.84,0.7000000000000001,0.8363636363636363,0.5,1.0,0.6666666666666666,High,1
60,Prefer not to say,Other,USA,0.1666666666666666,0.86,0.9,0.0545454545454545,0.5,0.6666666666666666,0.0,Medium,0
28,Male,Other,Germany,0.5499999999999999,0.66,0.7000000000000001,0.4,1.0,0.3333333333333333,0.0,Medium,2
26,Prefer not to say,IT,Canada,0.8666666666666666,0.94,0.8,0.8363636363636363,0.5,0.6666666666666666,0.0,Medium,0
22,Female,Healthcare,Other,0.7833333333333331,0.36,0.6000000000000001,0.3454545454545454,0.0,1.0,0.0,Low,0
24,Female,Sales,Other,0.3333333333333333,0.4600000000000001,0.3,0.0,1.0,1.0,1.0,High,2
20,Non-binary,Engineering,Other,0.9166666666666666,0.1,0.6000000000000001,0.0545454545454545,0.5,0.3333333333333333,0.0,Low,0
33,Female,Finance,USA,0.9166666666666666,0.26,0.1,0.7272727272727273,0.5,0.6666666666666666,0.6666666666666666,High,1
58,Female,Other,Other,0.25,0.42,0.2,0.9636363636363636,0.0,1.0,1.0,High,1
41,Non-binary,Engineering,Other,0.2,0.84,0.1,0.8727272727272727,0.5,0.0,1.0,High,1
38,Male,Education,India,0.1166666666666667,0.24,1.0,0.6181818181818182,0.0,0.6666666666666666,0.6666666666666666,Medium,1
52,Female,Healthcare,Canada,0.2166666666666666,0.4600000000000001,0.1,0.5636363636363636,1.0,0.3333333333333333,0.3333333333333333,High,2
37,Non-binary,Finance,USA,0.5833333333333334,0.24,1.0,0.2363636363636363,0.0,0.3333333333333333,1.0,Low,1
42,Prefer not to say,Finance,UK,0.9499999999999998,0.58,0.9,0.7090909090909091,0.0,1.0,0.0,Low,0
59,Female,IT,Germany,0.4999999999999999,0.82,0.4,0.3454545454545454,0.5,0.3333333333333333,1.0,High,1
32,Non-binary,Finance,Canada,0.0,0.4800000000000001,0.9,0.4,1.0,0.3333333333333333,1.0,High,2
55,Prefer not to say,Finance,UK,0.85,0.3,1.0,0.1272727272727272,0.0,0.0,0.6666666666666666,Low,1
55,Male,Engineering,India,0.6166666666666666,0.92,0.1,0.9454545454545454,0.0,0.3333333333333333,0.3333333333333333,High,0
46,Female,Engineering,UK,0.3833333333333332,0.2,0.9,0.3636363636363636,1.0,0.0,0.0,Low,2
55,Prefer not to say,Other,Germany,0.5166666666666665,0.5200000000000001,0.4,0.509090909090909,0.5,0.6666666666666666,0.0,Medium,0
65,Non-binary,Other,UK,0.5499999999999999,0.64,0.2,0.2545454545454545,0.5,0.6666666666666666,0.6666666666666666,High,1
43,Male,Other,Australia,0.1166666666666667,0.6,0.8,0.2909090909090909,0.0,0.0,1.0,Low,1
55,Female,Engineering,Other,0.1833333333333332,0.4600000000000001,0.3,0.6909090909090909,1.0,1.0,0.6666666666666666,High,2
27,Non-binary,Other,UK,0.6999999999999998,0.82,0.0,0.5454545454545454,0.0,0.0,1.0,Medium,1
34,Female,Finance,India,0.4999999999999999,0.5400000000000001,1.0,0.1090909090909091,0.0,0.0,0.0,Low,0
55,Female,Engineering,India,0.4166666666666666,0.08,0.5,0.6545454545454544,1.0,1.0,0.6666666666666666,High,2
56,Prefer not to say,Healthcare,USA,0.25,0.5400000000000001,0.0,0.4,0.0,0.0,0.3333333333333333,Medium,0
53,Prefer not to say,IT,USA,0.2833333333333333,0.82,0.2,0.0181818181818181,0.5,1.0,1.0,High,1
47,Prefer not to say,Finance,Canada,0.7666666666666665,0.3400000000000001,0.1,0.9818181818181818,1.0,0.0,1.0,High,2
56,Non-binary,Education,Germany,0.8000000000000002,0.7000000000000001,0.2,0.7090909090909091,1.0,0.3333333333333333,1.0,High,2
42,Non-binary,Other,Germany,0.0666666666666667,0.7200000000000001,0.0,0.9272727272727272,0.0,0.3333333333333333,0.6666666666666666,High,1
59,Prefer not to say,Healthcare,Canada,0.25,0.68,0.2,0.9636363636363636,1.0,0.6666666666666666,1.0,High,2
50,Prefer not to say,Education,Australia,0.4,0.26,0.5,0.9454545454545454,0.5,0.6666666666666666,1.0,High,1
64,Non-binary,Sales,India,0.8666666666666666,0.62,0.6000000000000001,0.4545454545454545,1.0,0.0,0.0,Low,2
34,Non-binary,Engineering,Australia,0.9166666666666666,0.02,0.2,0.0363636363636363,1.0,0.3333333333333333,0.6666666666666666,Medium,2
58,Non-binary,Healthcare,USA,0.5333333333333333,0.7800000000000001,0.1,0.8181818181818182,0.0,0.6666666666666666,0.6666666666666666,High,1
49,Female,Education,India,0.0499999999999999,0.08,0.5,0.1272727272727272,1.0,0.0,0.0,Low,2
42,Prefer not to say,Healthcare,Australia,0.9666666666666668,0.88,0.2,0.9090909090909092,0.5,0.0,1.0,High,1
29,Male,Sales,UK,0.3166666666666667,0.0,0.7000000000000001,0.6181818181818182,1.0,0.6666666666666666,0.6666666666666666,High,2
46,Non-binary,Education,India,0.3166666666666667,0.5000000000000001,0.0,0.3636363636363636,1.0,1.0,1.0,High,2
53,Non-binary,Other,Other,0.1166666666666667,0.28,0.7000000000000001,0.6,0.5,0.3333333333333333,1.0,Medium,1
41,Male,Healthcare,USA,0.4833333333333333,0.7200000000000001,0.7000000000000001,0.9090909090909092,0.0,1.0,0.6666666666666666,High,1
32,Female,Engineering,Other,0.4,0.1,0.7000000000000001,0.509090909090909,0.0,0.3333333333333333,0.6666666666666666,Low,1
24,Non-binary,IT,Canada,0.9333333333333332,0.14,0.2,0.4727272727272728,0.5,0.0,0.3333333333333333,Low,0
37,Prefer not to say,Engineering,Canada,0.6166666666666666,1.0,0.9,0.8,0.5,0.3333333333333333,0.0,Medium,0
37,Non-binary,Education,India,0.2333333333333334,0.9,0.8,0.6545454545454544,1.0,0.6666666666666666,0.0,High,2
64,Prefer not to say,IT,USA,0.3333333333333333,1.0,0.1,0.509090909090909,0.5,1.0,0.3333333333333333,High,0
19,Male,Healthcare,Germany,0.2833333333333333,0.04,0.7000000000000001,0.3454545454545454,0.5,0.3333333333333333,0.0,Low,0
18,Female,Other,UK,0.6333333333333332,0.84,0.0,0.4363636363636363,0.5,0.3333333333333333,0.3333333333333333,High,0
20,Male,Finance,India,0.1166666666666667,0.7600000000000001,0.1,0.8363636363636363,0.5,0.6666666666666666,0.0,High,0
26,Prefer not to say,Other,USA,0.0333333333333333,0.84,0.8,0.509090909090909,0.5,0.0,0.3333333333333333,Medium,0
19,Prefer not to say,Healthcare,Other,0.6333333333333332,0.26,0.1,0.8545454545454546,0.0,0.0,0.0,Low,0
50,Female,Education,Germany,0.8333333333333334,0.44,1.0,0.0181818181818181,0.5,0.0,0.0,Low,0
25,Non-binary,IT,Australia,0.1166666666666667,0.38,0.7000000000000001,0.8181818181818182,0.0,0.3333333333333333,0.3333333333333333,Medium,0
38,Male,Education,UK,0.0166666666666666,0.5599999999999999,0.5,0.9272727272727272,0.0,0.6666666666666666,0.6666666666666666,High,1
55,Non-binary,Finance,Australia,0.5333333333333333,0.94,0.7000000000000001,0.9636363636363636,0.5,1.0,1.0,High,1
41,Female,IT,Germany,0.2,0.32,0.6000000000000001,0.3090909090909091,0.0,0.0,0.3333333333333333,Low,0
46,Prefer not to say,Other,Germany,0.0833333333333333,0.4800000000000001,0.8,0.5454545454545454,1.0,0.6666666666666666,0.6666666666666666,High,2
54,Male,Other,Canada,0.6,0.5599999999999999,0.4,0.4363636363636363,1.0,0.6666666666666666,1.0,High,2
20,Non-binary,IT,Canada,0.25,0.42,0.5,0.1272727272727272,1.0,0.6666666666666666,0.3333333333333333,High,2
39,Prefer not to say,Sales,Australia,0.7666666666666665,0.9,0.9,0.509090909090909,0.5,0.6666666666666666,0.3333333333333333,Medium,0
18,Female,IT,UK,0.4166666666666666,0.62,0.4,0.2,1.0,1.0,0.0,Medium,2
26,Prefer not to say,Finance,India,0.2166666666666666,0.84,0.3,0.9454545454545454,0.0,0.3333333333333333,1.0,High,1
41,Male,IT,India,0.0833333333333333,0.08,0.2,0.890909090909091,0.0,0.6666666666666666,1.0,High,1
52,Female,IT,Other,0.2166666666666666,0.66,0.5,0.6,1.0,1.0,0.0,High,2
35,Male,Engineering,Australia,0.5833333333333334,0.62,0.5,0.7818181818181817,0.0,1.0,0.6666666666666666,High,1
57,Female,Engineering,Australia,0.5499999999999999,0.06,0.3,0.0545454545454545,0.0,0.3333333333333333,0.0,Low,0
58,Female,Education,Australia,0.5833333333333334,0.64,0.8,0.1818181818181818,0.0,0.3333333333333333,1.0,Low,1
28,Non-binary,Healthcare,Canada,0.1666666666666666,0.06,0.1,0.0363636363636363,1.0,0.3333333333333333,1.0,High,2
52,Female,IT,Canada,0.8166666666666668,0.44,0.8,0.2909090909090909,0.5,0.3333333333333333,0.0,Low,0
43,Prefer not to say,Other,Canada,0.9833333333333332,0.5200000000000001,0.8,0.4545454545454545,0.0,1.0,0.0,Low,0
29,Non-binary,Other,USA,0.85,0.7800000000000001,0.0,0.4727272727272728,0.5,1.0,1.0,High,1
21,Non-binary,Engineering,UK,0.45,0.68,0.5,0.5818181818181818,1.0,1.0,0.0,High,2
48,Male,Education,Australia,0.6999999999999998,1.0,0.1,1.0,0.0,0.3333333333333333,0.0,Medium,0
40,Non-binary,Healthcare,Australia,0.1666666666666666,0.94,0.5,0.1636363636363636,0.0,0.3333333333333333,0.3333333333333333,Medium,0
59,Prefer not to say,IT,India,0.3666666666666666,0.2,1.0,0.0909090909090909,0.0,0.0,0.3333333333333333,Low,0
49,Male,Finance,UK,0.4666666666666667,0.92,0.7000000000000001,0.5272727272727272,0.0,0.0,0.0,Low,0
54,Female,Education,UK,0.8333333333333334,0.7400000000000001,0.3,0.1454545454545454,1.0,0.3333333333333333,0.6666666666666666,High,2
31,Male,Sales,UK,0.4833333333333333,0.94,0.0,0.890909090909091,0.5,0.6666666666666666,1.0,High,1
60,Prefer not to say,Other,Other,0.2666666666666666,0.0,0.6000000000000001,0.8727272727272727,1.0,0.0,1.0,High,2
29,Non-binary,Other,Canada,0.7833333333333331,0.98,0.8,0.4181818181818181,1.0,0.0,0.6666666666666666,Medium,2
18,Non-binary,Finance,Germany,0.3333333333333333,0.92,0.4,0.8,0.5,0.6666666666666666,0.0,High,0
36,Female,Education,Australia,0.35,0.58,0.7000000000000001,0.2181818181818181,0.5,0.3333333333333333,0.3333333333333333,Low,0
27,Female,Engineering,USA,0.7166666666666667,0.28,0.8,0.2363636363636363,0.5,0.6666666666666666,0.0,Low,0
35,Male,Other,Australia,0.7833333333333331,0.66,0.5,0.6727272727272727,1.0,0.6666666666666666,0.0,High,2
23,Non-binary,IT,Australia,0.85,0.3400000000000001,0.9,0.7818181818181817,1.0,0.0,1.0,Medium,2
44,Non-binary,Education,UK,0.2666666666666666,0.4600000000000001,0.3,0.6181818181818182,1.0,0.6666666666666666,1.0,High,2
18,Prefer not to say,Sales,USA,0.85,0.02,0.5,0.0909090909090909,1.0,0.3333333333333333,0.0,Low,2
47,Female,IT,Other,0.8166666666666668,0.32,0.5,0.2181818181818181,0.5,0.3333333333333333,0.0,Low,0
55,Non-binary,Sales,USA,0.65,0.7200000000000001,0.0,0.8727272727272727,1.0,0.3333333333333333,1.0,High,2
55,Male,Engineering,Germany,0.35,0.04,0.0,1.0,0.0,0.0,1.0,Medium,1
64,Prefer not to say,Education,Australia,0.5166666666666665,0.82,0.0,0.1090909090909091,0.0,1.0,0.0,Medium,0
36,Male,Education,Australia,0.5499999999999999,0.42,0.4,0.890909090909091,0.5,1.0,1.0,High,1
36,Prefer not to say,Other,India,0.0166666666666666,0.42,1.0,0.1090909090909091,0.0,0.3333333333333333,0.0,Low,0
59,Female,Finance,Canada,0.3166666666666667,0.3400000000000001,0.9,0.4727272727272728,0.0,0.3333333333333333,0.0,Low,0
33,Male,Engineering,Canada,0.9666666666666668,0.7400000000000001,0.2,0.4181818181818181,0.5,1.0,1.0,High,1
47,Male,Education,Canada,0.5166666666666665,0.84,0.3,0.9818181818181818,0.0,0.6666666666666666,0.6666666666666666,High,1
41,Female,Engineering,USA,0.6999999999999998,0.4,0.7000000000000001,0.5636363636363636,0.5,0.0,0.3333333333333333,Low,0
54,Male,Other,USA,0.65,0.08,0.1,0.8727272727272727,0.5,0.6666666666666666,1.0,High,1
64,Male,Finance,Canada,0.8333333333333334,0.38,0.9,0.7090909090909091,0.5,1.0,0.3333333333333333,Medium,0
54,Non-binary,Healthcare,Australia,0.3833333333333332,0.8000000000000002,0.8,0.1818181818181818,0.0,0.0,0.6666666666666666,Low,1
21,Female,Other,India,0.9166666666666666,0.62,0.5,0.6181818181818182,1.0,0.0,1.0,Medium,2
54,Non-binary,Healthcare,Canada,0.4,0.7000000000000001,0.3,0.0545454545454545,0.0,0.6666666666666666,0.6666666666666666,High,1
20,Prefer not to say,Finance,Other,0.0666666666666667,0.08,0.4,0.509090909090909,1.0,0.3333333333333333,0.6666666666666666,High,2
31,Prefer not to say,Other,Other,0.15,0.84,0.2,0.0545454545454545,1.0,0.3333333333333333,0.3333333333333333,High,2
60,Prefer not to say,Education,USA,0.8000000000000002,0.7800000000000001,0.8,0.5818181818181818,1.0,1.0,0.6666666666666666,High,2
48,Non-binary,Healthcare,India,0.0999999999999999,0.42,0.8,0.5454545454545454,0.0,0.6666666666666666,0.3333333333333333,Medium,0
26,Female,Sales,Canada,0.35,0.26,0.4,0.9272727272727272,0.5,1.0,0.0,Medium,0
51,Male,IT,USA,0.5166666666666665,0.04,1.0,0.4181818181818181,0.5,0.0,0.0,Low,0
53,Female,Engineering,Other,0.1833333333333332,1.0,0.8,0.1454545454545454,0.0,0.0,0.3333333333333333,Low,0
64,Male,Education,USA,0.2333333333333334,0.3,0.0,0.0545454545454545,0.0,0.0,0.3333333333333333,Low,0
48,Non-binary,Other,Other,0.15,0.44,1.0,0.7818181818181817,0.0,0.6666666666666666,0.0,Medium,0
57,Prefer not to say,Healthcare,Other,0.8166666666666668,0.24,0.5,0.6727272727272727,0.0,1.0,0.0,Low,0
58,Non-binary,Sales,UK,0.45,0.6,0.2,0.0727272727272727,1.0,1.0,0.3333333333333333,High,2
44,Prefer not to say,Finance,Australia,0.5499999999999999,0.26,0.2,0.3090909090909091,0.0,0.3333333333333333,0.3333333333333333,Low,0
53,Male,Education,India,0.0499999999999999,0.7400000000000001,0.7000000000000001,0.7090909090909091,0.5,0.3333333333333333,0.3333333333333333,High,0
39,Non-binary,Finance,Germany,0.2333333333333334,0.08,0.8,0.1090909090909091,1.0,0.3333333333333333,0.0,Low,2
26,Non-binary,Sales,India,0.2666666666666666,0.5599999999999999,1.0,0.4545454545454545,0.0,0.3333333333333333,0.0,Low,0
41,Prefer not to say,IT,Germany,0.15,0.06,0.5,0.890909090909091,0.5,0.3333333333333333,1.0,High,1
59,Female,Other,Germany,0.5166666666666665,0.7800000000000001,0.4,0.2545454545454545,0.5,0.0,1.0,Medium,1
55,Prefer not to say,Healthcare,India,0.35,0.44,0.9,0.5636363636363636,0.0,0.3333333333333333,0.0,Low,0
33,Non-binary,Other,Other,0.9666666666666668,0.5599999999999999,0.7000000000000001,0.2181818181818181,0.5,0.0,0.0,Low,0
47,Female,IT,UK,0.7499999999999999,0.06,0.9,0.8,0.5,0.3333333333333333,0.3333333333333333,Low,0
42,Female,Finance,Canada,0.9499999999999998,0.5000000000000001,1.0,0.2,0.0,0.3333333333333333,0.0,Low,0
54,Non-binary,Education,Australia,0.0166666666666666,0.7000000000000001,0.5,0.1090909090909091,1.0,0.6666666666666666,0.6666666666666666,High,2
24,Non-binary,Finance,Canada,0.2999999999999999,0.0,0.7000000000000001,0.2545454545454545,0.0,0.6666666666666666,0.3333333333333333,Low,0
38,Female,IT,UK,0.6333333333333332,0.0,0.9,0.1636363636363636,0.0,1.0,0.3333333333333333,Low,0
51,Male,Other,UK,0.9833333333333332,0.7600000000000001,0.1,0.4909090909090909,1.0,0.3333333333333333,0.6666666666666666,High,2
36,Female,Sales,Canada,0.1333333333333333,0.84,0.1,0.4545454545454545,0.5,0.0,0.3333333333333333,High,0
63,Male,Finance,Australia,0.7666666666666665,0.38,0.3,0.2181818181818181,0.0,0.3333333333333333,0.3333333333333333,Low,0
64,Female,Finance,Australia,0.9666666666666668,0.2,0.0,0.5454545454545454,0.0,0.6666666666666666,0.6666666666666666,Medium,1
42,Male,Finance,USA,0.5166666666666665,0.66,0.2,0.1454545454545454,1.0,0.6666666666666666,0.6666666666666666,High,2
56,Prefer not to say,Education,Australia,0.65,0.94,0.2,0.4363636363636363,1.0,0.6666666666666666,1.0,High,2
47,Prefer not to say,IT,UK,0.8666666666666666,0.28,0.9,1.0,1.0,0.3333333333333333,1.0,Medium,2
40,Prefer not to say,Engineering,UK,0.25,0.38,0.9,0.7090909090909091,0.5,0.6666666666666666,0.3333333333333333,High,0
30,Female,Education,UK,0.7333333333333333,0.22,0.9,0.2,0.5,0.0,0.6666666666666666,Low,1
45,Non-binary,Engineering,Other,0.0499999999999999,0.7600000000000001,1.0,0.1454545454545454,1.0,0.3333333333333333,0.0,Medium,2
48,Prefer not to say,Healthcare,Australia,0.3166666666666667,0.5200000000000001,0.1,0.6727272727272727,0.5,1.0,0.6666666666666666,High,1
50,Female,Engineering,Canada,0.25,0.1,0.6000000000000001,0.2909090909090909,1.0,1.0,0.6666666666666666,High,2
34,Male,Other,Australia,0.1833333333333332,0.98,0.7000000000000001,0.5636363636363636,0.5,1.0,0.3333333333333333,High,0
56,Female,Other,Germany,0.0666666666666667,0.18,0.2,0.0727272727272727,0.0,0.6666666666666666,0.3333333333333333,Medium,0
58,Female,Education,UK,0.9333333333333332,0.38,0.6000000000000001,0.4909090909090909,0.0,0.0,0.6666666666666666,Low,1
24,Prefer not to say,Other,Germany,0.1333333333333333,0.58,0.9,0.8727272727272727,0.0,0.0,1.0,Medium,1
19,Male,Engineering,Germany,0.1666666666666666,0.94,0.1,0.2363636363636363,1.0,0.3333333333333333,0.3333333333333333,High,2
54,Female,Engineering,USA,0.5499999999999999,0.84,0.1,0.0,0.5,0.3333333333333333,1.0,High,1
29,Female,Engineering,USA,0.4666666666666667,0.24,0.3,0.7454545454545454,0.0,0.0,0.6666666666666666,Medium,1
47,Prefer not to say,Sales,Canada,0.5499999999999999,0.7600000000000001,0.3,0.890909090909091,1.0,0.0,1.0,High,2
49,Non-binary,Sales,UK,0.8666666666666666,0.12,0.9,0.1818181818181818,0.0,1.0,0.3333333333333333,Low,0
30,Non-binary,Finance,Other,0.45,0.86,0.0,0.8181818181818182,0.0,1.0,0.0,High,0
34,Prefer not to say,Healthcare,Canada,0.7833333333333331,0.9,0.4,0.9818181818181818,1.0,0.0,1.0,High,2
35,Female,IT,Other,0.85,0.96,0.9,0.3454545454545454,1.0,1.0,1.0,High,2
34,Non-binary,Other,Australia,0.2,0.7800000000000001,0.7000000000000001,0.4,1.0,0.0,0.0,Medium,2
46,Male,IT,Germany,0.4333333333333332,0.3,0.9,0.9090909090909092,0.0,0.3333333333333333,0.3333333333333333,Low,0
35,Prefer not to say,Engineering,USA,0.4666666666666667,0.94,0.6000000000000001,0.7636363636363637,0.0,1.0,1.0,High,1
65,Non-binary,Finance,Other,0.35,0.36,0.4,0.4363636363636363,1.0,0.6666666666666666,1.0,High,2
57,Prefer not to say,Education,India,0.4166666666666666,0.9,0.0,0.4727272727272728,0.0,0.6666666666666666,0.6666666666666666,High,1
61,Male,Education,Australia,0.0833333333333333,0.22,0.0,0.6545454545454544,0.0,0.0,0.0,Low,0
45,Male,Healthcare,UK,0.15,0.3400000000000001,0.2,0.7454545454545454,0.5,1.0,1.0,High,1
57,Female,Finance,India,0.0666666666666667,0.5000000000000001,0.5,0.4909090909090909,1.0,1.0,0.3333333333333333,High,2
49,Male,Education,Canada,0.2166666666666666,0.16,0.5,0.0545454545454545,1.0,0.0,0.6666666666666666,Medium,2
43,Prefer not to say,Healthcare,UK,0.0166666666666666,0.98,0.6000000000000001,0.1272727272727272,0.0,1.0,0.6666666666666666,High,1
43,Non-binary,Finance,Other,0.8166666666666668,0.7000000000000001,0.2,0.6363636363636364,1.0,0.6666666666666666,0.6666666666666666,High,2
41,Prefer not to say,IT,USA,0.7499999999999999,0.5200000000000001,1.0,0.7636363636363637,0.5,0.3333333333333333,0.6666666666666666,Medium,1
22,Male,Engineering,USA,0.45,0.4600000000000001,1.0,0.7454545454545454,0.0,0.6666666666666666,0.3333333333333333,Medium,0
55,Prefer not to say,IT,Other,0.4666666666666667,0.88,0.1,0.0363636363636363,1.0,1.0,0.3333333333333333,High,2
22,Female,Finance,India,0.65,0.36,0.1,0.9636363636363636,0.5,0.6666666666666666,0.0,High,0
50,Non-binary,Healthcare,India,0.1166666666666667,0.86,0.0,0.2363636363636363,1.0,1.0,0.3333333333333333,High,2
33,Female,Sales,Australia,0.8166666666666668,0.5400000000000001,0.3,0.9090909090909092,1.0,0.3333333333333333,1.0,High,2
37,Male,IT,Canada,0.25,0.5400000000000001,0.8,0.0909090909090909,1.0,1.0,1.0,High,2
40,Prefer not to say,IT,Australia,0.85,0.4,0.6000000000000001,0.8727272727272727,0.0,0.3333333333333333,0.0,Low,0
24,Male,Other,Germany,0.5499999999999999,0.98,0.4,0.4727272727272728,0.5,0.6666666666666666,0.6666666666666666,High,1
23,Non-binary,Other,Germany,0.0833333333333333,0.5200000000000001,1.0,0.0545454545454545,1.0,0.6666666666666666,1.0,High,2
26,Female,Other,USA,0.65,1.0,0.7000000000000001,0.9090909090909092,0.0,1.0,0.6666666666666666,High,1
20,Female,Education,Australia,0.2166666666666666,0.36,0.1,0.8,0.5,0.6666666666666666,0.6666666666666666,High,1
57,Female,Engineering,Other,0.2666666666666666,0.7600000000000001,0.6000000000000001,0.2181818181818181,0.0,1.0,0.0,Medium,0
25,Prefer not to say,Education,Australia,0.2333333333333334,0.24,0.4,0.8363636363636363,0.0,0.6666666666666666,1.0,High,1
34,Female,Other,Germany,0.45,0.5400000000000001,0.5,0.2,0.0,0.6666666666666666,0.0,Low,0
31,Female,Finance,Australia,0.9666666666666668,0.7000000000000001,1.0,0.6909090909090909,1.0,1.0,0.3333333333333333,High,2
63,Male,Engineering,USA,0.7166666666666667,0.4600000000000001,0.0,0.1090909090909091,0.0,0.6666666666666666,0.0,Low,0
51,Male,Sales,Other,0.3833333333333332,0.98,1.0,0.6363636363636364,0.0,0.0,0.0,Low,0
62,Non-binary,Other,Australia,0.2,0.32,0.5,0.6909090909090909,0.0,0.6666666666666666,0.0,Medium,0
21,Prefer not to say,Finance,Australia,0.7333333333333333,0.36,1.0,0.2,0.5,0.3333333333333333,0.6666666666666666,Low,1
47,Prefer not to say,Other,India,0.6666666666666666,0.16,0.9,0.3090909090909091,0.0,0.6666666666666666,0.6666666666666666,Low,1
54,Non-binary,Engineering,Other,0.7499999999999999,0.14,1.0,0.5818181818181818,0.0,0.3333333333333333,1.0,Low,1
59,Male,Sales,India,0.15,0.38,0.1,0.4727272727272728,1.0,0.6666666666666666,1.0,High,2
47,Prefer not to say,Sales,USA,0.1166666666666667,0.92,0.3,0.1272727272727272,1.0,1.0,0.6666666666666666,High,2
64,Prefer not to say,Education,Germany,0.6,0.86,0.6000000000000001,0.4363636363636363,0.0,0.0,0.6666666666666666,Medium,1
49,Prefer not to say,Other,UK,0.0166666666666666,0.9,0.9,0.0363636363636363,1.0,0.6666666666666666,0.3333333333333333,High,2
56,Male,Finance,Canada,0.2999999999999999,0.44,0.7000000000000001,0.2727272727272727,0.5,0.0,0.3333333333333333,Low,0
21,Female,Education,Germany,0.8166666666666668,0.38,0.0,0.4909090909090909,0.0,0.3333333333333333,0.0,Low,0
31,Non-binary,Education,India,0.4166666666666666,0.4600000000000001,0.1,0.0727272727272727,0.5,1.0,0.6666666666666666,High,1
40,Prefer not to say,Engineering,UK,0.4333333333333332,0.04,0.4,0.5454545454545454,0.0,0.0,1.0,Low,1
47,Prefer not to say,Sales,India,0.2333333333333334,0.26,0.1,0.3636363636363636,0.0,0.6666666666666666,0.6666666666666666,High,1
64,Non-binary,Education,Germany,0.1833333333333332,0.7600000000000001,0.0,0.2,0.0,0.6666666666666666,1.0,High,1
18,Prefer not to say,IT,Germany,0.6666666666666666,0.9,0.4,0.7454545454545454,1.0,0.0,0.0,Medium,2
61,Female,Finance,Germany,0.2999999999999999,0.7800000000000001,0.2,0.8363636363636363,0.0,0.3333333333333333,0.3333333333333333,High,0
41,Prefer not to say,Finance,Australia,0.2166666666666666,0.4,0.7000000000000001,0.5454545454545454,0.5,0.3333333333333333,0.3333333333333333,Medium,0
65,Female,IT,Other,0.2333333333333334,0.02,0.1,0.6181818181818182,0.0,1.0,0.0,Medium,0
54,Male,Sales,USA,0.4166666666666666,0.5200000000000001,0.2,0.9090909090909092,1.0,0.3333333333333333,0.0,High,2
22,Male,Engineering,Other,0.4833333333333333,0.88,0.5,0.8181818181818182,1.0,0.3333333333333333,1.0,High,2
37,Male,IT,UK,0.6999999999999998,0.42,0.8,0.2363636363636363,1.0,0.6666666666666666,0.6666666666666666,Medium,2
28,Male,Sales,India,0.9166666666666666,0.58,0.4,0.6727272727272727,1.0,0.3333333333333333,1.0,High,2
39,Female,Finance,Australia,0.8666666666666666,0.14,0.8,0.5818181818181818,1.0,0.0,0.6666666666666666,Low,2
46,Male,Engineering,India,0.4166666666666666,1.0,0.3,0.8181818181818182,1.0,0.3333333333333333,1.0,High,2
30,Prefer not to say,Education,UK,0.5833333333333334,0.1,0.3,0.9636363636363636,1.0,0.0,0.0,Medium,2
44,Non-binary,Education,Canada,0.1666666666666666,0.62,0.1,0.4545454545454545,1.0,0.0,0.3333333333333333,High,2
50,Male,Education,Other,0.8333333333333334,0.6,0.9,0.2727272727272727,0.5,0.3333333333333333,1.0,Low,1
52,Prefer not to say,Sales,India,0.7166666666666667,0.02,0.7000000000000001,0.2727272727272727,0.5,1.0,0.6666666666666666,Low,1
53,Prefer not to say,Other,Other,0.1166666666666667,0.86,0.2,0.1454545454545454,1.0,0.3333333333333333,0.0,High,2
20,Male,Engineering,Australia,0.4,0.5400000000000001,0.4,0.5818181818181818,0.5,1.0,1.0,High,1
22,Prefer not to say,Healthcare,Germany,0.4,0.84,0.9,0.8363636363636363,1.0,1.0,0.3333333333333333,High,2
44,Female,Finance,USA,0.3333333333333333,0.44,1.0,0.4363636363636363,0.5,0.0,0.0,Low,0
60,Female,Education,UK,0.8333333333333334,0.28,0.7000000000000001,0.7454545454545454,0.0,1.0,0.3333333333333333,Low,0
44,Male,Finance,Other,0.6166666666666666,0.92,0.2,0.9090909090909092,0.0,1.0,0.6666666666666666,High,1
46,Female,Finance,Other,0.8666666666666666,0.7800000000000001,0.7000000000000001,0.0909090909090909,0.5,0.0,0.6666666666666666,Low,1
64,Female,Engineering,India,0.0499999999999999,0.82,0.4,0.7818181818181817,1.0,1.0,0.0,High,2
65,Prefer not to say,Healthcare,India,0.1833333333333332,0.88,0.8,0.3818181818181818,0.0,0.6666666666666666,0.6666666666666666,High,1
44,Female,IT,Canada,0.35,0.5400000000000001,0.1,0.1454545454545454,1.0,1.0,0.3333333333333333,High,2
47,Prefer not to say,Sales,Other,0.4999999999999999,0.26,0.9,0.2181818181818181,0.5,0.6666666666666666,0.3333333333333333,Low,0
35,Non-binary,Education,UK,0.1666666666666666,0.7000000000000001,1.0,0.7454545454545454,0.5,0.6666666666666666,0.6666666666666666,High,1
54,Male,Engineering,India,0.9499999999999998,0.9,1.0,0.7272727272727273,1.0,0.6666666666666666,1.0,High,2
26,Male,Education,Australia,0.15,0.3400000000000001,0.5,0.6181818181818182,0.5,1.0,1.0,High,1
25,Prefer not to say,Education,Other,0.5333333333333333,0.06,0.2,0.6727272727272727,1.0,1.0,0.0,High,2
62,Prefer not to say,Healthcare,India,0.8666666666666666,0.02,1.0,0.0363636363636363,0.5,0.3333333333333333,0.0,Low,0
42,Male,Sales,India,0.4333333333333332,0.5400000000000001,0.7000000000000001,0.6363636363636364,0.5,0.3333333333333333,1.0,Medium,1
57,Prefer not to say,Finance,USA,0.35,0.4600000000000001,0.5,0.9818181818181818,1.0,0.6666666666666666,1.0,High,2
58,Prefer not to say,Other,UK,0.5166666666666665,0.4600000000000001,0.9,0.509090909090909,0.5,0.3333333333333333,0.0,Low,0
21,Non-binary,Healthcare,Germany,0.6833333333333332,0.28,0.8,0.6181818181818182,0.0,0.0,0.6666666666666666,Low,1
60,Prefer not to say,Engineering,Canada,0.8000000000000002,0.8000000000000002,0.9,0.3090909090909091,0.0,1.0,0.0,Low,0
30,Non-binary,Sales,India,0.7499999999999999,0.94,0.8,0.2727272727272727,1.0,0.6666666666666666,0.3333333333333333,Medium,2
37,Non-binary,Education,Canada,0.1833333333333332,0.5000000000000001,0.5,0.3454545454545454,0.0,1.0,0.0,Medium,0
35,Prefer not to say,IT,Australia,0.2833333333333333,0.9,0.0,0.6909090909090909,1.0,0.6666666666666666,1.0,High,2
21,Male,Finance,India,0.7666666666666665,1.0,0.2,0.7636363636363637,1.0,0.0,0.6666666666666666,High,2
25,Non-binary,Finance,Germany,0.9166666666666666,0.5599999999999999,0.8,0.5454545454545454,1.0,0.3333333333333333,0.6666666666666666,Medium,2
34,Prefer not to say,Other,Other,0.3333333333333333,0.22,0.8,0.1090909090909091,0.0,0.3333333333333333,0.6666666666666666,Low,1
30,Female,Engineering,Canada,0.6999999999999998,0.44,0.7000000000000001,0.7818181818181817,0.0,0.3333333333333333,0.3333333333333333,Low,0
49,Non-binary,Engineering,India,0.7499999999999999,0.28,1.0,0.4181818181818181,0.5,0.0,0.3333333333333333,Low,0
65,Male,Other,USA,0.4666666666666667,1.0,0.2,0.2909090909090909,1.0,1.0,0.0,High,2
19,Male,Engineering,Germany,0.7166666666666667,0.04,0.8,0.2363636363636363,1.0,0.0,0.0,Low,2
32,Non-binary,Finance,Canada,0.7166666666666667,0.5200000000000001,1.0,0.4909090909090909,1.0,0.3333333333333333,0.0,Low,2
27,Prefer not to say,Finance,Germany,0.8166666666666668,0.4,1.0,0.8727272727272727,0.5,1.0,0.3333333333333333,Medium,0
43,Non-binary,IT,USA,0.8333333333333334,1.0,0.1,0.0363636363636363,1.0,0.6666666666666666,0.6666666666666666,High,2
22,Female,Finance,Canada,0.7166666666666667,0.3,1.0,0.7272727272727273,0.0,0.0,0.6666666666666666,Low,1
43,Male,Sales,Canada,0.6666666666666666,0.62,0.2,0.9818181818181818,1.0,1.0,0.6666666666666666,High,2
36,Female,Education,Canada,0.6333333333333332,0.8000000000000002,0.3,0.5272727272727272,0.5,1.0,0.3333333333333333,High,0
60,Prefer not to say,IT,Canada,0.5333333333333333,0.18,0.8,0.6363636363636364,0.5,1.0,1.0,Medium,1
41,Non-binary,Other,UK,0.9666666666666668,0.5599999999999999,1.0,0.8727272727272727,1.0,1.0,0.6666666666666666,High,2
42,Male,Engineering,USA,0.9,0.4800000000000001,0.5,0.7818181818181817,1.0,0.6666666666666666,0.6666666666666666,High,2
48,Female,Finance,Australia,0.9,0.22,0.0,0.9272727272727272,0.0,0.0,0.0,Low,0
56,Female,Engineering,Canada,0.7666666666666665,0.3,1.0,0.9272727272727272,0.5,1.0,0.0,Low,0
47,Female,Other,Canada,0.35,0.86,0.1,0.4909090909090909,1.0,0.3333333333333333,1.0,High,2
45,Prefer not to say,IT,UK,0.3166666666666667,0.12,0.8,0.1272727272727272,0.0,0.3333333333333333,0.3333333333333333,Low,0
42,Non-binary,Engineering,Other,0.8666666666666666,0.38,0.7000000000000001,0.3090909090909091,1.0,0.3333333333333333,0.0,Low,2
47,Female,Education,Australia,0.1833333333333332,0.64,0.3,0.8181818181818182,1.0,1.0,0.0,High,2
49,Prefer not to say,Finance,UK,0.65,1.0,0.3,0.7090909090909091,0.0,1.0,0.3333333333333333,High,0
52,Prefer not to say,Healthcare,India,0.8333333333333334,0.3400000000000001,0.3,0.4363636363636363,0.5,0.6666666666666666,0.0,Medium,0
35,Male,IT,Australia,0.25,0.26,0.4,0.1454545454545454,1.0,0.6666666666666666,0.6666666666666666,High,2
49,Male,Engineering,UK,0.8333333333333334,0.92,0.8,0.1454545454545454,0.5,1.0,1.0,Medium,1
36,Non-binary,Other,UK,0.3333333333333333,0.22,0.1,0.1818181818181818,0.0,0.3333333333333333,0.0,Low,0
65,Female,IT,Australia,0.5499999999999999,0.3,0.7000000000000001,0.890909090909091,1.0,0.0,0.6666666666666666,Medium,2
51,Male,Sales,Canada,0.9,0.62,0.2,0.2909090909090909,0.5,0.0,0.0,Low,0
37,Non-binary,IT,India,0.4,0.62,0.0,0.2727272727272727,0.0,0.0,0.3333333333333333,Low,0
65,Non-binary,Healthcare,Germany,0.5666666666666668,0.6,0.3,0.2909090909090909,1.0,1.0,1.0,High,2
24,Male,Healthcare,India,0.6,0.96,0.6000000000000001,0.6,0.5,1.0,1.0,High,1
46,Female,Education,Other,0.4833333333333333,0.92,0.5,0.9818181818181818,0.5,0.3333333333333333,0.6666666666666666,High,1
51,Non-binary,Finance,Australia,0.4166666666666666,0.3400000000000001,0.1,0.3636363636363636,0.0,1.0,0.0,Medium,0
58,Male,Education,Germany,0.1166666666666667,0.7800000000000001,1.0,0.1090909090909091,0.5,0.6666666666666666,1.0,High,1
18,Non-binary,Sales,Germany,0.6666666666666666,0.92,0.2,0.0545454545454545,0.5,0.0,1.0,Medium,1
64,Prefer not to say,Finance,UK,0.6,0.42,0.4,0.1090909090909091,0.0,0.3333333333333333,0.0,Low,0
61,Male,Education,Other,0.6833333333333332,1.0,0.0,0.7272727272727273,0.5,0.3333333333333333,0.6666666666666666,High,1
31,Prefer not to say,Engineering,Other,0.5166666666666665,1.0,0.7000000000000001,0.6727272727272727,1.0,1.0,0.3333333333333333,High,2
41,Prefer not to say,Engineering,USA,0.3833333333333332,0.7200000000000001,0.5,0.8,0.0,0.0,0.3333333333333333,Medium,0
57,Male,Other,Germany,0.7333333333333333,0.06,0.8,0.7818181818181817,0.0,1.0,0.0,Low,0
50,Prefer not to say,Sales,Canada,0.5166666666666665,0.5400000000000001,1.0,0.4,0.5,0.6666666666666666,0.3333333333333333,Medium,0
52,Female,Healthcare,India,0.0999999999999999,0.7600000000000001,1.0,0.509090909090909,1.0,0.6666666666666666,0.0,High,2
61,Non-binary,Education,India,0.45,0.26,0.6000000000000001,0.4727272727272728,0.5,0.3333333333333333,0.0,Low,0
38,Prefer not to say,Healthcare,UK,0.5499999999999999,0.36,0.4,0.2727272727272727,1.0,0.6666666666666666,0.6666666666666666,High,2
31,Prefer not to say,IT,UK,0.6833333333333332,0.04,0.0,0.3272727272727272,0.5,0.0,0.0,Low,0
25,Prefer not to say,Finance,Germany,0.5666666666666668,0.7200000000000001,0.4,0.3818181818181818,0.5,1.0,0.3333333333333333,High,0
55,Male,Other,USA,0.9333333333333332,0.04,0.6000000000000001,0.3090909090909091,1.0,0.6666666666666666,0.6666666666666666,Medium,2
55,Male,Sales,UK,0.5333333333333333,0.94,0.4,0.9454545454545454,1.0,0.0,0.3333333333333333,High,2
43,Male,Engineering,Germany,0.0999999999999999,0.7400000000000001,0.1,0.6363636363636364,1.0,1.0,0.3333333333333333,High,2
26,Female,Other,Other,0.2333333333333334,0.4600000000000001,0.3,0.1636363636363636,1.0,1.0,0.3333333333333333,High,2
21,Female,Sales,USA,0.9666666666666668,0.7800000000000001,1.0,0.890909090909091,1.0,1.0,1.0,High,2
61,Female,Engineering,UK,0.0,0.3,0.7000000000000001,0.8181818181818182,0.0,0.3333333333333333,1.0,Medium,1
21,Female,Sales,Germany,0.85,0.42,0.6000000000000001,0.6727272727272727,0.0,0.6666666666666666,0.3333333333333333,Medium,0
61,Male,Healthcare,Canada,0.6666666666666666,0.68,0.3,0.890909090909091,0.0,0.3333333333333333,1.0,High,1
55,Non-binary,IT,India,0.6333333333333332,0.88,0.5,0.8727272727272727,0.0,0.6666666666666666,0.3333333333333333,High,0
62,Prefer not to say,IT,Other,0.7333333333333333,0.58,1.0,0.3818181818181818,0.5,1.0,1.0,Medium,1
53,Prefer not to say,Education,Australia,0.3166666666666667,0.7000000000000001,0.1,0.4181818181818181,0.0,0.0,1.0,High,1
60,Prefer not to say,Education,Germany,0.85,0.0,0.5,0.4,0.5,0.0,0.6666666666666666,Low,1
38,Non-binary,Other,India,0.4999999999999999,0.66,0.8,0.0727272727272727,1.0,1.0,0.6666666666666666,High,2
56,Non-binary,Other,UK,0.0999999999999999,0.36,0.4,0.9454545454545454,0.5,0.0,0.6666666666666666,High,1
33,Non-binary,Sales,USA,0.2666666666666666,0.7000000000000001,0.3,0.8363636363636363,0.0,0.3333333333333333,0.3333333333333333,High,0
37,Non-binary,Sales,Germany,0.1166666666666667,0.8000000000000002,0.1,0.6909090909090909,0.0,0.6666666666666666,0.3333333333333333,High,0
41,Prefer not to say,Education,USA,0.6999999999999998,0.02,0.7000000000000001,0.2727272727272727,1.0,0.3333333333333333,0.0,Low,2
37,Female,Healthcare,Germany,0.65,0.9,0.8,0.3454545454545454,0.0,0.3333333333333333,0.6666666666666666,Medium,1
51,Non-binary,IT,India,0.35,0.62,0.8,0.1636363636363636,0.5,0.6666666666666666,0.6666666666666666,Medium,1
24,Non-binary,Engineering,USA,0.9833333333333332,0.9,0.4,0.8363636363636363,0.0,0.6666666666666666,0.6666666666666666,High,1
18,Female,Education,USA,0.6833333333333332,0.64,0.7000000000000001,0.0909090909090909,0.0,0.3333333333333333,0.6666666666666666,Low,1
46,Male,Sales,USA,0.6,0.2,0.4,0.6363636363636364,0.0,0.6666666666666666,1.0,Medium,1
63,Female,Healthcare,Australia,0.1666666666666666,0.5599999999999999,0.6000000000000001,0.7090909090909091,0.0,0.0,0.3333333333333333,Medium,0
20,Male,Engineering,Canada,0.9833333333333332,0.12,0.8,0.8545454545454546,0.0,0.6666666666666666,0.0,Low,0
39,Male,Finance,Canada,0.7166666666666667,0.32,0.4,0.7818181818181817,0.0,1.0,0.0,Low,0
64,Male,IT,Other,0.3333333333333333,0.14,0.9,0.2181818181818181,0.5,0.0,0.0,Low,0
45,Male,Healthcare,UK,0.1333333333333333,0.1,0.1,0.4181818181818181,0.0,0.6666666666666666,1.0,High,1
53,Male,Education,USA,0.7166666666666667,0.7400000000000001,0.1,1.0,1.0,0.0,0.6666666666666666,High,2
54,Female,Other,Other,0.85,0.5599999999999999,0.4,0.0545454545454545,0.5,0.0,0.6666666666666666,Low,1
53,Female,Other,Other,0.65,0.7000000000000001,0.1,0.9454545454545454,0.5,0.6666666666666666,0.0,High,0
44,Female,Healthcare,UK,0.85,0.38,0.1,0.2363636363636363,1.0,0.0,1.0,Medium,2
19,Prefer not to say,Other,Other,0.5833333333333334,0.6,0.0,0.6181818181818182,1.0,1.0,0.0,High,2
48,Female,Engineering,Australia,0.85,0.64,0.5,0.9636363636363636,0.0,0.0,0.0,Low,0
51,Prefer not to say,Sales,USA,0.8666666666666666,0.7800000000000001,1.0,0.890909090909091,1.0,0.6666666666666666,0.3333333333333333,High,2
37,Prefer not to say,Education,UK,0.35,0.7400000000000001,0.7000000000000001,0.0909090909090909,0.0,0.0,1.0,Low,1
19,Female,Engineering,USA,0.4833333333333333,0.06,0.2,0.0545454545454545,0.5,0.3333333333333333,0.0,Low,0
64,Female,Sales,USA,0.0333333333333333,0.44,0.6000000000000001,0.7272727272727273,0.0,0.0,0.3333333333333333,Medium,0
63,Non-binary,Sales,India,0.3666666666666666,0.5200000000000001,0.4,0.4181818181818181,0.5,1.0,0.0,Medium,0
28,Male,Engineering,Other,0.1833333333333332,0.36,0.1,0.6545454545454544,1.0,0.3333333333333333,0.6666666666666666,High,2
21,Female,Education,India,0.7833333333333331,0.32,0.6000000000000001,0.8363636363636363,1.0,0.0,0.0,Low,2
24,Prefer not to say,Sales,Canada,0.3166666666666667,0.5599999999999999,0.4,0.9636363636363636,1.0,0.3333333333333333,0.6666666666666666,High,2
61,Prefer not to say,Other,India,0.0499999999999999,0.58,0.1,0.3636363636363636,1.0,0.0,0.6666666666666666,High,2
44,Non-binary,Other,Australia,0.5833333333333334,0.4600000000000001,0.7000000000000001,0.9636363636363636,0.5,0.0,0.0,Low,0
56,Female,Sales,India,0.2833333333333333,0.82,0.4,0.1090909090909091,1.0,0.0,0.0,Medium,2
21,Prefer not to say,Education,UK,0.8166666666666668,0.1,0.1,0.0909090909090909,0.0,0.3333333333333333,0.0,Low,0
18,Female,Healthcare,Germany,0.0833333333333333,0.14,0.2,0.9636363636363636,0.5,1.0,1.0,High,1
55,Male,Other,Canada,0.65,0.98,0.2,0.8545454545454546,0.0,0.6666666666666666,0.0,High,0
32,Male,Healthcare,Other,0.1833333333333332,0.36,0.8,0.4363636363636363,1.0,0.3333333333333333,1.0,High,2
43,Prefer not to say,Finance,UK,0.8166666666666668,0.94,1.0,0.7636363636363637,1.0,1.0,1.0,High,2
27,Prefer not to say,Education,Other,0.7666666666666665,0.82,0.6000000000000001,0.9636363636363636,1.0,0.0,0.0,Medium,2
60,Male,IT,UK,0.8666666666666666,0.38,0.5,0.9818181818181818,1.0,0.6666666666666666,0.3333333333333333,High,2
49,Female,IT,India,0.7833333333333331,0.66,0.6000000000000001,0.6727272727272727,1.0,1.0,0.6666666666666666,High,2
50,Non-binary,Engineering,Australia,0.45,0.4800000000000001,0.2,0.1818181818181818,1.0,0.3333333333333333,0.6666666666666666,High,2
31,Female,Healthcare,Other,0.5333333333333333,0.96,0.0,0.9090909090909092,1.0,1.0,0.0,High,2
27,Prefer not to say,Finance,Germany,0.6166666666666666,0.28,0.0,0.3636363636363636,1.0,1.0,0.3333333333333333,High,2
25,Prefer not to say,Other,Australia,0.6999999999999998,0.98,0.6000000000000001,0.0545454545454545,0.0,0.0,0.6666666666666666,Low,1
45,Male,Healthcare,USA,0.65,0.64,0.8,0.9818181818181818,0.5,0.6666666666666666,1.0,High,1
36,Female,Engineering,Canada,0.0333333333333333,0.3400000000000001,0.5,0.9636363636363636,0.5,0.0,0.6666666666666666,High,1
37,Non-binary,Sales,USA,0.0666666666666667,0.68,1.0,0.3818181818181818,1.0,1.0,0.3333333333333333,High,2
63,Prefer not to say,Other,India,0.9,0.26,0.5,0.1818181818181818,1.0,0.6666666666666666,0.6666666666666666,Medium,2
19,Male,Other,UK,0.2999999999999999,0.2,0.9,0.7454545454545454,0.5,1.0,0.6666666666666666,High,1
20,Male,Healthcare,UK,0.0166666666666666,0.18,0.9,0.2545454545454545,0.0,0.3333333333333333,0.3333333333333333,Low,0
48,Male,Sales,Australia,0.9,0.66,0.5,0.7090909090909091,1.0,1.0,0.0,High,2
52,Male,Healthcare,USA,0.8666666666666666,0.42,0.0,0.7272727272727273,0.0,0.0,1.0,Medium,1
30,Female,Education,India,0.1666666666666666,0.98,1.0,0.6181818181818182,1.0,0.3333333333333333,0.3333333333333333,High,2
64,Non-binary,Engineering,Australia,0.2999999999999999,0.3,0.8,0.4,1.0,0.6666666666666666,0.0,Medium,2
36,Female,IT,Other,0.5166666666666665,0.08,0.6000000000000001,0.4909090909090909,0.0,0.0,0.3333333333333333,Low,0
38,Male,Engineering,Other,0.8833333333333334,0.18,0.4,0.1636363636363636,0.0,1.0,0.3333333333333333,Low,0
47,Prefer not to say,Finance,India,0.7666666666666665,0.26,0.7000000000000001,0.5454545454545454,1.0,0.0,0.3333333333333333,Low,2
36,Male,Other,Other,0.5166666666666665,0.08,0.4,0.6545454545454544,0.0,1.0,0.0,Low,0
36,Male,Sales,Germany,0.3833333333333332,0.18,0.6000000000000001,0.1818181818181818,0.0,1.0,0.3333333333333333,Low,0
24,Prefer not to say,Finance,Canada,0.35,0.4800000000000001,0.7000000000000001,0.2,1.0,0.3333333333333333,1.0,Medium,2
49,Non-binary,Engineering,Germany,0.7666666666666665,0.24,0.6000000000000001,0.3272727272727272,0.5,0.3333333333333333,1.0,Low,1
43,Non-binary,Engineering,Canada,0.6833333333333332,0.62,0.3,0.3090909090909091,0.0,0.0,0.6666666666666666,Low,1
24,Prefer not to say,Engineering,Australia,0.2333333333333334,0.92,0.6000000000000001,0.7454545454545454,0.5,0.0,1.0,High,1
27,Prefer not to say,Engineering,USA,0.2999999999999999,0.3400000000000001,0.4,0.6,1.0,0.3333333333333333,0.6666666666666666,High,2
33,Non-binary,Finance,USA,1.0,0.66,0.7000000000000001,0.0909090909090909,0.0,1.0,0.0,Low,0
58,Non-binary,Healthcare,UK,0.5833333333333334,0.7800000000000001,1.0,0.0545454545454545,1.0,0.0,1.0,Medium,2
20,Male,Engineering,Germany,0.7666666666666665,0.7600000000000001,1.0,0.8727272727272727,1.0,0.6666666666666666,0.3333333333333333,High,2
47,Female,Sales,USA,0.3166666666666667,0.5200000000000001,0.2,0.890909090909091,0.5,1.0,1.0,High,1
23,Prefer not to say,Finance,India,0.5833333333333334,0.16,0.4,0.8727272727272727,0.5,0.0,0.6666666666666666,Medium,1
63,Male,IT,India,0.7166666666666667,0.6,0.7000000000000001,0.2363636363636363,1.0,0.3333333333333333,0.0,Low,2
35,Non-binary,Healthcare,Germany,0.1833333333333332,0.4600000000000001,0.5,0.4181818181818181,0.0,1.0,0.0,Medium,0
63,Prefer not to say,Sales,Other,0.2833333333333333,0.38,0.8,0.4,0.0,0.3333333333333333,0.0,Low,0
52,Male,Sales,Other,0.4,0.22,0.4,0.0363636363636363,1.0,0.6666666666666666,0.3333333333333333,Medium,2
60,Prefer not to say,Healthcare,Australia,0.2,0.9,0.5,0.509090909090909,1.0,0.6666666666666666,0.6666666666666666,High,2
36,Prefer not to say,Healthcare,Germany,0.0,0.58,0.4,0.7090909090909091,0.5,0.3333333333333333,0.3333333333333333,High,0
36,Prefer not to say,Engineering,Other,0.0666666666666667,0.1,0.3,0.6545454545454544,1.0,0.0,0.0,Medium,2
55,Prefer not to say,Other,Other,0.4666666666666667,0.7000000000000001,0.9,0.7272727272727273,1.0,0.6666666666666666,0.3333333333333333,High,2
49,Non-binary,Engineering,Germany,0.2666666666666666,1.0,1.0,0.1636363636363636,0.5,1.0,1.0,High,1
30,Non-binary,IT,Canada,0.2833333333333333,0.28,0.3,0.7636363636363637,1.0,1.0,1.0,High,2
45,Female,Healthcare,Other,0.2166666666666666,0.86,0.4,0.0909090909090909,0.0,1.0,0.0,Medium,0
48,Female,Education,Canada,0.6999999999999998,0.02,1.0,0.8545454545454546,0.0,0.3333333333333333,1.0,Low,1
33,Female,Engineering,USA,0.6,0.5000000000000001,0.1,0.8727272727272727,0.5,0.0,0.6666666666666666,High,1
42,Male,Engineering,Germany,0.5833333333333334,0.44,0.3,0.9454545454545454,0.0,0.6666666666666666,0.3333333333333333,High,0
39,Prefer not to say,Engineering,USA,0.6666666666666666,0.98,1.0,0.9636363636363636,0.0,0.3333333333333333,1.0,Medium,1
52,Non-binary,Sales,Australia,0.7666666666666665,0.3400000000000001,0.4,0.1636363636363636,0.5,0.3333333333333333,0.0,Low,0
37,Female,Finance,Other,0.5833333333333334,0.6,0.1,0.1272727272727272,1.0,0.6666666666666666,0.3333333333333333,High,2
47,Female,Healthcare,India,0.2999999999999999,0.2,0.3,0.2363636363636363,1.0,0.3333333333333333,1.0,High,2
29,Non-binary,Engineering,India,0.4,0.4,0.4,0.9272727272727272,0.0,0.0,0.6666666666666666,Medium,1
26,Prefer not to say,Education,USA,0.4666666666666667,1.0,0.3,0.1636363636363636,0.5,0.6666666666666666,1.0,High,1
43,Male,Other,Other,0.6833333333333332,0.8000000000000002,0.9,0.1818181818181818,0.5,0.6666666666666666,1.0,Medium,1
36,Prefer not to say,Healthcare,India,0.6833333333333332,0.5599999999999999,0.3,0.0909090909090909,0.0,0.6666666666666666,0.6666666666666666,Medium,1
24,Female,Finance,UK,0.2,0.28,0.9,0.6363636363636364,1.0,0.6666666666666666,0.0,Medium,2
52,Prefer not to say,Sales,Canada,0.3166666666666667,0.5200000000000001,0.0,0.1454545454545454,0.5,1.0,0.6666666666666666,High,1
36,Female,Healthcare,Other,0.9333333333333332,0.1,0.2,0.9454545454545454,0.5,0.0,0.6666666666666666,Medium,1
26,Prefer not to say,Other,UK,0.85,0.22,0.9,0.1636363636363636,0.5,0.0,1.0,Low,1
43,Prefer not to say,Other,USA,0.8000000000000002,0.42,0.3,0.6181818181818182,0.0,0.0,0.0,Low,0
19,Prefer not to say,Healthcare,Germany,0.5166666666666665,0.84,0.1,1.0,0.5,0.6666666666666666,1.0,High,1
30,Male,Other,UK,0.0666666666666667,0.5599999999999999,0.3,0.890909090909091,0.0,1.0,1.0,High,1
30,Prefer not to say,Healthcare,India,0.0666666666666667,0.62,0.6000000000000001,0.6545454545454544,0.5,0.6666666666666666,1.0,High,1
58,Prefer not to say,Healthcare,Australia,0.0666666666666667,0.98,0.4,0.4909090909090909,0.0,1.0,0.6666666666666666,High,1
30,Male,Other,USA,0.0666666666666667,0.5400000000000001,0.0,0.2181818181818181,0.5,0.6666666666666666,1.0,High,1
52,Prefer not to say,Education,Germany,0.0666666666666667,0.4,0.3,0.3090909090909091,0.5,1.0,0.6666666666666666,High,1
23,Non-binary,IT,Other,0.5166666666666665,0.7400000000000001,0.5,0.3272727272727272,0.5,1.0,1.0,High,1
27,Non-binary,Healthcare,Other,0.8666666666666666,0.7600000000000001,0.7000000000000001,0.1090909090909091,1.0,0.0,0.3333333333333333,Low,2
23,Male,Education,Other,0.4833333333333333,1.0,0.4,0.6363636363636364,1.0,0.0,1.0,High,2
25,Female,Healthcare,Canada,0.5499999999999999,0.7000000000000001,0.9,0.8545454545454546,0.0,1.0,0.0,Medium,0
24,Female,IT,India,0.7166666666666667,0.84,0.2,0.509090909090909,1.0,0.6666666666666666,0.6666666666666666,High,2
43,Female,Healthcare,India,0.45,0.24,0.6000000000000001,0.4,1.0,1.0,1.0,High,2
18,Non-binary,Sales,Germany,0.9333333333333332,0.18,0.2,0.1272727272727272,1.0,1.0,0.3333333333333333,Medium,2
59,Female,Finance,India,0.25,0.06,0.3,0.7454545454545454,1.0,0.6666666666666666,0.0,High,2
38,Non-binary,Other,UK,0.0499999999999999,0.9,0.3,0.9818181818181818,0.5,1.0,0.0,High,0
44,Prefer not to say,Other,India,0.6666666666666666,0.64,1.0,0.3818181818181818,0.0,0.6666666666666666,0.0,Low,0
25,Female,Engineering,Other,0.4999999999999999,0.7000000000000001,0.8,0.1272727272727272,0.0,0.6666666666666666,1.0,Medium,1
48,Prefer not to say,Engineering,India,0.0999999999999999,0.4600000000000001,0.0,0.4181818181818181,0.0,0.3333333333333333,1.0,High,1
61,Non-binary,IT,UK,0.0166666666666666,0.36,0.5,0.1454545454545454,0.0,0.0,0.0,Low,0
26,Female,Education,USA,0.8833333333333334,0.0,0.0,0.7272727272727273,0.0,0.6666666666666666,0.3333333333333333,Medium,0
39,Non-binary,Sales,Canada,0.45,0.12,0.9,0.7818181818181817,1.0,0.6666666666666666,0.6666666666666666,High,2
63,Prefer not to say,Engineering,Other,0.15,0.42,0.7000000000000001,0.4181818181818181,0.0,0.0,0.0,Low,0
56,Male,Education,USA,0.6333333333333332,0.44,0.5,0.9454545454545454,1.0,1.0,0.0,High,2
43,Prefer not to say,Other,Canada,0.6333333333333332,0.84,0.2,0.6363636363636364,1.0,1.0,0.0,High,2
40,Prefer not to say,Finance,Australia,0.3833333333333332,0.44,0.6000000000000001,0.3090909090909091,0.5,0.0,0.0,Low,0
56,Prefer not to say,Education,Other,0.6333333333333332,0.3400000000000001,0.8,0.8727272727272727,0.5,0.6666666666666666,1.0,High,1
39,Male,Education,Other,0.8166666666666668,0.5400000000000001,0.9,0.5272727272727272,0.0,0.3333333333333333,1.0,Low,1
38,Non-binary,Other,USA,0.6833333333333332,0.42,0.3,0.0727272727272727,0.0,0.3333333333333333,0.3333333333333333,Low,0
32,Female,Sales,Canada,0.0166666666666666,0.06,0.5,0.3818181818181818,0.0,0.3333333333333333,0.6666666666666666,Medium,1
61,Female,Finance,USA,0.2333333333333334,0.62,0.9,0.2545454545454545,0.0,1.0,1.0,Medium,1
63,Non-binary,Other,India,0.45,0.02,0.9,0.3090909090909091,0.0,0.0,0.3333333333333333,Low,0
29,Male,IT,Canada,0.6166666666666666,0.0,0.7000000000000001,0.9272727272727272,1.0,1.0,0.0,Medium,2
29,Male,Sales,India,0.2999999999999999,0.4,0.1,0.3090909090909091,0.0,1.0,1.0,High,1
39,Prefer not to say,Finance,Germany,0.3833333333333332,0.08,0.0,0.4545454545454545,0.0,0.6666666666666666,0.3333333333333333,Medium,0
55,Non-binary,Engineering,Australia,0.8166666666666668,0.5200000000000001,1.0,0.1090909090909091,0.0,0.6666666666666666,0.0,Low,0
29,Male,Finance,Other,1.0,0.5000000000000001,0.0,0.2181818181818181,1.0,0.6666666666666666,0.6666666666666666,High,2
59,Female,Healthcare,Australia,0.1333333333333333,0.82,0.7000000000000001,0.9818181818181818,0.5,0.0,0.6666666666666666,High,1
19,Female,Finance,Germany,0.65,0.32,0.2,0.5454545454545454,1.0,1.0,0.6666666666666666,High,2
43,Non-binary,Other,India,0.2333333333333334,0.3,0.2,0.6545454545454544,1.0,0.0,0.0,Medium,2
26,Prefer not to say,Education,USA,0.4999999999999999,0.06,0.2,0.3272727272727272,0.5,0.3333333333333333,1.0,Medium,1
62,Non-binary,Other,India,0.4833333333333333,0.0,0.4,0.2909090909090909,0.5,0.0,0.3333333333333333,Low,0
47,Female,IT,USA,0.6666666666666666,0.5599999999999999,0.5,0.9818181818181818,0.0,0.0,0.3333333333333333,Low,0
58,Non-binary,Finance,Canada,0.1666666666666666,0.24,0.1,0.890909090909091,1.0,0.6666666666666666,0.0,High,2
28,Female,Finance,Germany,0.85,0.86,0.4,0.6909090909090909,1.0,0.3333333333333333,0.3333333333333333,High,2
62,Prefer not to say,Engineering,USA,0.6833333333333332,0.92,0.3,0.1454545454545454,0.5,0.0,1.0,Medium,1
42,Male,Engineering,UK,0.3333333333333333,0.38,0.1,0.5454545454545454,1.0,0.0,0.0,Medium,2
32,Female,Healthcare,Canada,0.5333333333333333,0.36,0.8,0.2545454545454545,0.5,0.6666666666666666,0.0,Low,0
38,Non-binary,Other,India,0.3666666666666666,0.24,0.4,0.6181818181818182,0.0,0.6666666666666666,1.0,Medium,1
41,Non-binary,Finance,USA,0.2833333333333333,0.88,0.6000000000000001,0.7636363636363637,0.5,1.0,0.6666666666666666,High,1
58,Male,Sales,Germany,0.65,0.7600000000000001,0.1,0.0545454545454545,1.0,1.0,0.6666666666666666,High,2
31,Male,Healthcare,Canada,0.0666666666666667,0.44,0.5,0.0727272727272727,0.0,1.0,0.3333333333333333,Medium,0
43,Male,Healthcare,UK,0.9833333333333332,0.32,0.6000000000000001,0.2909090909090909,1.0,0.0,0.6666666666666666,Low,2
37,Prefer not to say,Healthcare,Australia,0.2666666666666666,0.5200000000000001,0.3,0.6363636363636364,1.0,1.0,0.0,High,2
65,Prefer not to say,Education,USA,0.6666666666666666,0.94,0.1,0.3090909090909091,0.0,0.3333333333333333,1.0,Medium,1
22,Male,Sales,UK,0.0333333333333333,0.7000000000000001,0.4,0.6363636363636364,0.5,1.0,1.0,High,1
36,Prefer not to say,Sales,USA,0.5333333333333333,0.5400000000000001,0.8,0.2181818181818181,1.0,0.3333333333333333,0.6666666666666666,Medium,2
36,Non-binary,Finance,Australia,0.2,0.22,0.3,0.7636363636363637,0.5,1.0,0.6666666666666666,High,1
40,Prefer not to say,Sales,USA,0.7166666666666667,0.96,0.6000000000000001,0.6909090909090909,1.0,0.0,0.0,Medium,2
62,Prefer not to say,Healthcare,Australia,0.4666666666666667,0.94,0.2,0.4181818181818181,0.0,0.6666666666666666,0.3333333333333333,High,0
32,Male,Engineering,Canada,0.9666666666666668,0.2,0.2,0.890909090909091,0.0,0.0,0.0,Low,0
59,Male,IT,USA,0.0166666666666666,0.7600000000000001,0.3,0.6,1.0,0.6666666666666666,0.3333333333333333,High,2
35,Female,Healthcare,USA,0.7499999999999999,0.5000000000000001,0.6000000000000001,0.8363636363636363,1.0,0.3333333333333333,0.0,Medium,2
22,Non-binary,Healthcare,Australia,0.9499999999999998,0.92,0.0,0.5636363636363636,0.5,0.0,0.3333333333333333,Medium,0
59,Male,Finance,UK,0.9666666666666668,0.68,1.0,0.4909090909090909,0.5,1.0,0.3333333333333333,Medium,0
44,Female,Finance,Other,0.1833333333333332,0.3400000000000001,1.0,0.6181818181818182,1.0,0.6666666666666666,1.0,High,2
37,Female,Finance,Canada,0.9333333333333332,0.4,0.9,0.0,1.0,0.3333333333333333,0.3333333333333333,Low,2
52,Female,Finance,Canada,0.1333333333333333,0.7800000000000001,0.4,1.0,0.5,0.3333333333333333,0.6666666666666666,High,1
51,Non-binary,Education,USA,0.8666666666666666,0.5000000000000001,0.0,0.7272727272727273,1.0,1.0,0.0,High,2
64,Non-binary,Education,Other,0.0499999999999999,0.0,0.7000000000000001,0.7636363636363637,1.0,0.6666666666666666,0.3333333333333333,High,2
42,Male,Healthcare,UK,0.9,0.0,0.6000000000000001,0.9454545454545454,1.0,0.0,1.0,Medium,2
65,Non-binary,Engineering,Australia,0.4833333333333333,0.5400000000000001,0.3,0.509090909090909,1.0,1.0,0.3333333333333333,High,2
39,Prefer not to say,Engineering,Canada,0.3833333333333332,0.62,1.0,0.6,0.5,0.6666666666666666,0.3333333333333333,Medium,0
42,Prefer not to say,Engineering,UK,0.35,0.22,0.7000000000000001,0.0,1.0,1.0,0.6666666666666666,Medium,2
20,Non-binary,Other,UK,0.4333333333333332,0.08,0.2,0.5454545454545454,1.0,0.6666666666666666,0.6666666666666666,High,2
50,Male,Education,Australia,0.0,0.92,0.4,0.8181818181818182,0.0,0.0,0.0,Medium,0
45,Non-binary,Education,Germany,0.0499999999999999,0.86,0.0,0.0363636363636363,0.5,0.6666666666666666,0.3333333333333333,High,0
36,Non-binary,Other,Germany,0.25,0.04,0.6000000000000001,0.4181818181818181,1.0,0.0,0.3333333333333333,Medium,2
25,Female,Sales,Australia,0.25,0.22,0.6000000000000001,0.9636363636363636,1.0,0.6666666666666666,0.6666666666666666,High,2
26,Male,Finance,Australia,0.5833333333333334,0.2,0.0,0.2,0.5,0.3333333333333333,0.6666666666666666,Medium,1
55,Prefer not to say,Engineering,Canada,0.8833333333333334,0.5400000000000001,0.7000000000000001,0.7636363636363637,1.0,1.0,0.6666666666666666,High,2
58,Male,Sales,Germany,0.5166666666666665,0.1,0.0,0.0,0.0,0.0,0.3333333333333333,Low,0
53,Female,Education,Canada,0.6333333333333332,0.84,0.5,0.1818181818181818,1.0,0.0,0.3333333333333333,Medium,2
31,Non-binary,IT,Canada,0.3333333333333333,0.38,0.5,0.9818181818181818,0.0,0.0,1.0,Medium,1
28,Non-binary,Sales,UK,1.0,0.12,0.0,0.6363636363636364,0.0,1.0,1.0,Medium,1
58,Non-binary,Healthcare,Other,0.25,0.18,0.8,0.8363636363636363,1.0,0.3333333333333333,1.0,High,2
21,Male,Education,USA,0.2999999999999999,0.7800000000000001,0.1,0.2363636363636363,0.5,0.3333333333333333,0.6666666666666666,High,1
27,Prefer not to say,Education,Canada,0.1666666666666666,0.14,0.9,0.3272727272727272,1.0,0.0,0.3333333333333333,Low,2
34,Non-binary,Sales,USA,0.8333333333333334,0.36,0.7000000000000001,0.8,0.5,0.6666666666666666,0.3333333333333333,Medium,0
29,Prefer not to say,Engineering,Germany,0.3833333333333332,0.7200000000000001,0.3,0.8181818181818182,0.0,1.0,0.3333333333333333,High,0
57,Prefer not to say,Sales,India,0.15,0.08,0.5,0.6727272727272727,0.5,1.0,1.0,High,1
44,Non-binary,IT,Canada,0.8666666666666666,0.5599999999999999,0.4,0.0727272727272727,0.5,0.0,0.0,Low,0
47,Male,IT,Canada,0.0499999999999999,1.0,0.0,0.2727272727272727,0.0,0.6666666666666666,0.3333333333333333,High,0
56,Male,Education,Australia,0.5166666666666665,0.42,0.1,0.9272727272727272,1.0,0.0,1.0,High,2
38,Non-binary,Sales,USA,0.4666666666666667,0.1,0.1,0.3454545454545454,0.5,0.0,0.6666666666666666,Medium,1
35,Prefer not to say,Engineering,Australia,0.2333333333333334,0.36,0.3,0.6,0.0,0.0,0.3333333333333333,Medium,0
57,Female,Healthcare,UK,0.8166666666666668,0.62,0.1,0.1636363636363636,0.0,1.0,0.0,Low,0
33,Male,Healthcare,USA,0.3666666666666666,0.5599999999999999,0.0,0.8727272727272727,0.5,0.3333333333333333,0.3333333333333333,High,0
63,Non-binary,IT,Australia,0.6666666666666666,0.82,0.2,0.6181818181818182,0.5,0.3333333333333333,0.0,Medium,0
61,Prefer not to say,Other,Other,0.0666666666666667,0.88,0.2,0.6,0.0,0.0,0.6666666666666666,High,1
38,Female,Finance,India,0.7333333333333333,0.0,0.2,0.8363636363636363,0.0,0.6666666666666666,0.3333333333333333,Medium,0
47,Prefer not to say,Engineering,Germany,0.2999999999999999,0.1,0.6000000000000001,0.5636363636363636,0.5,0.0,0.6666666666666666,Medium,1
51,Non-binary,Sales,India,0.0833333333333333,0.44,0.0,0.0363636363636363,0.5,0.6666666666666666,0.3333333333333333,High,0
59,Male,Education,Australia,0.5333333333333333,0.9,0.8,0.7090909090909091,0.0,0.6666666666666666,0.0,Medium,0
38,Non-binary,Education,India,0.0166666666666666,0.24,0.3,0.8363636363636363,0.5,1.0,0.6666666666666666,High,1
30,Female,IT,Australia,0.8833333333333334,0.4,0.7000000000000001,0.8727272727272727,1.0,0.6666666666666666,1.0,High,2
40,Non-binary,Other,Other,0.3833333333333332,0.82,0.1,0.3090909090909091,1.0,0.0,0.6666666666666666,High,2
48,Male,Sales,Canada,0.5166666666666665,0.28,0.1,0.9454545454545454,1.0,1.0,0.0,High,2
25,Prefer not to say,Healthcare,Canada,0.45,0.7800000000000001,0.0,0.4,0.5,1.0,1.0,High,1
54,Prefer not to say,Finance,India,0.2333333333333334,0.96,0.1,0.7090909090909091,0.0,1.0,0.6666666666666666,High,1
28,Non-binary,Other,Australia,0.8000000000000002,0.3400000000000001,0.3,0.0181818181818181,0.0,0.0,0.3333333333333333,Low,0
21,Male,Sales,Germany,0.9833333333333332,0.82,0.2,0.8,0.5,0.3333333333333333,0.6666666666666666,High,1
60,Prefer not to say,IT,Canada,0.8333333333333334,0.62,0.4,0.8181818181818182,0.5,1.0,0.6666666666666666,High,1
60,Non-binary,Other,India,0.15,0.4600000000000001,0.3,0.6,1.0,0.0,0.6666666666666666,High,2
63,Male,IT,USA,0.85,0.24,0.8,0.2363636363636363,0.0,0.0,0.0,Low,0
50,Male,Other,Germany,0.9499999999999998,0.7800000000000001,0.9,0.7272727272727273,0.5,1.0,1.0,High,1
62,Prefer not to say,Finance,Germany,0.0499999999999999,0.64,0.4,0.5636363636363636,1.0,1.0,0.3333333333333333,High,2
62,Non-binary,Education,India,0.7166666666666667,0.06,0.6000000000000001,0.8727272727272727,0.5,0.6666666666666666,0.3333333333333333,Medium,0
64,Male,Finance,Other,0.9166666666666666,0.22,0.2,0.6909090909090909,0.0,1.0,0.3333333333333333,Medium,0
36,Non-binary,Engineering,Australia,0.0333333333333333,0.2,0.0,0.7090909090909091,0.0,0.3333333333333333,0.0,Medium,0
35,Non-binary,Engineering,India,0.3166666666666667,0.14,0.4,0.1090909090909091,0.5,0.3333333333333333,0.0,Low,0
20,Non-binary,IT,Germany,0.2,0.5000000000000001,0.4,0.4727272727272728,0.0,0.0,0.0,Low,0
64,Non-binary,IT,USA,0.2999999999999999,0.64,0.9,0.1272727272727272,1.0,1.0,0.0,Medium,2
30,Prefer not to say,Sales,Other,0.35,0.5400000000000001,0.8,0.8181818181818182,0.0,0.3333333333333333,0.6666666666666666,Medium,1
28,Non-binary,Engineering,USA,0.8166666666666668,0.24,0.1,0.6181818181818182,1.0,0.0,1.0,Medium,2
52,Male,Healthcare,USA,0.6166666666666666,0.5400000000000001,0.5,0.9818181818181818,0.0,0.0,1.0,Medium,1
27,Male,Sales,UK,0.2333333333333334,0.26,1.0,0.2,0.5,0.0,1.0,Low,1
52,Prefer not to say,IT,India,0.3833333333333332,0.22,0.3,0.6363636363636364,1.0,0.3333333333333333,1.0,High,2
57,Non-binary,Education,Other,0.7666666666666665,0.64,0.6000000000000001,0.9090909090909092,0.5,0.0,0.6666666666666666,Medium,1
38,Female,Finance,Germany,0.2,0.7200000000000001,1.0,0.6181818181818182,0.5,1.0,0.3333333333333333,High,0
39,Male,Healthcare,Australia,0.9666666666666668,0.24,0.8,0.4181818181818181,1.0,0.6666666666666666,0.0,Low,2
47,Non-binary,Finance,Canada,0.6166666666666666,0.7600000000000001,0.0,0.0727272727272727,0.5,0.6666666666666666,0.3333333333333333,High,0
53,Male,Sales,India,0.3333333333333333,0.4600000000000001,0.6000000000000001,0.7272727272727273,1.0,0.6666666666666666,0.0,High,2
42,Female,Engineering,UK,0.2,0.5000000000000001,0.5,0.0727272727272727,0.0,0.0,0.0,Low,0
25,Female,Education,USA,0.5833333333333334,0.62,0.5,0.1090909090909091,1.0,0.0,0.0,Low,2
42,Female,Sales,Other,0.2833333333333333,0.2,0.4,0.6545454545454544,1.0,0.6666666666666666,0.3333333333333333,High,2
37,Non-binary,IT,Germany,0.1166666666666667,0.22,0.8,0.4363636363636363,0.0,1.0,0.6666666666666666,Medium,1
18,Male,Healthcare,UK,0.2333333333333334,0.8000000000000002,0.6000000000000001,0.509090909090909,1.0,0.0,0.3333333333333333,High,2
27,Male,IT,Other,0.6333333333333332,0.22,0.2,0.6,0.5,0.0,0.6666666666666666,Medium,1
46,Male,Engineering,Canada,0.2333333333333334,0.82,0.9,0.890909090909091,0.0,1.0,1.0,High,1
43,Non-binary,Other,Australia,0.45,0.32,1.0,0.890909090909091,0.5,0.3333333333333333,1.0,Medium,1
20,Male,Other,USA,0.2333333333333334,0.3400000000000001,0.8,0.1272727272727272,1.0,1.0,1.0,High,2
55,Male,IT,Canada,0.0833333333333333,0.06,0.6000000000000001,0.9818181818181818,0.5,0.6666666666666666,0.3333333333333333,High,0
62,Non-binary,Engineering,Other,0.4333333333333332,0.5400000000000001,0.5,0.3272727272727272,1.0,0.6666666666666666,1.0,High,2
34,Non-binary,Other,India,0.0499999999999999,0.4600000000000001,0.1,0.9090909090909092,0.5,0.0,1.0,High,1
29,Prefer not to say,Sales,Canada,1.0,0.96,0.2,0.6545454545454544,1.0,1.0,0.3333333333333333,High,2
63,Non-binary,Education,Australia,0.8666666666666666,0.5000000000000001,0.8,0.1272727272727272,0.5,1.0,0.3333333333333333,Low,0
27,Non-binary,Engineering,Canada,0.9833333333333332,0.4600000000000001,1.0,0.2727272727272727,0.5,0.3333333333333333,0.6666666666666666,Low,1
62,Male,IT,USA,0.7666666666666665,0.14,0.8,0.7636363636363637,0.5,0.0,1.0,Low,1
50,Female,Healthcare,UK,0.9833333333333332,0.16,0.1,0.6181818181818182,0.0,0.3333333333333333,0.3333333333333333,Low,0
59,Male,Sales,Other,0.9666666666666668,0.04,0.4,0.509090909090909,0.0,0.3333333333333333,1.0,Low,1
42,Male,Other,USA,0.9333333333333332,0.02,1.0,0.0727272727272727,0.0,0.6666666666666666,0.0,Low,0
42,Prefer not to say,Engineering,UK,0.8833333333333334,0.06,0.6000000000000001,0.7636363636363637,1.0,0.6666666666666666,0.0,Medium,2
23,Female,IT,Australia,0.2166666666666666,0.94,0.1,0.2727272727272727,1.0,0.6666666666666666,0.3333333333333333,High,2
48,Male,Finance,Germany,0.6166666666666666,0.36,1.0,0.1818181818181818,0.0,0.0,0.6666666666666666,Low,1
58,Non-binary,Finance,USA,0.7833333333333331,0.44,0.4,0.0727272727272727,0.0,0.0,0.6666666666666666,Low,1
38,Prefer not to say,Healthcare,India,0.3333333333333333,0.96,0.2,0.8181818181818182,0.5,1.0,1.0,High,1
36,Prefer not to say,IT,Canada,0.2999999999999999,0.44,0.0,0.2909090909090909,1.0,0.6666666666666666,0.0,High,2
49,Prefer not to say,Sales,USA,0.2833333333333333,0.98,0.7000000000000001,0.5636363636363636,1.0,1.0,0.3333333333333333,High,2
54,Female,IT,India,0.6,0.58,0.6000000000000001,0.4909090909090909,0.0,0.6666666666666666,0.3333333333333333,Medium,0
52,Female,Sales,UK,0.5833333333333334,0.38,0.5,0.4909090909090909,1.0,0.6666666666666666,0.6666666666666666,High,2
64,Non-binary,Healthcare,USA,0.8833333333333334,0.86,0.9,0.2363636363636363,0.5,0.0,1.0,Low,1
25,Non-binary,Engineering,USA,0.4999999999999999,0.24,0.8,0.3636363636363636,0.5,0.6666666666666666,0.6666666666666666,Medium,1
26,Non-binary,Education,Other,0.4,0.02,0.0,0.2363636363636363,0.0,0.0,0.3333333333333333,Low,0
24,Prefer not to say,Engineering,India,0.6166666666666666,0.8000000000000002,1.0,0.6909090909090909,0.0,0.6666666666666666,0.0,Medium,0
40,Prefer not to say,Education,USA,0.5666666666666668,0.08,0.4,0.0909090909090909,0.0,0.0,0.0,Low,0
44,Male,Engineering,UK,0.15,0.28,0.1,0.5272727272727272,1.0,1.0,1.0,High,2
55,Prefer not to say,Finance,India,0.1333333333333333,0.88,0.6000000000000001,0.8545454545454546,0.0,0.6666666666666666,1.0,High,1
21,Male,Education,UK,0.9333333333333332,0.44,0.9,0.4727272727272728,0.5,0.0,0.3333333333333333,Low,0
26,Male,Sales,Canada,0.2999999999999999,0.5599999999999999,0.9,0.509090909090909,1.0,1.0,1.0,High,2
24,Non-binary,Education,India,0.6,0.7600000000000001,0.5,0.2181818181818181,1.0,1.0,0.3333333333333333,High,2
50,Male,IT,Australia,0.4999999999999999,0.88,0.6000000000000001,0.2909090909090909,1.0,1.0,1.0,High,2
37,Male,Engineering,Germany,0.0499999999999999,0.18,0.5,0.3272727272727272,1.0,0.6666666666666666,0.6666666666666666,High,2
56,Male,Other,Australia,1.0,0.36,0.9,0.0363636363636363,1.0,0.3333333333333333,0.3333333333333333,Low,2
65,Male,Engineering,Other,0.9833333333333332,0.32,0.0,0.1090909090909091,0.5,0.0,0.6666666666666666,Low,1
19,Prefer not to say,IT,USA,0.1333333333333333,0.94,0.7000000000000001,0.5272727272727272,1.0,0.0,0.0,Medium,2
64,Non-binary,Education,Australia,0.8833333333333334,0.68,0.2,0.8545454545454546,1.0,0.6666666666666666,0.6666666666666666,High,2
31,Female,Engineering,Australia,0.8666666666666666,0.6,0.1,0.4545454545454545,0.5,0.6666666666666666,0.6666666666666666,High,1
60,Non-binary,Education,USA,0.8333333333333334,0.4800000000000001,1.0,0.0,0.5,0.3333333333333333,0.3333333333333333,Low,0
45,Non-binary,Finance,Germany,0.3666666666666666,0.04,0.0,0.4,1.0,0.6666666666666666,0.3333333333333333,High,2
63,Male,Education,Canada,0.6166666666666666,0.68,0.3,0.5636363636363636,1.0,1.0,0.3333333333333333,High,2
31,Non-binary,Engineering,USA,0.0666666666666667,0.96,0.3,0.5272727272727272,0.0,1.0,0.3333333333333333,High,0
38,Prefer not to say,IT,UK,0.5333333333333333,0.5000000000000001,0.2,0.4909090909090909,1.0,0.0,0.0,Medium,2
58,Female,Engineering,India,0.1666666666666666,0.84,0.0,0.9636363636363636,1.0,0.3333333333333333,0.0,High,2
29,Prefer not to say,Education,USA,0.4666666666666667,0.92,0.6000000000000001,0.7818181818181817,0.0,0.6666666666666666,1.0,High,1
34,Non-binary,Sales,Australia,0.8166666666666668,0.68,0.0,0.0727272727272727,0.5,0.0,0.0,Low,0
20,Male,Sales,Other,0.4333333333333332,0.64,0.9,0.8363636363636363,1.0,0.3333333333333333,0.0,Medium,2
22,Male,Finance,USA,0.0,0.98,0.2,0.5454545454545454,0.5,1.0,1.0,High,1
56,Female,Education,India,0.0166666666666666,0.06,0.3,0.890909090909091,0.5,1.0,0.6666666666666666,High,1
46,Prefer not to say,IT,USA,0.5166666666666665,0.58,0.0,0.6,1.0,1.0,0.3333333333333333,High,2
37,Female,IT,Australia,0.0666666666666667,0.64,1.0,0.3090909090909091,0.0,0.0,0.3333333333333333,Low,0
26,Non-binary,Finance,India,0.6833333333333332,0.22,0.1,0.4181818181818181,1.0,1.0,0.6666666666666666,High,2
54,Prefer not to say,Healthcare,USA,0.0333333333333333,0.9,1.0,0.7090909090909091,0.5,0.3333333333333333,0.3333333333333333,High,0
42,Male,Healthcare,UK,0.65,0.88,1.0,0.7818181818181817,0.5,0.3333333333333333,1.0,High,1
44,Non-binary,Education,UK,0.2333333333333334,0.16,0.3,0.8181818181818182,0.0,0.0,0.3333333333333333,Medium,0
25,Female,Sales,Australia,0.8833333333333334,0.84,0.4,0.5818181818181818,0.0,1.0,0.3333333333333333,Medium,0
24,Male,Finance,Australia,0.7333333333333333,0.68,0.0,0.7090909090909091,0.0,0.3333333333333333,0.6666666666666666,High,1
19,Female,Education,Germany,0.7333333333333333,0.18,0.9,0.6181818181818182,1.0,0.6666666666666666,0.6666666666666666,Medium,2
24,Male,Other,UK,0.3666666666666666,0.28,0.7000000000000001,0.2,0.5,1.0,0.3333333333333333,Low,0
62,Non-binary,Engineering,UK,0.7666666666666665,0.08,1.0,0.7454545454545454,0.5,0.6666666666666666,0.6666666666666666,Medium,1
57,Non-binary,Sales,Australia,0.5333333333333333,0.04,0.9,0.0,0.0,0.3333333333333333,1.0,Low,1
23,Prefer not to say,IT,India,0.8833333333333334,0.7200000000000001,0.5,0.5454545454545454,0.5,1.0,0.0,Medium,0
43,Prefer not to say,Education,India,0.0833333333333333,0.58,0.0,0.9818181818181818,0.5,0.3333333333333333,0.6666666666666666,High,1
30,Female,Finance,Canada,0.6166666666666666,0.68,0.1,0.5636363636363636,0.0,0.0,0.3333333333333333,Medium,0
40,Female,Finance,Germany,0.9499999999999998,0.4600000000000001,0.8,0.6363636363636364,1.0,0.0,0.0,Low,2
24,Prefer not to say,Education,Australia,0.35,0.02,0.5,0.890909090909091,0.5,0.0,0.6666666666666666,Medium,1
58,Non-binary,Education,UK,0.45,0.7200000000000001,0.8,0.0363636363636363,1.0,0.0,0.6666666666666666,Medium,2
34,Female,IT,Australia,0.5166666666666665,0.68,0.9,0.4363636363636363,0.5,0.0,0.6666666666666666,Medium,1
26,Non-binary,Engineering,Other,0.1833333333333332,0.9,0.2,0.2545454545454545,1.0,0.0,1.0,High,2
40,Prefer not to say,IT,Germany,0.2166666666666666,0.4,0.9,0.6363636363636364,0.5,0.0,0.6666666666666666,Medium,1
64,Female,Finance,Other,0.9,0.84,0.3,0.8181818181818182,1.0,0.6666666666666666,0.6666666666666666,High,2
58,Female,IT,UK,0.4999999999999999,0.5200000000000001,0.6000000000000001,0.7454545454545454,0.0,1.0,0.6666666666666666,High,1
38,Female,Healthcare,Australia,0.0333333333333333,0.92,0.6000000000000001,0.9636363636363636,0.5,0.3333333333333333,0.0,High,0
24,Prefer not to say,IT,USA,0.7833333333333331,0.98,0.0,0.5818181818181818,1.0,0.6666666666666666,0.0,High,2
54,Male,IT,Germany,0.6999999999999998,0.18,0.8,0.0545454545454545,1.0,0.3333333333333333,1.0,Low,2
26,Prefer not to say,Finance,India,0.0499999999999999,0.8000000000000002,0.8,0.9636363636363636,0.0,1.0,1.0,High,1
39,Prefer not to say,Finance,Australia,0.2999999999999999,0.5599999999999999,0.7000000000000001,0.8545454545454546,1.0,0.0,1.0,High,2
59,Female,IT,India,0.4,0.7800000000000001,0.7000000000000001,0.8181818181818182,0.5,0.3333333333333333,0.6666666666666666,High,1
59,Male,Education,Canada,0.7666666666666665,0.06,0.1,0.8,1.0,1.0,0.3333333333333333,High,2
34,Female,Sales,Germany,0.5833333333333334,0.8000000000000002,0.1,0.509090909090909,1.0,0.0,0.6666666666666666,High,2
22,Prefer not to say,Sales,Australia,0.4333333333333332,0.2,0.2,0.5818181818181818,0.5,1.0,0.6666666666666666,High,1
37,Female,Sales,UK,0.2166666666666666,0.66,0.8,0.9636363636363636,1.0,0.6666666666666666,0.6666666666666666,High,2
59,Male,Education,USA,0.9499999999999998,0.58,0.1,0.1272727272727272,1.0,0.6666666666666666,0.0,Medium,2
55,Female,Finance,Other,0.9,0.64,0.3,0.0363636363636363,0.5,0.3333333333333333,0.6666666666666666,Medium,1
41,Prefer not to say,Engineering,USA,0.6666666666666666,0.42,0.9,0.0727272727272727,0.5,1.0,0.3333333333333333,Low,0
56,Prefer not to say,Finance,USA,0.0666666666666667,0.64,0.2,0.0909090909090909,0.0,0.6666666666666666,0.0,Medium,0
43,Male,Education,UK,0.9,0.9,0.7000000000000001,0.2545454545454545,0.0,1.0,0.3333333333333333,Low,0
32,Male,Finance,UK,0.8000000000000002,0.6,0.1,0.9636363636363636,0.5,0.3333333333333333,1.0,High,1
30,Non-binary,Other,Australia,0.6,0.08,0.0,0.1272727272727272,1.0,0.6666666666666666,0.6666666666666666,High,2
30,Prefer not to say,Sales,Australia,0.0666666666666667,0.5000000000000001,0.7000000000000001,0.1090909090909091,1.0,1.0,0.0,Medium,2
19,Non-binary,Education,UK,0.6833333333333332,0.96,0.5,0.4363636363636363,0.5,0.0,1.0,Medium,1
30,Male,IT,Germany,0.2999999999999999,0.02,0.8,0.6363636363636364,0.5,0.3333333333333333,0.0,Low,0
28,Female,Sales,Canada,0.0333333333333333,0.42,0.4,0.6363636363636364,1.0,0.0,0.0,Medium,2
64,Prefer not to say,IT,UK,0.1166666666666667,0.14,0.2,0.4,0.0,0.6666666666666666,1.0,High,1
34,Non-binary,Other,USA,0.7333333333333333,0.0,0.1,0.4545454545454545,0.0,0.0,0.0,Low,0
34,Male,Sales,Canada,0.2999999999999999,0.88,0.4,0.3272727272727272,1.0,1.0,0.6666666666666666,High,2
52,Non-binary,Sales,UK,0.85,0.28,1.0,0.6545454545454544,0.0,1.0,0.0,Low,0
23,Non-binary,Finance,India,0.9666666666666668,0.36,0.6000000000000001,0.7272727272727273,0.5,1.0,0.0,Medium,0
30,Female,Education,Australia,0.0499999999999999,0.4800000000000001,0.1,0.9454545454545454,0.5,0.3333333333333333,0.0,High,0
58,Prefer not to say,IT,USA,0.9166666666666666,0.68,0.0,0.4181818181818181,0.5,0.3333333333333333,0.6666666666666666,High,1
44,Male,Education,India,0.4666666666666667,0.8000000000000002,0.6000000000000001,0.1454545454545454,0.5,0.3333333333333333,0.3333333333333333,Medium,0
27,Non-binary,IT,Canada,0.0833333333333333,0.58,0.3,0.8,0.5,1.0,0.6666666666666666,High,1
45,Non-binary,Healthcare,UK,0.8000000000000002,0.6,0.4,0.0545454545454545,0.5,1.0,1.0,Medium,1
39,Male,Engineering,UK,0.2833333333333333,0.5200000000000001,0.3,0.7636363636363637,1.0,0.0,1.0,High,2
36,Prefer not to say,Sales,Other,0.65,0.7800000000000001,0.0,0.2727272727272727,0.5,1.0,1.0,High,1
28,Non-binary,Finance,Australia,0.65,0.4,0.4,0.7090909090909091,0.0,1.0,0.0,Medium,0
31,Non-binary,Other,Canada,0.3833333333333332,0.02,0.2,0.6727272727272727,0.0,0.6666666666666666,0.6666666666666666,High,1
28,Non-binary,IT,India,0.6333333333333332,0.7800000000000001,0.4,0.7818181818181817,0.0,0.6666666666666666,1.0,High,1
61,Female,Finance,Germany,0.35,0.9,0.1,0.6181818181818182,1.0,1.0,0.3333333333333333,High,2
57,Non-binary,Sales,Australia,0.7333333333333333,0.7600000000000001,0.2,0.8,0.0,0.6666666666666666,1.0,High,1
30,Prefer not to say,Healthcare,UK,0.6999999999999998,0.7000000000000001,0.0,0.9090909090909092,1.0,1.0,1.0,High,2
59,Female,Education,USA,0.1666666666666666,0.66,0.3,0.7818181818181817,0.5,0.6666666666666666,0.3333333333333333,High,0
42,Non-binary,Education,USA,0.4166666666666666,0.1,0.0,0.8727272727272727,0.5,0.3333333333333333,0.6666666666666666,High,1
20,Prefer not to say,IT,Other,0.4999999999999999,0.62,0.4,0.6727272727272727,0.0,0.0,0.6666666666666666,Medium,1
54,Male,IT,Australia,0.85,0.12,0.2,0.5636363636363636,0.5,1.0,0.3333333333333333,Medium,0
47,Male,Sales,Canada,0.7499999999999999,0.44,1.0,0.1272727272727272,0.5,0.0,1.0,Low,1
60,Female,Engineering,Canada,0.3833333333333332,0.38,0.6000000000000001,0.5272727272727272,0.0,0.6666666666666666,0.3333333333333333,Medium,0
24,Non-binary,Finance,UK,0.3333333333333333,0.3,0.9,0.0363636363636363,0.0,0.0,0.3333333333333333,Low,0
18,Female,IT,India,0.4333333333333332,0.7600000000000001,0.8,0.8727272727272727,0.5,0.6666666666666666,0.6666666666666666,High,1
43,Male,Sales,Other,0.2333333333333334,0.96,1.0,0.5272727272727272,0.5,1.0,0.6666666666666666,High,1
56,Male,Finance,India,0.3666666666666666,0.82,0.6000000000000001,0.4545454545454545,1.0,1.0,1.0,High,2
25,Male,Healthcare,USA,0.35,0.38,0.6000000000000001,0.2181818181818181,0.5,0.3333333333333333,1.0,Medium,1
48,Male,Finance,Other,0.5833333333333334,0.98,0.7000000000000001,0.0909090909090909,1.0,0.6666666666666666,0.0,Medium,2
49,Non-binary,Education,Australia,0.7666666666666665,0.7000000000000001,0.1,0.3818181818181818,0.5,1.0,1.0,High,1
20,Male,Engineering,USA,0.8333333333333334,0.84,0.7000000000000001,0.3636363636363636,0.5,0.0,0.0,Low,0
64,Prefer not to say,Sales,Germany,0.4666666666666667,0.82,0.8,0.6545454545454544,0.5,0.6666666666666666,0.6666666666666666,High,1
61,Prefer not to say,Other,Canada,0.4333333333333332,0.3,0.3,0.3454545454545454,0.0,0.0,0.0,Low,0
32,Male,Education,UK,0.3666666666666666,0.02,1.0,0.6181818181818182,0.5,1.0,0.6666666666666666,Medium,1
18,Non-binary,Finance,Other,0.3333333333333333,0.1,0.1,0.7454545454545454,1.0,0.3333333333333333,0.3333333333333333,High,2
59,Female,Sales,India,0.8166666666666668,0.6,0.2,0.7090909090909091,1.0,0.6666666666666666,0.3333333333333333,High,2
41,Female,Finance,India,0.45,0.7600000000000001,0.3,0.8545454545454546,1.0,0.6666666666666666,0.6666666666666666,High,2
24,Female,Other,UK,0.3666666666666666,0.7400000000000001,0.6000000000000001,0.2,0.0,0.6666666666666666,0.3333333333333333,Medium,0
36,Male,Sales,USA,0.5499999999999999,0.64,0.9,0.3454545454545454,0.0,0.6666666666666666,0.0,Low,0
60,Non-binary,Sales,USA,0.8000000000000002,0.5200000000000001,0.9,0.0363636363636363,1.0,0.0,1.0,Low,2
60,Prefer not to say,Other,UK,0.4999999999999999,0.0,1.0,0.0363636363636363,1.0,0.0,0.0,Low,2
44,Female,Other,India,0.9666666666666668,0.68,0.5,0.6727272727272727,1.0,0.6666666666666666,0.6666666666666666,High,2
23,Female,Engineering,Canada,0.2666666666666666,0.7600000000000001,0.1,0.6,0.0,0.0,1.0,High,1
49,Male,Finance,Germany,0.8000000000000002,0.42,0.8,0.6181818181818182,0.0,0.3333333333333333,1.0,Low,1
26,Male,Sales,UK,0.4833333333333333,0.04,0.9,0.9272727272727272,0.0,1.0,1.0,Medium,1
30,Female,Other,USA,0.1833333333333332,0.5200000000000001,0.6000000000000001,0.3090909090909091,1.0,0.6666666666666666,0.6666666666666666,High,2
51,Non-binary,Sales,Germany,0.6166666666666666,0.5599999999999999,0.7000000000000001,0.3818181818181818,1.0,0.0,0.0,Low,2
52,Female,Other,USA,0.7499999999999999,0.4,0.6000000000000001,0.8545454545454546,0.5,0.0,0.6666666666666666,Medium,1
44,Female,Engineering,Australia,0.3333333333333333,0.86,0.7000000000000001,0.5272727272727272,0.5,0.0,1.0,Medium,1
47,Male,Finance,USA,0.8166666666666668,0.26,1.0,0.8181818181818182,0.0,0.3333333333333333,0.0,Low,0
34,Female,IT,USA,0.8166666666666668,0.26,0.4,0.509090909090909,0.0,0.6666666666666666,0.0,Low,0
43,Female,Engineering,Canada,0.9833333333333332,0.4600000000000001,0.5,0.2363636363636363,1.0,0.3333333333333333,1.0,Medium,2
48,Female,IT,UK,0.0499999999999999,0.96,0.3,0.890909090909091,0.5,1.0,1.0,High,1
24,Female,Healthcare,Canada,0.2999999999999999,0.7600000000000001,0.6000000000000001,0.6545454545454544,0.5,1.0,0.3333333333333333,High,0
24,Non-binary,Other,Australia,0.2833333333333333,0.68,0.4,0.6,1.0,0.6666666666666666,0.0,High,2
47,Female,Healthcare,Canada,0.3666666666666666,0.7800000000000001,0.9,0.4727272727272728,0.0,0.3333333333333333,0.0,Low,0
30,Non-binary,Engineering,Canada,0.0,0.04,0.3,0.0,0.0,0.0,0.0,Low,0
50,Prefer not to say,Finance,Canada,0.2333333333333334,0.88,1.0,0.6181818181818182,0.5,0.3333333333333333,1.0,High,1
38,Female,Finance,Germany,0.15,0.04,0.6000000000000001,0.2909090909090909,1.0,0.6666666666666666,0.0,Medium,2
26,Male,Healthcare,India,0.6666666666666666,0.0,0.5,0.8727272727272727,1.0,0.0,0.6666666666666666,Medium,2
57,Prefer not to say,Healthcare,UK,0.7499999999999999,0.24,0.4,0.5636363636363636,0.5,1.0,0.0,Low,0
19,Female,IT,Australia,0.2333333333333334,0.7000000000000001,0.2,0.890909090909091,0.5,0.3333333333333333,1.0,High,1
27,Prefer not to say,Sales,Germany,0.5833333333333334,0.42,0.1,0.1454545454545454,0.0,0.0,0.3333333333333333,Low,0
51,Prefer not to say,Other,UK,0.4166666666666666,0.84,0.0,0.6181818181818182,0.5,1.0,0.3333333333333333,High,0
62,Male,Healthcare,Canada,0.6666666666666666,0.6,0.9,0.3090909090909091,0.0,0.3333333333333333,0.3333333333333333,Low,0
63,Non-binary,Finance,India,0.9666666666666668,0.7400000000000001,0.4,0.6181818181818182,1.0,0.6666666666666666,0.6666666666666666,High,2
56,Male,Finance,Other,0.5499999999999999,0.7000000000000001,0.9,1.0,0.5,0.3333333333333333,1.0,High,1
60,Female,Engineering,Canada,0.1833333333333332,0.08,0.3,0.4363636363636363,1.0,1.0,0.0,High,2
57,Non-binary,IT,UK,0.6,0.5400000000000001,0.1,0.9454545454545454,0.5,1.0,0.3333333333333333,High,0
61,Non-binary,Education,India,0.7333333333333333,0.42,0.3,0.7090909090909091,0.5,0.3333333333333333,0.6666666666666666,High,1
24,Prefer not to say,Healthcare,Germany,0.7333333333333333,0.5400000000000001,0.0,0.2909090909090909,0.5,0.0,0.0,Low,0
44,Non-binary,IT,India,0.65,0.66,0.3,0.9636363636363636,1.0,1.0,1.0,High,2
33,Non-binary,Finance,Other,0.0666666666666667,0.02,0.3,0.3454545454545454,0.0,0.6666666666666666,0.0,Medium,0
53,Male,IT,USA,0.6333333333333332,0.3400000000000001,1.0,0.7636363636363637,0.5,1.0,0.6666666666666666,High,1
28,Female,Finance,Germany,0.0999999999999999,0.16,0.2,0.8545454545454546,0.0,0.3333333333333333,1.0,High,1
21,Prefer not to say,IT,Germany,0.4833333333333333,0.3400000000000001,0.6000000000000001,0.7818181818181817,1.0,1.0,0.6666666666666666,High,2
51,Female,Other,Canada,0.5166666666666665,0.1,0.2,0.8727272727272727,1.0,1.0,0.0,High,2
64,Non-binary,Sales,UK,0.6999999999999998,0.7400000000000001,0.7000000000000001,0.6181818181818182,0.5,0.3333333333333333,0.0,Low,0
42,Non-binary,Healthcare,Germany,0.2,0.5599999999999999,0.4,0.9818181818181818,0.0,0.3333333333333333,0.0,Medium,0
19,Prefer not to say,Sales,UK,0.7333333333333333,0.68,0.0,0.8363636363636363,0.5,0.6666666666666666,0.6666666666666666,High,1
19,Male,Education,Other,0.0333333333333333,0.26,0.2,0.1272727272727272,0.0,0.3333333333333333,1.0,Medium,1
39,Male,IT,Canada,0.1666666666666666,0.68,0.9,0.7272727272727273,1.0,1.0,0.3333333333333333,High,2
46,Male,Education,India,0.8666666666666666,0.58,0.7000000000000001,0.5636363636363636,0.5,0.0,0.0,Low,0
59,Male,IT,UK,0.5166666666666665,0.5200000000000001,0.2,0.7818181818181817,0.0,1.0,1.0,High,1
37,Prefer not to say,Finance,USA,0.9833333333333332,0.12,0.9,0.509090909090909,1.0,0.6666666666666666,0.6666666666666666,Medium,2
29,Non-binary,Education,USA,0.0166666666666666,0.5200000000000001,0.9,0.5454545454545454,0.5,0.6666666666666666,0.0,Medium,0
60,Non-binary,Education,Canada,0.6166666666666666,0.92,0.0,0.4,0.5,0.0,0.0,Medium,0
57,Male,Sales,Australia,0.5666666666666668,0.68,0.8,0.2181818181818181,1.0,0.6666666666666666,0.6666666666666666,High,2
35,Male,Finance,UK,0.1666666666666666,0.84,0.1,0.8,0.0,1.0,0.0,High,0
59,Male,Finance,USA,0.2666666666666666,0.7400000000000001,0.9,0.2181818181818181,1.0,1.0,0.6666666666666666,High,2
63,Female,Sales,India,0.7833333333333331,0.42,0.5,0.2181818181818181,0.5,0.0,0.0,Low,0
64,Male,Sales,Australia,0.4333333333333332,0.3,0.1,0.0363636363636363,1.0,0.0,0.6666666666666666,Medium,2
27,Prefer not to say,Finance,USA,0.4666666666666667,0.5200000000000001,0.8,0.7454545454545454,1.0,0.6666666666666666,0.6666666666666666,High,2
52,Prefer not to say,Sales,India,0.7499999999999999,0.1,0.7000000000000001,0.3636363636363636,0.0,0.0,0.0,Low,0
46,Female,Healthcare,Australia,0.5333333333333333,0.3,0.6000000000000001,0.5818181818181818,0.0,1.0,1.0,Medium,1
20,Non-binary,Finance,India,0.4166666666666666,0.94,0.2,0.3636363636363636,0.5,0.0,0.0,Medium,0
44,Prefer not to say,Healthcare,Other,0.9166666666666666,0.24,1.0,0.5636363636363636,1.0,1.0,1.0,Medium,2
26,Male,Engineering,Other,0.7166666666666667,0.22,0.1,0.0545454545454545,0.0,0.6666666666666666,0.3333333333333333,Low,0
44,Female,Sales,Canada,0.9,0.86,0.5,0.5636363636363636,1.0,0.6666666666666666,0.6666666666666666,High,2
54,Non-binary,IT,Australia,0.5333333333333333,0.2,0.6000000000000001,0.1818181818181818,0.0,1.0,0.3333333333333333,Low,0
46,Male,Engineering,USA,0.0999999999999999,0.82,0.6000000000000001,0.2909090909090909,0.5,0.6666666666666666,0.3333333333333333,High,0
38,Female,Finance,UK,0.8833333333333334,0.96,0.5,0.4363636363636363,0.0,0.6666666666666666,0.3333333333333333,Medium,0
18,Female,IT,Germany,0.0666666666666667,1.0,0.1,1.0,0.0,1.0,0.3333333333333333,High,0
46,Prefer not to say,Finance,Australia,0.1833333333333332,0.5599999999999999,0.0,0.890909090909091,0.0,0.3333333333333333,0.3333333333333333,High,0
47,Male,Other,UK,0.9166666666666666,0.08,0.3,0.7454545454545454,0.0,0.3333333333333333,0.0,Low,0
27,Non-binary,Finance,Australia,0.65,0.2,0.9,0.7818181818181817,1.0,0.0,0.0,Low,2
44,Male,Sales,Australia,0.0499999999999999,0.6,0.2,0.4727272727272728,0.5,1.0,0.0,High,0
47,Prefer not to say,Engineering,Other,0.9499999999999998,0.12,0.8,0.4909090909090909,0.0,1.0,0.0,Low,0
51,Female,Other,Australia,0.0999999999999999,0.06,0.6000000000000001,0.509090909090909,0.0,0.0,0.0,Low,0
62,Non-binary,IT,UK,0.7499999999999999,0.24,0.4,0.6181818181818182,0.0,0.0,0.0,Low,0
18,Female,Education,Canada,0.45,0.42,0.9,0.2181818181818181,0.5,0.0,1.0,Low,1
26,Male,Finance,India,0.15,0.4600000000000001,0.4,0.6363636363636364,0.5,0.3333333333333333,0.6666666666666666,High,1
30,Female,Sales,USA,0.2,0.3400000000000001,0.7000000000000001,0.7090909090909091,1.0,0.0,1.0,High,2
36,Male,Other,Other,0.9,0.44,0.1,0.1636363636363636,0.5,0.0,0.3333333333333333,Low,0
51,Female,Sales,UK,0.65,0.94,0.4,0.9818181818181818,1.0,0.6666666666666666,0.0,High,2
29,Male,Sales,India,0.2,0.5400000000000001,0.9,0.4545454545454545,0.0,0.0,0.0,Low,0
46,Female,Sales,Canada,0.6166666666666666,0.5400000000000001,1.0,0.2363636363636363,0.5,0.0,1.0,Low,1
23,Female,Finance,Canada,0.8333333333333334,0.86,0.7000000000000001,0.4727272727272728,1.0,0.0,0.0,Low,2
42,Prefer not to say,Education,Germany,0.9833333333333332,0.38,1.0,0.6545454545454544,0.5,1.0,0.0,Low,0
18,Female,Engineering,USA,0.2999999999999999,0.9,0.9,0.4545454545454545,0.0,1.0,0.0,Medium,0
40,Non-binary,Other,USA,0.8666666666666666,0.92,0.3,0.6363636363636364,0.0,0.3333333333333333,0.3333333333333333,Medium,0
23,Non-binary,Sales,Germany,0.2333333333333334,0.4600000000000001,0.8,0.6,1.0,0.3333333333333333,0.0,Medium,2
48,Prefer not to say,Education,Australia,0.7666666666666665,1.0,0.2,0.890909090909091,0.5,1.0,0.3333333333333333,High,0
45,Female,IT,India,0.2,0.5000000000000001,0.7000000000000001,0.6,0.0,0.3333333333333333,1.0,Medium,1
45,Non-binary,Engineering,USA,0.2166666666666666,0.8000000000000002,0.4,0.8363636363636363,1.0,1.0,1.0,High,2
24,Female,Engineering,Australia,0.5666666666666668,0.26,0.2,0.0727272727272727,0.5,0.3333333333333333,1.0,Medium,1
46,Prefer not to say,Engineering,Germany,0.4666666666666667,0.4800000000000001,0.7000000000000001,0.3272727272727272,0.5,0.0,0.0,Low,0
40,Female,Education,Other,0.45,0.5200000000000001,0.1,0.4545454545454545,0.5,1.0,0.6666666666666666,High,1
46,Prefer not to say,Finance,Germany,0.3333333333333333,0.22,0.2,0.5636363636363636,0.5,0.6666666666666666,0.0,Medium,0
37,Prefer not to say,Other,India,0.4999999999999999,0.32,0.0,0.4363636363636363,0.0,0.3333333333333333,0.0,Low,0
52,Prefer not to say,Education,India,0.2999999999999999,0.02,1.0,0.1090909090909091,0.0,1.0,0.3333333333333333,Low,0
24,Prefer not to say,Education,Other,0.8666666666666666,0.28,0.8,0.0,0.5,1.0,0.0,Low,0
60,Non-binary,Healthcare,Canada,0.0666666666666667,0.16,0.9,0.4,0.0,1.0,0.6666666666666666,Medium,1
21,Female,Other,Other,0.45,0.04,0.1,0.2181818181818181,0.0,1.0,0.6666666666666666,Medium,1
32,Female,Education,India,0.2166666666666666,0.26,0.5,0.4181818181818181,0.5,0.0,0.6666666666666666,Medium,1
46,Male,Healthcare,Other,0.35,0.96,0.0,0.3636363636363636,0.5,1.0,0.0,High,0
44,Non-binary,Healthcare,India,0.7833333333333331,0.84,0.5,0.7272727272727273,1.0,0.6666666666666666,0.0,High,2
23,Male,Healthcare,Germany,0.2166666666666666,0.6,0.2,0.8363636363636363,0.5,0.3333333333333333,0.3333333333333333,High,0
26,Female,IT,UK,0.6333333333333332,0.2,0.5,0.6727272727272727,0.0,0.3333333333333333,0.6666666666666666,Medium,1
28,Non-binary,Education,USA,0.6166666666666666,0.2,1.0,0.4545454545454545,0.0,0.3333333333333333,1.0,Low,1
18,Male,Healthcare,Germany,0.2666666666666666,0.02,0.6000000000000001,0.4545454545454545,0.0,0.6666666666666666,0.3333333333333333,Medium,0
25,Male,Healthcare,India,0.9333333333333332,0.22,0.7000000000000001,0.8,0.0,0.6666666666666666,0.3333333333333333,Low,0
65,Non-binary,Engineering,Australia,0.3166666666666667,0.4600000000000001,0.1,0.8181818181818182,0.5,0.6666666666666666,0.3333333333333333,High,0
44,Male,Engineering,UK,0.4999999999999999,0.68,0.0,0.4545454545454545,0.5,0.6666666666666666,0.3333333333333333,High,0
28,Non-binary,Finance,USA,0.25,0.86,0.7000000000000001,0.1818181818181818,1.0,1.0,0.3333333333333333,High,2
41,Prefer not to say,Healthcare,Other,0.2833333333333333,0.3,0.0,0.7272727272727273,1.0,0.0,0.3333333333333333,High,2
24,Prefer not to say,Engineering,Germany,0.8000000000000002,0.22,0.9,0.0909090909090909,1.0,1.0,0.3333333333333333,Low,2
47,Prefer not to say,Engineering,Germany,0.2333333333333334,0.58,0.1,0.0181818181818181,1.0,0.0,0.0,Medium,2
42,Prefer not to say,IT,Other,0.9666666666666668,0.06,0.2,0.4181818181818181,1.0,0.6666666666666666,1.0,High,2
57,Non-binary,Healthcare,Other,0.8833333333333334,0.3400000000000001,0.5,0.1818181818181818,0.0,0.0,0.6666666666666666,Low,1
63,Male,Sales,Australia,0.0,0.7400000000000001,0.7000000000000001,0.0545454545454545,1.0,0.3333333333333333,1.0,High,2
34,Male,IT,Germany,0.4999999999999999,0.2,0.4,0.7090909090909091,0.5,1.0,0.0,Medium,0
51,Non-binary,Finance,Germany,0.9333333333333332,0.86,0.8,0.0909090909090909,0.0,0.6666666666666666,0.0,Low,0
57,Non-binary,IT,Australia,0.9,0.96,0.1,0.2181818181818181,0.5,0.0,1.0,Medium,1
21,Non-binary,Finance,UK,0.6666666666666666,0.5599999999999999,0.2,0.2545454545454545,0.5,0.6666666666666666,0.3333333333333333,Medium,0
52,Male,Engineering,Other,0.1833333333333332,0.88,0.9,0.4181818181818181,0.5,0.3333333333333333,1.0,High,1
42,Male,Other,Canada,0.0333333333333333,0.4600000000000001,0.9,0.9454545454545454,1.0,0.3333333333333333,0.6666666666666666,High,2
46,Prefer not to say,Education,Other,0.35,0.26,0.4,0.2727272727272727,1.0,0.3333333333333333,0.6666666666666666,Medium,2
38,Female,Engineering,UK,0.15,0.32,0.5,0.0727272727272727,0.5,1.0,0.3333333333333333,Medium,0
19,Female,Finance,Canada,0.6166666666666666,0.08,0.4,1.0,0.5,0.0,0.6666666666666666,Medium,1
37,Male,Healthcare,Australia,0.4,0.06,0.1,0.2363636363636363,0.0,1.0,0.6666666666666666,Medium,1
29,Non-binary,Finance,Other,0.45,0.36,0.4,0.2727272727272727,0.5,1.0,0.3333333333333333,Medium,0
21,Male,Other,UK,0.0166666666666666,0.4800000000000001,0.0,0.6727272727272727,1.0,0.3333333333333333,0.3333333333333333,High,2
49,Male,Healthcare,USA,0.7333333333333333,0.82,0.0,0.7454545454545454,0.5,0.3333333333333333,1.0,High,1
34,Male,Sales,Australia,0.4333333333333332,0.0,0.9,0.9272727272727272,0.0,0.6666666666666666,1.0,Medium,1
28,Non-binary,IT,India,0.4333333333333332,0.68,0.6000000000000001,0.2545454545454545,1.0,0.6666666666666666,0.3333333333333333,High,2
50,Female,Engineering,Canada,0.2999999999999999,0.06,0.5,0.6545454545454544,0.5,0.0,0.6666666666666666,Medium,1
25,Female,Finance,Germany,0.9,0.22,0.2,0.4545454545454545,1.0,1.0,0.0,Medium,2
28,Male,Other,UK,0.2,0.28,0.5,0.1272727272727272,1.0,0.3333333333333333,0.3333333333333333,Medium,2
64,Male,Finance,Canada,0.2,0.7800000000000001,0.7000000000000001,0.4363636363636363,1.0,0.6666666666666666,0.3333333333333333,High,2
47,Female,Other,Canada,0.2333333333333334,0.02,1.0,0.2181818181818181,0.5,1.0,0.6666666666666666,Medium,1
45,Female,Healthcare,USA,0.5666666666666668,0.4800000000000001,0.2,0.6545454545454544,0.0,0.6666666666666666,1.0,High,1
21,Non-binary,Finance,India,0.4833333333333333,0.26,1.0,0.8545454545454546,0.0,0.3333333333333333,0.3333333333333333,Low,0
41,Female,Finance,UK,0.0,0.4600000000000001,0.0,0.9818181818181818,0.5,0.0,0.6666666666666666,High,1
23,Female,Other,Other,0.2833333333333333,0.28,0.6000000000000001,0.9454545454545454,0.5,0.3333333333333333,1.0,High,1
42,Non-binary,Engineering,USA,0.1833333333333332,0.04,0.3,0.9090909090909092,0.5,0.0,0.0,Medium,0
62,Female,IT,Other,0.1166666666666667,0.8000000000000002,0.2,0.6181818181818182,0.5,0.3333333333333333,1.0,High,1
42,Male,Other,Other,0.6166666666666666,0.38,0.1,0.1090909090909091,0.0,0.6666666666666666,0.3333333333333333,Medium,0
35,Male,Sales,UK,0.35,0.38,0.2,0.9454545454545454,1.0,1.0,0.0,High,2
53,Female,Healthcare,Other,0.3666666666666666,0.5400000000000001,0.7000000000000001,0.0,0.5,0.3333333333333333,0.3333333333333333,Low,0
41,Female,IT,Other,0.1333333333333333,0.9,0.7000000000000001,0.1818181818181818,0.0,0.3333333333333333,0.0,Low,0
36,Female,Education,India,0.0666666666666667,0.9,0.0,0.6,0.0,1.0,0.0,High,0
56,Prefer not to say,Healthcare,Canada,0.3166666666666667,0.26,0.9,0.2,0.0,0.3333333333333333,1.0,Low,1
63,Male,Healthcare,UK,0.2666666666666666,0.68,0.9,0.6545454545454544,0.0,0.6666666666666666,1.0,High,1
36,Prefer not to say,Healthcare,Canada,0.85,0.5200000000000001,0.3,1.0,0.0,0.3333333333333333,0.3333333333333333,Medium,0
32,Male,Finance,Germany,0.6833333333333332,0.14,1.0,0.8363636363636363,0.0,0.3333333333333333,0.0,Low,0
39,Female,Healthcare,Canada,0.8000000000000002,0.26,1.0,0.5272727272727272,0.0,1.0,0.6666666666666666,Low,1
65,Non-binary,Healthcare,Canada,0.15,0.62,0.3,0.7272727272727273,0.0,0.0,0.6666666666666666,High,1
31,Female,Sales,Australia,0.5666666666666668,0.5000000000000001,0.7000000000000001,0.0181818181818181,1.0,0.3333333333333333,0.6666666666666666,Medium,2
58,Female,IT,Germany,0.6,0.4600000000000001,0.2,0.8181818181818182,1.0,0.6666666666666666,1.0,High,2
33,Non-binary,Other,USA,0.5833333333333334,0.6,0.2,0.4363636363636363,1.0,0.0,0.0,Medium,2
61,Non-binary,Other,Canada,0.4999999999999999,0.7800000000000001,0.3,0.3636363636363636,0.5,0.6666666666666666,0.0,High,0
36,Female,Finance,Germany,0.3166666666666667,0.08,0.1,0.4363636363636363,0.5,1.0,1.0,High,1
24,Female,IT,Australia,0.35,0.32,0.4,0.509090909090909,0.0,0.3333333333333333,0.3333333333333333,Low,0
42,Male,Healthcare,Australia,0.2333333333333334,0.62,0.0,0.7090909090909091,0.0,0.3333333333333333,0.6666666666666666,High,1
48,Male,IT,UK,0.6,0.92,0.8,0.3272727272727272,0.0,0.6666666666666666,1.0,Medium,1
36,Male,Other,USA,0.6833333333333332,0.8000000000000002,0.9,0.1090909090909091,0.5,0.6666666666666666,1.0,Medium,1
44,Non-binary,Education,Germany,0.6166666666666666,0.38,0.1,0.7636363636363637,0.5,1.0,0.3333333333333333,High,0
54,Female,Finance,Germany,0.6,0.38,0.0,0.7636363636363637,1.0,1.0,0.0,High,2
50,Male,Engineering,UK,0.0666666666666667,0.2,0.4,0.3818181818181818,0.0,0.0,0.0,Low,0
60,Non-binary,Other,Germany,0.9166666666666666,0.64,0.5,0.9636363636363636,0.5,1.0,1.0,High,1
46,Male,Sales,Germany,0.4999999999999999,0.08,0.8,0.1090909090909091,0.5,0.0,0.6666666666666666,Low,1
46,Male,Engineering,Germany,0.5833333333333334,0.32,0.2,0.0909090909090909,1.0,0.6666666666666666,0.6666666666666666,High,2
42,Female,IT,Australia,0.9166666666666666,0.24,0.4,0.2363636363636363,1.0,0.0,1.0,Low,2
53,Non-binary,IT,USA,0.8833333333333334,0.08,0.5,0.8181818181818182,0.5,1.0,0.3333333333333333,Medium,0
40,Prefer not to say,Education,Canada,0.5833333333333334,0.36,0.2,0.6727272727272727,0.5,0.3333333333333333,0.3333333333333333,High,0
63,Non-binary,Healthcare,Other,0.6166666666666666,0.16,0.7000000000000001,0.5636363636363636,0.0,1.0,0.3333333333333333,Low,0
39,Female,Finance,Other,0.2333333333333334,0.7200000000000001,0.8,0.5454545454545454,1.0,1.0,0.3333333333333333,High,2
59,Non-binary,Healthcare,Canada,0.0999999999999999,0.8000000000000002,0.9,0.2909090909090909,0.5,0.0,0.6666666666666666,Medium,1
48,Non-binary,Healthcare,Germany,0.1833333333333332,0.68,0.5,0.4545454545454545,0.0,0.0,0.3333333333333333,Medium,0
49,Prefer not to say,Engineering,Germany,0.2166666666666666,0.9,0.4,0.8727272727272727,0.0,0.6666666666666666,0.6666666666666666,High,1
54,Prefer not to say,Education,India,0.5333333333333333,0.58,0.1,0.6363636363636364,0.5,0.6666666666666666,0.6666666666666666,High,1
32,Male,Sales,India,0.8833333333333334,0.1,0.0,0.0727272727272727,0.5,0.6666666666666666,0.6666666666666666,Medium,1
56,Female,Healthcare,Other,0.4,0.12,0.6000000000000001,0.5818181818181818,0.0,0.3333333333333333,0.3333333333333333,Low,0
40,Female,Engineering,Australia,0.2166666666666666,0.7400000000000001,0.0,0.4181818181818181,0.5,0.6666666666666666,0.0,High,0
37,Non-binary,Sales,Germany,0.8666666666666666,0.24,0.8,0.4545454545454545,1.0,1.0,0.0,Low,2
40,Male,Finance,Germany,0.6999999999999998,0.68,0.5,0.3454545454545454,1.0,0.6666666666666666,1.0,High,2
57,Male,Education,Germany,0.6666666666666666,0.88,0.2,0.7272727272727273,0.0,1.0,1.0,High,1
58,Non-binary,Finance,Canada,0.45,0.28,1.0,0.8181818181818182,1.0,0.6666666666666666,0.0,Medium,2
49,Prefer not to say,IT,UK,0.4999999999999999,0.5599999999999999,0.4,0.0181818181818181,0.0,0.6666666666666666,0.0,Low,0
18,Non-binary,Other,Australia,0.1333333333333333,0.14,0.3,0.1454545454545454,0.5,1.0,0.0,Medium,0
47,Non-binary,Education,India,0.6666666666666666,0.0,0.9,0.0727272727272727,0.5,0.6666666666666666,0.6666666666666666,Low,1
49,Prefer not to say,Healthcare,Canada,0.4166666666666666,0.88,0.3,0.1636363636363636,1.0,0.0,1.0,High,2
53,Female,Education,India,0.8833333333333334,0.8000000000000002,0.4,0.5818181818181818,0.5,1.0,0.6666666666666666,High,1
44,Female,Finance,Australia,0.0166666666666666,0.08,0.5,0.3454545454545454,0.0,0.3333333333333333,0.0,Low,0
37,Non-binary,IT,Canada,0.45,0.66,0.0,0.7818181818181817,0.0,0.3333333333333333,0.3333333333333333,High,0
60,Prefer not to say,Healthcare,Germany,0.9833333333333332,0.22,1.0,0.4727272727272728,0.0,0.0,0.3333333333333333,Low,0
55,Female,Other,Other,0.4333333333333332,0.4800000000000001,0.0,0.3090909090909091,0.5,0.6666666666666666,0.6666666666666666,High,1
21,Male,Finance,Other,0.6999999999999998,0.98,0.2,0.4363636363636363,0.5,0.3333333333333333,0.0,Medium,0
31,Prefer not to say,Other,Germany,0.2,0.4800000000000001,0.6000000000000001,0.0545454545454545,0.5,0.0,1.0,Medium,1
56,Prefer not to say,Education,Germany,0.7833333333333331,0.22,0.0,0.7818181818181817,1.0,0.0,0.3333333333333333,Medium,2
52,Non-binary,Engineering,UK,0.0166666666666666,1.0,0.8,0.6727272727272727,0.5,0.3333333333333333,1.0,High,1
25,Male,Finance,Canada,0.3666666666666666,0.66,0.5,0.8181818181818182,0.5,0.3333333333333333,0.3333333333333333,High,0
60,Male,Finance,Australia,0.1666666666666666,0.04,0.9,0.1090909090909091,0.0,1.0,0.3333333333333333,Low,0
36,Prefer not to say,Finance,Other,0.0833333333333333,0.5599999999999999,0.6000000000000001,0.2909090909090909,1.0,0.3333333333333333,0.6666666666666666,High,2
31,Non-binary,Healthcare,Australia,0.0833333333333333,0.84,0.3,0.2909090909090909,1.0,1.0,0.6666666666666666,High,2
62,Female,Sales,Germany,0.6999999999999998,0.5200000000000001,0.4,0.0727272727272727,1.0,0.6666666666666666,0.3333333333333333,Medium,2
41,Prefer not to say,IT,USA,0.1333333333333333,0.94,0.9,0.8727272727272727,0.0,1.0,1.0,High,1
43,Non-binary,Engineering,Australia,0.6999999999999998,0.18,0.9,0.6909090909090909,0.0,0.3333333333333333,1.0,Low,1
48,Female,IT,Canada,0.65,0.12,0.0,0.0,0.0,0.3333333333333333,0.0,Low,0
20,Non-binary,Engineering,Canada,0.0166666666666666,0.28,0.4,0.4545454545454545,0.0,0.0,0.0,Low,0
60,Non-binary,Education,USA,0.35,0.7600000000000001,0.2,0.7272727272727273,1.0,0.0,0.6666666666666666,High,2
23,Male,Finance,UK,0.0499999999999999,0.7400000000000001,0.7000000000000001,0.8545454545454546,0.5,0.6666666666666666,0.3333333333333333,High,0
29,Male,Healthcare,Other,0.0499999999999999,0.7800000000000001,0.8,0.8363636363636363,1.0,0.0,0.3333333333333333,High,2
22,Non-binary,IT,India,0.7499999999999999,0.66,0.3,0.4727272727272728,1.0,0.3333333333333333,1.0,High,2
35,Male,IT,UK,0.6999999999999998,0.7000000000000001,0.5,0.9636363636363636,1.0,0.3333333333333333,0.3333333333333333,High,2
50,Female,Other,Other,0.9499999999999998,0.7400000000000001,0.7000000000000001,0.6909090909090909,0.0,0.3333333333333333,0.6666666666666666,Medium,1
49,Female,Sales,Other,0.5666666666666668,0.7400000000000001,1.0,0.4363636363636363,0.0,0.3333333333333333,0.0,Low,0
65,Non-binary,Engineering,Other,0.9333333333333332,0.88,0.4,0.890909090909091,0.5,0.3333333333333333,0.0,Medium,0
57,Female,Sales,Other,0.4333333333333332,0.18,0.3,0.3818181818181818,1.0,1.0,0.3333333333333333,High,2
26,Male,Engineering,Canada,0.8000000000000002,0.14,0.1,0.8,1.0,0.3333333333333333,0.0,Medium,2
27,Female,Engineering,USA,0.0833333333333333,0.92,1.0,0.4545454545454545,0.0,1.0,1.0,High,1
18,Female,IT,Other,0.0666666666666667,0.42,0.8,0.9272727272727272,0.5,0.0,0.3333333333333333,Medium,0
37,Prefer not to say,Finance,Australia,0.0999999999999999,0.94,0.1,0.9090909090909092,0.0,0.0,0.6666666666666666,High,1
24,Male,Engineering,India,0.3333333333333333,0.12,0.7000000000000001,0.2363636363636363,1.0,0.0,0.3333333333333333,Low,2
18,Female,Other,Canada,0.65,0.36,0.9,0.4545454545454545,0.0,0.6666666666666666,1.0,Medium,1
58,Male,Finance,India,0.6,0.0,0.5,0.8363636363636363,1.0,0.6666666666666666,0.6666666666666666,High,2
49,Female,Sales,Canada,0.4166666666666666,0.7400000000000001,0.0,0.3454545454545454,0.5,0.3333333333333333,0.3333333333333333,High,0
34,Male,Engineering,Canada,0.2999999999999999,0.12,0.0,0.1818181818181818,0.5,0.0,0.0,Low,0
24,Female,IT,Germany,0.5333333333333333,0.7600000000000001,0.7000000000000001,0.5636363636363636,0.5,0.0,1.0,Medium,1
29,Prefer not to say,Healthcare,UK,0.4,0.92,0.3,0.9636363636363636,0.5,0.3333333333333333,1.0,High,1
60,Prefer not to say,Healthcare,USA,0.8333333333333334,0.58,0.2,0.7090909090909091,0.5,0.3333333333333333,1.0,High,1
51,Non-binary,Sales,Germany,0.85,0.32,0.8,0.3454545454545454,1.0,0.6666666666666666,1.0,Medium,2
23,Female,Healthcare,Canada,0.0166666666666666,0.0,0.8,0.6,0.5,0.0,0.3333333333333333,Low,0
21,Prefer not to say,Education,Australia,0.85,0.7000000000000001,0.4,0.3636363636363636,1.0,0.3333333333333333,1.0,High,2
58,Male,Education,India,0.6333333333333332,0.08,0.5,0.2363636363636363,0.0,0.3333333333333333,0.3333333333333333,Low,0
24,Male,Other,Canada,0.5666666666666668,0.9,0.1,0.0363636363636363,0.5,0.3333333333333333,0.6666666666666666,High,1
34,Female,Other,USA,0.0666666666666667,0.24,0.9,0.3818181818181818,1.0,0.3333333333333333,0.3333333333333333,Medium,2
28,Non-binary,Engineering,Germany,0.25,0.66,0.2,0.1636363636363636,1.0,1.0,0.3333333333333333,High,2
32,Female,Sales,UK,0.0666666666666667,0.06,0.0,0.0545454545454545,1.0,1.0,1.0,High,2
44,Prefer not to say,Engineering,India,1.0,0.68,0.4,0.2363636363636363,1.0,0.6666666666666666,0.6666666666666666,High,2
38,Prefer not to say,Engineering,UK,0.3166666666666667,0.5200000000000001,0.3,0.3636363636363636,0.5,0.0,0.6666666666666666,High,1
55,Male,Other,Australia,0.7166666666666667,0.04,0.3,0.4,1.0,0.6666666666666666,0.0,Medium,2
65,Female,Sales,USA,0.2333333333333334,0.24,0.7000000000000001,0.1636363636363636,0.0,0.0,0.0,Low,0
41,Female,Finance,Canada,0.25,0.92,1.0,0.0727272727272727,0.5,0.3333333333333333,0.3333333333333333,Medium,0
46,Prefer not to say,Sales,Australia,0.6833333333333332,0.82,1.0,0.8,0.5,0.3333333333333333,0.3333333333333333,Medium,0
54,Female,Engineering,Australia,0.4166666666666666,0.2,0.6000000000000001,0.5454545454545454,0.0,0.3333333333333333,0.0,Low,0
41,Male,Finance,USA,0.0166666666666666,0.94,0.0,0.509090909090909,1.0,0.0,0.0,High,2
65,Non-binary,Finance,USA,0.9166666666666666,0.42,0.0,0.5818181818181818,0.5,0.6666666666666666,0.0,Medium,0
25,Non-binary,Engineering,Australia,0.6833333333333332,0.42,0.7000000000000001,0.8,1.0,0.6666666666666666,0.6666666666666666,High,2
38,Prefer not to say,Engineering,Australia,0.9333333333333332,0.26,0.5,0.1272727272727272,1.0,0.3333333333333333,0.3333333333333333,Low,2
41,Non-binary,IT,Germany,0.8000000000000002,0.28,0.9,0.7818181818181817,0.0,1.0,0.0,Low,0
40,Male,Healthcare,USA,0.4166666666666666,0.66,0.7000000000000001,0.3454545454545454,0.5,0.6666666666666666,0.6666666666666666,High,1
44,Female,Finance,India,0.9499999999999998,0.88,0.2,0.3272727272727272,1.0,0.3333333333333333,1.0,High,2
36,Female,Engineering,India,0.5333333333333333,0.88,0.3,0.5272727272727272,1.0,0.3333333333333333,1.0,High,2
46,Prefer not to say,Healthcare,Germany,0.1333333333333333,0.7400000000000001,0.2,0.8,0.5,0.6666666666666666,1.0,High,1
59,Prefer not to say,Other,Australia,0.5666666666666668,0.42,0.2,0.2363636363636363,0.0,1.0,0.3333333333333333,Medium,0
41,Non-binary,Healthcare,Germany,0.15,0.6,0.5,0.6909090909090909,1.0,0.3333333333333333,0.6666666666666666,High,2
35,Prefer not to say,Sales,Germany,0.5166666666666665,0.26,0.5,0.2909090909090909,0.5,1.0,0.6666666666666666,Medium,1
59,Prefer not to say,Education,Australia,0.5166666666666665,0.8000000000000002,0.6000000000000001,0.9272727272727272,0.5,0.6666666666666666,1.0,High,1
58,Non-binary,Finance,India,0.0999999999999999,0.5599999999999999,1.0,0.1636363636363636,1.0,0.6666666666666666,1.0,High,2
41,Male,Sales,USA,0.8666666666666666,0.7000000000000001,0.0,0.1454545454545454,0.5,0.0,0.6666666666666666,Medium,1
45,Female,Education,India,0.2166666666666666,0.44,0.6000000000000001,0.0545454545454545,1.0,1.0,0.3333333333333333,High,2
45,Male,IT,Australia,0.8166666666666668,0.62,0.2,0.4727272727272728,0.5,0.0,0.6666666666666666,Medium,1
22,Female,Other,Canada,0.7499999999999999,0.7400000000000001,0.3,0.8181818181818182,0.0,0.0,0.3333333333333333,Medium,0
18,Male,Other,USA,0.1333333333333333,0.7400000000000001,0.0,0.8545454545454546,0.0,1.0,0.6666666666666666,High,1
37,Prefer not to say,Sales,Canada,0.9333333333333332,0.3400000000000001,0.2,0.8,1.0,0.0,1.0,High,2
26,Male,IT,USA,0.3166666666666667,0.28,0.5,0.0181818181818181,0.5,0.0,0.3333333333333333,Low,0
62,Female,Finance,Australia,0.4166666666666666,0.82,0.4,0.1272727272727272,1.0,0.6666666666666666,0.6666666666666666,High,2
21,Non-binary,Other,UK,0.1666666666666666,0.7600000000000001,0.0,0.2545454545454545,1.0,0.6666666666666666,0.0,High,2
20,Female,Healthcare,Germany,0.4833333333333333,0.5599999999999999,0.9,0.8,0.5,0.6666666666666666,1.0,High,1
51,Prefer not to say,Sales,Canada,0.7166666666666667,0.44,0.9,0.8181818181818182,0.5,0.0,0.3333333333333333,Low,0
33,Male,Sales,India,0.4833333333333333,0.96,0.1,0.8181818181818182,0.5,0.6666666666666666,0.6666666666666666,High,1
63,Male,IT,Germany,0.0666666666666667,0.42,0.8,0.1454545454545454,1.0,1.0,0.0,Medium,2
55,Female,Engineering,Germany,0.5833333333333334,0.02,0.9,0.0363636363636363,1.0,0.0,0.6666666666666666,Low,2
63,Non-binary,Engineering,Canada,0.1833333333333332,0.0,0.9,0.0727272727272727,0.0,0.3333333333333333,1.0,Low,1
61,Prefer not to say,Other,USA,0.6833333333333332,0.84,0.0,0.1272727272727272,0.5,0.0,0.0,Low,0
29,Female,Other,USA,0.6833333333333332,0.02,0.1,0.8545454545454546,0.5,1.0,0.6666666666666666,High,1
62,Prefer not to say,Healthcare,Australia,0.8166666666666668,0.28,0.1,0.2545454545454545,1.0,0.0,0.3333333333333333,Low,2
22,Non-binary,Other,Germany,0.7499999999999999,0.42,0.6000000000000001,0.9636363636363636,0.0,0.6666666666666666,0.3333333333333333,Medium,0
47,Female,Education,Other,0.65,0.12,0.2,0.6909090909090909,1.0,1.0,0.6666666666666666,High,2
31,Male,Other,USA,0.1666666666666666,0.7400000000000001,0.8,0.2545454545454545,0.5,1.0,0.0,Medium,0
65,Male,Finance,Canada,0.8166666666666668,0.5000000000000001,0.1,0.509090909090909,0.5,0.6666666666666666,0.6666666666666666,High,1
58,Non-binary,Healthcare,UK,0.0499999999999999,0.96,0.2,0.5818181818181818,0.0,1.0,0.0,High,0
43,Male,Healthcare,Germany,0.9499999999999998,0.4,0.5,0.4909090909090909,1.0,1.0,1.0,High,2
45,Male,IT,USA,0.2166666666666666,0.84,0.1,0.4,0.5,1.0,1.0,High,1
53,Prefer not to say,Other,UK,0.25,0.96,0.8,0.7454545454545454,1.0,0.0,0.3333333333333333,High,2
46,Male,Engineering,Other,0.6,0.96,0.5,1.0,0.0,0.3333333333333333,0.0,Medium,0
32,Male,Sales,Australia,0.1833333333333332,0.1,0.0,0.2363636363636363,0.0,1.0,0.3333333333333333,Medium,0
50,Non-binary,IT,India,0.4166666666666666,0.7400000000000001,0.1,0.2181818181818181,1.0,0.0,0.6666666666666666,High,2
60,Prefer not to say,Engineering,USA,0.65,0.06,0.5,0.8727272727272727,1.0,0.3333333333333333,0.0,Medium,2
26,Male,Sales,UK,0.0499999999999999,0.98,1.0,0.3818181818181818,1.0,0.0,0.0,Medium,2
30,Female,Sales,Canada,0.6166666666666666,0.4600000000000001,0.5,0.1454545454545454,0.5,0.3333333333333333,0.6666666666666666,Medium,1
54,Female,Healthcare,Australia,0.5499999999999999,0.26,0.1,0.2545454545454545,0.0,0.0,0.0,Low,0
21,Male,IT,Australia,0.0333333333333333,0.8000000000000002,0.4,0.890909090909091,1.0,1.0,1.0,High,2
21,Prefer not to say,IT,India,0.65,0.96,0.7000000000000001,0.7818181818181817,1.0,0.0,1.0,High,2
34,Non-binary,Finance,USA,0.8166666666666668,0.58,0.5,0.4,1.0,0.6666666666666666,1.0,High,2
29,Female,Other,UK,0.2,0.5000000000000001,0.9,0.6727272727272727,1.0,0.3333333333333333,0.6666666666666666,High,2
64,Prefer not to say,Healthcare,Germany,0.4166666666666666,0.5599999999999999,0.7000000000000001,0.0363636363636363,0.5,0.6666666666666666,1.0,Medium,1
33,Female,IT,Germany,0.5666666666666668,0.88,0.2,0.7636363636363637,1.0,0.3333333333333333,0.0,High,2
36,Female,Engineering,Other,0.4166666666666666,0.3,0.3,0.3454545454545454,1.0,0.3333333333333333,1.0,High,2
25,Male,IT,India,0.5833333333333334,0.86,0.1,0.0181818181818181,1.0,0.6666666666666666,0.0,High,2
55,Male,Finance,India,0.8333333333333334,0.18,0.0,0.4727272727272728,0.5,0.3333333333333333,1.0,Medium,1
65,Non-binary,Sales,India,0.5166666666666665,0.26,0.0,0.0363636363636363,0.0,1.0,0.6666666666666666,Medium,1
55,Female,Healthcare,USA,0.45,0.5599999999999999,0.3,0.3272727272727272,0.5,0.0,1.0,Medium,1
31,Non-binary,Healthcare,Germany,0.2999999999999999,0.7600000000000001,0.9,0.2363636363636363,0.0,0.3333333333333333,0.0,Low,0
55,Prefer not to say,Sales,USA,0.9499999999999998,0.86,0.3,0.2363636363636363,0.0,0.3333333333333333,0.6666666666666666,Medium,1
49,Male,Education,Other,0.2,0.92,0.3,0.1818181818181818,1.0,0.3333333333333333,1.0,High,2
57,Male,Finance,India,0.35,0.36,0.0,0.3454545454545454,1.0,1.0,0.0,High,2
43,Female,Finance,India,0.8000000000000002,0.14,1.0,0.2545454545454545,0.5,0.0,0.3333333333333333,Low,0
49,Non-binary,IT,USA,0.45,0.58,0.0,0.2545454545454545,0.5,0.6666666666666666,0.6666666666666666,High,1
23,Female,Other,Canada,0.8333333333333334,0.42,1.0,0.6181818181818182,1.0,0.6666666666666666,0.3333333333333333,Medium,2
32,Prefer not to say,Other,Canada,0.3166666666666667,0.36,0.0,0.890909090909091,1.0,0.0,0.3333333333333333,High,2
55,Prefer not to say,Finance,India,0.4333333333333332,0.6,0.9,0.0909090909090909,1.0,0.3333333333333333,0.6666666666666666,Medium,2
32,Female,Finance,India,0.25,0.26,1.0,0.2545454545454545,0.0,0.3333333333333333,0.3333333333333333,Low,0
42,Non-binary,Sales,USA,0.8833333333333334,0.26,0.5,0.0181818181818181,0.0,0.3333333333333333,0.0,Low,0
18,Female,IT,USA,0.0666666666666667,0.04,0.4,0.6727272727272727,0.0,0.6666666666666666,1.0,High,1
24,Non-binary,Healthcare,Australia,0.3333333333333333,0.4800000000000001,0.5,0.7090909090909091,1.0,0.3333333333333333,0.3333333333333333,High,2
26,Male,Sales,Canada,0.15,0.3,0.5,0.5454545454545454,0.5,1.0,0.0,Medium,0
62,Male,Finance,USA,0.7166666666666667,1.0,0.1,0.0909090909090909,0.5,0.6666666666666666,0.0,Medium,0
41,Non-binary,Sales,Other,0.0666666666666667,0.5000000000000001,0.0,0.4727272727272728,1.0,0.0,0.6666666666666666,High,2
63,Non-binary,Engineering,USA,0.4166666666666666,0.38,0.8,0.6727272727272727,0.0,1.0,0.3333333333333333,Medium,0
28,Prefer not to say,IT,UK,0.0166666666666666,0.14,0.5,0.5818181818181818,0.0,1.0,0.3333333333333333,Medium,0
63,Male,Other,Australia,0.5333333333333333,0.66,0.5,0.8363636363636363,1.0,0.3333333333333333,0.0,High,2
18,Female,Sales,USA,0.9666666666666668,0.24,0.2,0.3636363636363636,0.0,0.6666666666666666,0.6666666666666666,Medium,1
48,Non-binary,Sales,Canada,0.0499999999999999,0.2,0.9,0.7818181818181817,0.5,1.0,0.6666666666666666,High,1
60,Male,Education,Other,0.8000000000000002,0.96,0.2,0.6727272727272727,0.5,1.0,1.0,High,1
60,Male,IT,Australia,0.8833333333333334,0.8000000000000002,1.0,0.4,0.0,0.3333333333333333,0.0,Low,0
56,Non-binary,Other,UK,0.3666666666666666,0.02,0.8,0.1636363636363636,0.0,0.6666666666666666,0.0,Low,0
21,Non-binary,Education,India,0.1666666666666666,1.0,0.4,0.2727272727272727,0.5,0.3333333333333333,1.0,High,1
38,Male,Healthcare,USA,0.6333333333333332,0.3400000000000001,0.2,0.6,0.5,0.3333333333333333,1.0,High,1
52,Female,Engineering,Australia,0.2666666666666666,0.88,0.3,0.1454545454545454,1.0,1.0,1.0,High,2
65,Female,Healthcare,UK,0.2833333333333333,0.0,0.9,0.3272727272727272,0.5,0.6666666666666666,0.0,Low,0
65,Non-binary,Sales,UK,0.9,0.94,0.2,0.6909090909090909,0.0,0.6666666666666666,0.6666666666666666,High,1
38,Prefer not to say,Healthcare,Australia,0.4333333333333332,0.62,0.7000000000000001,0.8727272727272727,0.5,0.3333333333333333,0.3333333333333333,Medium,0
24,Prefer not to say,Engineering,Canada,0.4666666666666667,0.0,0.5,0.6909090909090909,0.0,0.0,0.0,Low,0
44,Male,IT,UK,0.2,0.98,0.4,0.7636363636363637,0.0,0.3333333333333333,0.6666666666666666,High,1
56,Non-binary,Sales,India,0.5499999999999999,0.4,0.6000000000000001,0.2545454545454545,0.0,1.0,1.0,Medium,1
35,Female,Education,India,0.7833333333333331,0.8000000000000002,0.2,0.8545454545454546,0.0,1.0,1.0,High,1
27,Female,Engineering,Canada,0.8333333333333334,0.7000000000000001,0.3,0.7818181818181817,0.0,0.0,0.3333333333333333,Medium,0
33,Prefer not to say,Sales,Germany,0.4999999999999999,0.38,0.9,0.0727272727272727,0.0,1.0,0.0,Low,0
56,Prefer not to say,Healthcare,Germany,0.45,0.7400000000000001,0.5,0.7636363636363637,0.5,0.3333333333333333,0.6666666666666666,High,1
37,Male,Education,Australia,0.6333333333333332,0.92,0.1,0.2181818181818181,1.0,1.0,0.0,High,2
19,Non-binary,Other,Canada,0.8333333333333334,0.68,0.0,0.5272727272727272,1.0,1.0,1.0,High,2
63,Female,Sales,USA,0.8333333333333334,0.28,1.0,0.2181818181818181,0.0,0.0,0.3333333333333333,Low,0
58,Non-binary,Healthcare,Canada,0.5833333333333334,0.6,0.6000000000000001,0.4727272727272728,1.0,0.0,0.3333333333333333,Medium,2
46,Prefer not to say,Education,Other,0.45,0.36,0.3,0.4727272727272728,1.0,0.3333333333333333,1.0,High,2
29,Female,Sales,Australia,0.85,0.3400000000000001,1.0,0.4363636363636363,1.0,0.3333333333333333,0.6666666666666666,Medium,2
19,Male,Sales,India,0.4833333333333333,0.82,0.8,0.2,1.0,0.0,0.6666666666666666,Medium,2
34,Prefer not to say,Sales,Australia,0.9,0.06,0.6000000000000001,0.6181818181818182,0.0,0.3333333333333333,1.0,Low,1
45,Prefer not to say,Sales,Australia,0.8166666666666668,0.14,1.0,0.2181818181818181,1.0,1.0,0.0,Low,2
38,Female,Healthcare,Australia,0.0499999999999999,0.18,0.9,0.6727272727272727,0.5,1.0,0.6666666666666666,High,1
40,Male,Healthcare,Canada,0.65,0.3,1.0,0.3272727272727272,0.5,0.3333333333333333,0.6666666666666666,Low,1
55,Prefer not to say,Other,Australia,0.9,0.08,1.0,0.8,0.5,0.0,0.3333333333333333,Low,0
26,Prefer not to say,Sales,Canada,0.2166666666666666,0.88,1.0,0.7818181818181817,0.5,1.0,0.6666666666666666,High,1
23,Prefer not to say,Engineering,Australia,0.15,0.24,0.2,0.8,0.0,0.6666666666666666,1.0,High,1
53,Prefer not to say,Education,Other,0.8333333333333334,0.7200000000000001,0.3,0.0363636363636363,0.5,0.0,0.0,Low,0
49,Female,Other,USA,0.3333333333333333,0.38,0.0,0.0727272727272727,0.0,1.0,0.3333333333333333,Medium,0
24,Prefer not to say,Engineering,USA,0.0333333333333333,0.7600000000000001,0.9,0.0545454545454545,0.0,0.3333333333333333,1.0,Medium,1
26,Male,Healthcare,UK,0.4999999999999999,0.36,0.8,0.9090909090909092,1.0,0.6666666666666666,1.0,High,2
44,Non-binary,Education,Australia,0.4833333333333333,0.2,1.0,0.6545454545454544,1.0,0.3333333333333333,0.6666666666666666,Medium,2
24,Prefer not to say,Education,Australia,0.7666666666666665,0.5000000000000001,0.9,0.8181818181818182,1.0,1.0,1.0,High,2
24,Female,Education,Other,0.7333333333333333,1.0,0.3,0.1454545454545454,0.5,0.0,0.0,Low,0
50,Male,Finance,Australia,0.2166666666666666,0.68,0.2,0.4545454545454545,0.5,0.3333333333333333,0.3333333333333333,High,0
37,Prefer not to say,IT,India,0.15,0.92,0.4,0.7090909090909091,1.0,0.0,1.0,High,2
54,Non-binary,IT,UK,0.45,0.5400000000000001,0.9,0.6545454545454544,1.0,0.0,0.0,Low,2
42,Prefer not to say,Engineering,USA,0.5333333333333333,0.62,0.1,0.5818181818181818,0.5,0.3333333333333333,1.0,High,1
33,Female,Engineering,Canada,0.4333333333333332,0.1,1.0,0.0909090909090909,0.0,1.0,0.0,Low,0
62,Non-binary,Finance,Germany,0.5666666666666668,0.7600000000000001,0.0,0.2909090909090909,1.0,0.0,0.6666666666666666,High,2
58,Prefer not to say,Finance,Other,0.9166666666666666,0.9,0.6000000000000001,0.9272727272727272,1.0,0.3333333333333333,1.0,High,2
43,Male,Other,Canada,0.6999999999999998,0.4600000000000001,0.5,0.0545454545454545,0.5,0.0,0.0,Low,0
59,Non-binary,Sales,Australia,0.7666666666666665,0.2,0.4,0.9090909090909092,0.0,0.6666666666666666,0.0,Low,0
64,Non-binary,Finance,Canada,0.65,0.24,0.0,0.4545454545454545,0.0,1.0,0.3333333333333333,Medium,0
23,Female,Engineering,India,0.7833333333333331,1.0,0.2,0.5272727272727272,0.0,0.0,0.6666666666666666,Medium,1
18,Male,Finance,India,0.6333333333333332,0.14,0.0,0.7272727272727273,0.5,1.0,0.3333333333333333,High,0
31,Male,Healthcare,Germany,0.9166666666666666,0.3400000000000001,0.6000000000000001,0.0909090909090909,0.0,0.3333333333333333,0.0,Low,0
39,Male,Education,Other,0.0499999999999999,0.04,0.7000000000000001,0.8545454545454546,1.0,1.0,0.3333333333333333,High,2
32,Non-binary,Sales,Other,0.1166666666666667,0.18,0.5,0.2181818181818181,0.0,0.3333333333333333,0.3333333333333333,Low,0
22,Female,Healthcare,Australia,0.3833333333333332,0.26,0.5,0.1636363636363636,0.0,0.0,0.3333333333333333,Low,0
31,Female,Education,UK,0.3666666666666666,0.62,0.5,0.4181818181818181,0.0,0.3333333333333333,0.6666666666666666,Medium,1
57,Non-binary,Engineering,Australia,0.8000000000000002,0.64,0.9,0.0363636363636363,0.0,0.6666666666666666,0.0,Low,0
52,Female,Sales,UK,0.0833333333333333,0.8000000000000002,0.5,0.8727272727272727,1.0,1.0,0.6666666666666666,High,2
19,Male,Finance,USA,0.4666666666666667,0.92,0.8,0.3818181818181818,0.5,0.6666666666666666,0.0,Medium,0
37,Female,Education,India,0.8333333333333334,0.3400000000000001,1.0,0.0363636363636363,1.0,0.6666666666666666,1.0,Medium,2
54,Prefer not to say,Healthcare,USA,0.8166666666666668,0.64,0.4,0.2363636363636363,0.5,1.0,0.0,Low,0
43,Non-binary,Healthcare,USA,0.9166666666666666,0.82,0.7000000000000001,0.6363636363636364,1.0,1.0,0.0,Medium,2
59,Male,Finance,Canada,0.5833333333333334,0.08,0.7000000000000001,0.8363636363636363,0.0,0.6666666666666666,0.0,Low,0
43,Non-binary,IT,UK,0.15,0.22,0.1,0.2181818181818181,1.0,0.6666666666666666,0.6666666666666666,High,2
27,Male,IT,Other,0.5333333333333333,0.06,0.4,0.1090909090909091,0.0,0.3333333333333333,0.6666666666666666,Low,1
32,Female,Finance,Australia,0.6999999999999998,0.7000000000000001,0.2,0.5454545454545454,0.0,0.6666666666666666,1.0,High,1
32,Non-binary,Engineering,India,0.2,0.4600000000000001,0.2,0.4909090909090909,0.0,0.3333333333333333,1.0,High,1
32,Non-binary,Finance,India,0.3333333333333333,0.8000000000000002,0.6000000000000001,0.8545454545454546,0.5,1.0,0.0,High,0
37,Non-binary,IT,UK,0.4166666666666666,0.38,0.8,0.0,0.5,0.3333333333333333,0.0,Low,0
21,Non-binary,Engineering,UK,0.7666666666666665,0.5200000000000001,0.5,0.1818181818181818,0.0,0.3333333333333333,0.3333333333333333,Low,0
33,Female,Education,India,0.9333333333333332,0.68,0.2,0.2727272727272727,1.0,1.0,0.3333333333333333,High,2
53,Male,Sales,Germany,0.6333333333333332,0.62,0.6000000000000001,0.7454545454545454,0.0,1.0,0.0,Medium,0
26,Female,IT,Germany,0.9499999999999998,0.32,0.1,0.1090909090909091,0.5,0.0,0.3333333333333333,Low,0
36,Female,IT,India,0.7499999999999999,0.58,0.2,0.7636363636363637,0.0,1.0,0.6666666666666666,High,1
44,Non-binary,Finance,Canada,0.6,0.38,0.5,0.4,1.0,0.6666666666666666,0.6666666666666666,High,2
53,Male,Sales,USA,0.5166666666666665,0.04,0.1,0.7272727272727273,0.5,0.0,0.3333333333333333,Medium,0
65,Female,Sales,Other,0.9666666666666668,0.62,0.6000000000000001,0.890909090909091,0.0,0.3333333333333333,0.0,Low,0
31,Prefer not to say,Engineering,Canada,0.45,0.62,0.8,0.0363636363636363,0.0,0.3333333333333333,0.6666666666666666,Low,1
52,Female,Sales,USA,0.0333333333333333,0.2,0.1,0.3454545454545454,1.0,0.6666666666666666,0.0,High,2
35,Prefer not to say,Finance,Canada,0.1666666666666666,0.92,0.8,0.6909090909090909,1.0,1.0,0.0,High,2
51,Male,Finance,India,0.5333333333333333,0.36,0.3,0.2363636363636363,0.0,0.0,0.3333333333333333,Low,0
38,Male,Sales,India,0.0,0.4,1.0,0.9636363636363636,1.0,1.0,0.0,High,2
50,Female,Sales,India,0.6166666666666666,0.8000000000000002,0.5,0.8727272727272727,0.5,0.0,0.6666666666666666,High,1
27,Male,Education,USA,0.1833333333333332,0.58,0.4,0.3818181818181818,0.0,0.6666666666666666,1.0,High,1
54,Non-binary,Sales,India,0.3333333333333333,0.4800000000000001,0.1,0.4363636363636363,1.0,0.6666666666666666,1.0,High,2
54,Male,Healthcare,USA,0.8166666666666668,0.7200000000000001,0.2,0.9272727272727272,1.0,0.3333333333333333,0.6666666666666666,High,2
64,Male,IT,Other,0.3666666666666666,0.84,0.7000000000000001,0.1454545454545454,0.5,1.0,0.3333333333333333,Medium,0
45,Non-binary,Sales,USA,0.7499999999999999,0.5599999999999999,0.5,0.0,0.5,0.6666666666666666,0.0,Low,0
18,Prefer not to say,Healthcare,Australia,0.0833333333333333,0.64,0.0,0.3272727272727272,0.0,0.0,1.0,Medium,1
41,Male,Engineering,UK,0.8666666666666666,1.0,0.1,0.9454545454545454,1.0,0.3333333333333333,1.0,High,2
31,Male,Engineering,UK,0.4,0.04,0.3,0.1272727272727272,0.0,0.0,1.0,Low,1
55,Male,Healthcare,India,0.45,0.86,0.3,0.7818181818181817,0.5,0.6666666666666666,0.0,High,0
23,Prefer not to say,Engineering,USA,0.0666666666666667,0.7800000000000001,0.9,0.8181818181818182,0.5,1.0,1.0,High,1
34,Non-binary,IT,Canada,0.6333333333333332,0.32,0.3,0.7090909090909091,1.0,0.3333333333333333,0.3333333333333333,High,2
27,Non-binary,Healthcare,Germany,0.1166666666666667,0.1,0.1,0.9818181818181818,0.5,0.6666666666666666,0.6666666666666666,High,1
53,Female,Finance,India,0.6833333333333332,0.7400000000000001,0.7000000000000001,0.3272727272727272,1.0,0.3333333333333333,0.0,Low,2
45,Male,Education,Germany,0.4333333333333332,0.18,0.6000000000000001,0.7090909090909091,0.0,0.3333333333333333,1.0,Medium,1
32,Female,Finance,Germany,0.0666666666666667,0.28,0.1,0.6727272727272727,0.5,0.6666666666666666,1.0,High,1
24,Female,Finance,Canada,0.1666666666666666,0.88,0.3,0.1636363636363636,0.5,0.6666666666666666,0.0,High,0
35,Male,Other,Canada,0.1333333333333333,0.16,0.4,0.3272727272727272,0.5,0.0,0.3333333333333333,Low,0
40,Prefer not to say,Other,Germany,0.1333333333333333,0.7400000000000001,0.4,0.8181818181818182,1.0,0.0,0.0,High,2
50,Female,Healthcare,Australia,0.7666666666666665,0.9,0.5,0.8727272727272727,0.0,0.0,0.0,Low,0
36,Non-binary,Education,Other,0.2999999999999999,0.5400000000000001,0.9,0.1272727272727272,0.5,0.3333333333333333,0.0,Low,0
49,Prefer not to say,Finance,Canada,0.45,0.06,0.4,0.1090909090909091,0.0,0.0,0.3333333333333333,Low,0
64,Prefer not to say,Finance,India,0.6166666666666666,0.86,0.7000000000000001,0.7636363636363637,1.0,0.0,0.6666666666666666,High,2
54,Non-binary,Engineering,India,0.9,1.0,0.0,0.7818181818181817,0.0,0.3333333333333333,0.6666666666666666,High,1
50,Non-binary,Sales,India,0.5333333333333333,0.28,1.0,0.9454545454545454,0.0,1.0,0.0,Low,0
57,Non-binary,IT,USA,0.0666666666666667,0.6,0.8,0.4,0.5,1.0,0.0,Medium,0
29,Non-binary,Education,Other,0.7499999999999999,0.62,0.0,0.2545454545454545,0.0,0.0,0.0,Low,0
59,Female,Healthcare,Australia,0.4333333333333332,0.32,0.8,0.509090909090909,0.0,0.0,0.0,Low,0
46,Prefer not to say,IT,Canada,0.3833333333333332,0.4,0.4,0.1636363636363636,0.5,0.6666666666666666,0.3333333333333333,Medium,0
22,Non-binary,Education,India,0.85,0.08,0.3,0.1090909090909091,0.0,0.0,1.0,Low,1
24,Prefer not to say,Healthcare,Canada,0.1333333333333333,0.14,0.0,0.8545454545454546,0.0,0.0,0.3333333333333333,Medium,0
52,Female,Sales,Other,0.8833333333333334,0.86,0.2,0.2181818181818181,0.5,0.6666666666666666,0.6666666666666666,High,1
43,Female,Engineering,Other,0.7166666666666667,0.44,0.6000000000000001,0.4181818181818181,0.0,1.0,0.6666666666666666,Medium,1
65,Male,Other,Australia,0.0333333333333333,0.92,0.7000000000000001,0.8727272727272727,0.0,1.0,1.0,High,1
19,Female,IT,Canada,0.8833333333333334,0.42,0.8,0.1636363636363636,1.0,0.0,0.6666666666666666,Low,2
45,Non-binary,Sales,Australia,0.9833333333333332,0.02,0.8,0.0181818181818181,0.0,0.6666666666666666,1.0,Low,1
23,Female,Healthcare,USA,0.2,0.94,0.2,0.6181818181818182,0.0,1.0,0.3333333333333333,High,0
39,Female,Other,India,0.65,0.7400000000000001,0.0,0.3818181818181818,1.0,0.6666666666666666,0.0,High,2
29,Female,Healthcare,UK,0.8666666666666666,0.84,0.8,0.509090909090909,1.0,1.0,1.0,High,2
32,Female,Engineering,India,0.5166666666666665,0.68,0.0,0.1090909090909091,0.5,0.0,0.3333333333333333,Medium,0
25,Female,Other,India,0.8833333333333334,0.06,0.4,0.0909090909090909,0.0,1.0,1.0,Low,1
44,Non-binary,Finance,Australia,0.7166666666666667,0.44,0.8,0.5454545454545454,0.0,0.0,1.0,Low,1
44,Female,Healthcare,Canada,0.2166666666666666,0.5000000000000001,0.7000000000000001,0.6181818181818182,0.0,0.3333333333333333,0.0,Low,0
41,Female,Engineering,India,1.0,0.86,0.2,0.8,1.0,1.0,0.3333333333333333,High,2
50,Prefer not to say,Sales,Australia,0.0166666666666666,0.4800000000000001,0.9,0.1454545454545454,0.5,0.3333333333333333,0.0,Low,0
47,Male,IT,USA,0.7166666666666667,0.12,0.7000000000000001,0.0545454545454545,0.0,0.0,0.0,Low,0
21,Female,Finance,Canada,0.85,0.36,0.0,0.4727272727272728,0.0,0.0,0.3333333333333333,Low,0
38,Male,Other,India,0.5499999999999999,0.62,0.6000000000000001,0.0,1.0,0.0,0.0,Low,2
20,Female,Sales,UK,0.65,0.98,0.1,0.6545454545454544,0.5,0.6666666666666666,0.3333333333333333,High,0
31,Male,Sales,Canada,0.0999999999999999,0.18,0.7000000000000001,0.5636363636363636,0.0,0.0,0.0,Low,0
61,Female,Finance,USA,0.6666666666666666,0.38,0.3,0.4,0.5,1.0,0.6666666666666666,High,1
63,Non-binary,Finance,India,0.1333333333333333,0.32,0.5,0.7636363636363637,0.5,1.0,1.0,High,1
27,Female,Sales,Germany,0.9666666666666668,0.7200000000000001,0.1,0.7636363636363637,1.0,0.3333333333333333,0.0,High,2
19,Prefer not to say,Finance,Germany,0.5833333333333334,1.0,0.5,0.0545454545454545,1.0,0.6666666666666666,0.3333333333333333,High,2
48,Male,Education,Other,0.2999999999999999,0.96,0.7000000000000001,0.6363636363636364,0.0,0.3333333333333333,0.3333333333333333,Medium,0
45,Prefer not to say,Education,UK,0.3166666666666667,0.1,1.0,0.6545454545454544,0.5,0.0,0.0,Low,0
28,Male,Engineering,Canada,0.6166666666666666,0.42,0.3,0.3272727272727272,0.0,1.0,0.3333333333333333,Medium,0
53,Prefer not to say,Engineering,Canada,0.4,0.16,0.7000000000000001,0.0181818181818181,0.0,0.6666666666666666,1.0,Low,1
37,Female,Engineering,Australia,0.3166666666666667,0.7800000000000001,0.6000000000000001,0.4545454545454545,1.0,1.0,1.0,High,2
34,Non-binary,IT,Canada,0.9166666666666666,0.08,0.5,0.3818181818181818,0.5,1.0,1.0,Medium,1
46,Female,Education,India,0.5833333333333334,0.64,0.0,0.8363636363636363,0.5,0.3333333333333333,1.0,High,1
43,Male,IT,USA,0.25,0.4,0.7000000000000001,0.1818181818181818,0.5,0.3333333333333333,0.6666666666666666,Medium,1
35,Non-binary,Education,Canada,0.7499999999999999,0.9,0.4,0.7454545454545454,0.5,0.3333333333333333,1.0,High,1
35,Prefer not to say,Engineering,UK,0.0999999999999999,0.88,0.1,0.4909090909090909,0.5,1.0,1.0,High,1
28,Female,Education,Canada,0.6,0.98,0.5,0.3454545454545454,1.0,0.0,0.0,Medium,2
57,Male,Other,Germany,0.6,0.7600000000000001,0.1,0.4363636363636363,1.0,1.0,1.0,High,2
61,Prefer not to say,Other,USA,0.4666666666666667,0.12,0.1,0.9454545454545454,1.0,0.6666666666666666,0.3333333333333333,High,2
46,Female,Education,Other,0.0499999999999999,0.7800000000000001,0.4,0.1818181818181818,0.0,0.6666666666666666,0.0,Medium,0
65,Non-binary,Healthcare,Germany,0.8000000000000002,0.7600000000000001,0.1,0.7272727272727273,1.0,1.0,0.6666666666666666,High,2
65,Male,IT,Canada,0.7666666666666665,0.38,0.7000000000000001,0.9090909090909092,0.5,0.6666666666666666,0.3333333333333333,Medium,0
53,Prefer not to say,Engineering,India,0.25,0.38,0.7000000000000001,0.3454545454545454,0.5,0.6666666666666666,0.0,Medium,0
28,Prefer not to say,Other,UK,0.6666666666666666,0.5400000000000001,0.4,0.7272727272727273,1.0,0.6666666666666666,1.0,High,2
38,Prefer not to say,Engineering,USA,0.8333333333333334,0.28,0.9,0.8181818181818182,0.0,0.3333333333333333,0.0,Low,0
60,Male,IT,India,0.2833333333333333,0.98,1.0,0.6363636363636364,1.0,0.3333333333333333,0.3333333333333333,High,2
57,Female,Sales,Other,0.15,0.64,0.6000000000000001,0.5272727272727272,0.5,0.3333333333333333,0.0,Medium,0
23,Female,Other,Germany,0.65,0.06,0.5,0.2363636363636363,0.5,0.6666666666666666,0.0,Low,0
44,Female,Sales,USA,0.6833333333333332,0.92,0.3,0.7090909090909091,0.5,1.0,0.0,High,0
21,Prefer not to say,Healthcare,Canada,0.4,0.2,0.0,0.4909090909090909,0.0,0.3333333333333333,0.0,Low,0
19,Prefer not to say,Other,UK,0.2999999999999999,0.06,0.6000000000000001,0.1636363636363636,1.0,0.0,0.0,Low,2
47,Female,IT,UK,0.9666666666666668,0.4800000000000001,0.4,0.6,0.0,1.0,1.0,Medium,1
22,Non-binary,Finance,USA,0.45,0.84,0.0,0.0545454545454545,0.5,1.0,0.6666666666666666,High,1
19,Non-binary,IT,UK,0.7333333333333333,0.64,0.2,0.1090909090909091,1.0,1.0,0.0,Medium,2
32,Female,Finance,USA,0.0999999999999999,0.1,0.6000000000000001,0.1272727272727272,0.0,0.6666666666666666,0.0,Low,0
48,Male,Healthcare,UK,0.5833333333333334,0.1,0.3,0.2363636363636363,0.0,1.0,0.0,Low,0
46,Male,Other,Canada,0.7833333333333331,0.4600000000000001,0.5,0.7090909090909091,1.0,0.6666666666666666,1.0,High,2
61,Non-binary,Finance,Other,0.7499999999999999,0.64,1.0,0.3636363636363636,0.5,0.0,0.6666666666666666,Low,1
57,Non-binary,Sales,India,0.7333333333333333,0.4,0.0,0.3454545454545454,1.0,1.0,0.6666666666666666,High,2
47,Male,Engineering,Australia,0.5166666666666665,0.7800000000000001,0.0,0.2181818181818181,1.0,0.6666666666666666,0.6666666666666666,High,2
61,Male,IT,UK,0.65,0.3400000000000001,0.8,0.2,0.0,0.3333333333333333,0.6666666666666666,Low,1
30,Male,Finance,USA,0.2,0.1,0.6000000000000001,0.6363636363636364,1.0,0.3333333333333333,0.0,Medium,2
26,Prefer not to say,Sales,UK,0.8000000000000002,0.5000000000000001,1.0,0.6727272727272727,0.0,1.0,0.6666666666666666,Medium,1
65,Female,Finance,Canada,0.0999999999999999,0.66,0.8,0.5636363636363636,1.0,0.3333333333333333,0.3333333333333333,High,2
44,Non-binary,Finance,Other,0.1666666666666666,0.32,0.9,0.4363636363636363,0.0,1.0,1.0,Medium,1
24,Female,Education,Other,0.0999999999999999,0.5599999999999999,0.8,0.2363636363636363,0.5,1.0,0.3333333333333333,Medium,0
64,Prefer not to say,IT,Other,0.0666666666666667,0.66,0.5,0.9272727272727272,1.0,0.0,1.0,High,2
47,Prefer not to say,Engineering,Other,0.4999999999999999,0.5400000000000001,1.0,0.1818181818181818,1.0,0.3333333333333333,0.0,Low,2
65,Prefer not to say,Other,UK,0.9166666666666666,0.42,0.8,0.2545454545454545,1.0,0.6666666666666666,1.0,Medium,2
27,Female,IT,Other,0.2,0.5599999999999999,0.4,0.8545454545454546,0.0,0.6666666666666666,0.3333333333333333,High,0
39,Non-binary,Education,Australia,0.6,0.0,0.0,0.1090909090909091,1.0,0.0,0.0,Low,2
51,Male,Healthcare,UK,0.4333333333333332,0.18,1.0,0.2363636363636363,1.0,0.0,0.6666666666666666,Low,2
36,Prefer not to say,Education,UK,0.6833333333333332,0.7600000000000001,1.0,0.2727272727272727,0.0,0.0,0.6666666666666666,Low,1
43,Prefer not to say,IT,Other,0.0499999999999999,0.28,0.7000000000000001,0.2,0.0,0.3333333333333333,0.0,Low,0
47,Prefer not to say,Other,USA,0.9333333333333332,0.2,0.7000000000000001,0.6363636363636364,0.5,1.0,0.3333333333333333,Low,0
39,Female,Finance,UK,0.9499999999999998,0.84,0.5,0.0363636363636363,1.0,1.0,1.0,High,2
36,Male,Education,UK,0.0166666666666666,0.1,0.8,0.2727272727272727,0.0,0.0,0.6666666666666666,Low,1
31,Male,IT,Australia,0.15,0.58,0.8,0.8,1.0,0.3333333333333333,1.0,High,2
52,Male,Healthcare,USA,0.4166666666666666,0.42,0.5,0.5818181818181818,0.0,0.6666666666666666,0.3333333333333333,Medium,0
42,Non-binary,Engineering,Canada,0.4999999999999999,0.5200000000000001,0.0,0.7636363636363637,0.0,1.0,0.6666666666666666,High,1
41,Prefer not to say,Healthcare,UK,0.9166666666666666,0.5599999999999999,0.4,0.6181818181818182,0.0,0.3333333333333333,0.0,Low,0
56,Male,Other,Canada,0.2166666666666666,0.64,1.0,0.0909090909090909,0.0,0.3333333333333333,0.0,Low,0
37,Female,Engineering,Other,0.3666666666666666,0.1,0.4,0.0,1.0,0.3333333333333333,1.0,Medium,2
45,Non-binary,Sales,Canada,0.8000000000000002,0.92,0.1,0.509090909090909,0.5,0.6666666666666666,0.6666666666666666,High,1
48,Non-binary,Other,India,0.9,0.4600000000000001,0.3,0.7454545454545454,1.0,0.6666666666666666,0.0,High,2
39,Male,Education,UK,0.35,0.88,1.0,0.890909090909091,0.0,0.6666666666666666,1.0,High,1
28,Male,IT,USA,0.8000000000000002,0.4,0.5,0.8181818181818182,0.5,0.0,0.6666666666666666,Medium,1
65,Non-binary,Finance,Germany,0.6333333333333332,0.92,0.9,0.1818181818181818,0.5,1.0,0.3333333333333333,Medium,0
49,Female,IT,Australia,0.2666666666666666,0.84,0.2,0.4,0.5,0.3333333333333333,0.6666666666666666,High,1
44,Prefer not to say,Finance,Other,0.4833333333333333,0.26,0.6000000000000001,0.8363636363636363,0.5,0.0,0.6666666666666666,Medium,1
32,Female,Healthcare,Canada,0.25,0.82,0.1,0.4,0.5,0.0,1.0,High,1
34,Non-binary,Education,Canada,0.2166666666666666,0.9,0.5,0.5818181818181818,0.5,1.0,0.0,High,0
36,Female,IT,Australia,0.8166666666666668,0.68,0.9,0.0545454545454545,0.0,0.6666666666666666,0.0,Low,0
33,Non-binary,Other,India,0.2166666666666666,0.04,0.2,0.2,0.0,1.0,0.3333333333333333,Medium,0
37,Non-binary,Other,India,0.0499999999999999,0.42,0.2,0.6363636363636364,0.0,1.0,0.6666666666666666,High,1
18,Prefer not to say,IT,Other,0.4333333333333332,0.82,0.6000000000000001,0.4727272727272728,0.0,0.0,0.6666666666666666,Medium,1
33,Male,Finance,Canada,0.2,0.26,0.3,0.6363636363636364,0.5,0.6666666666666666,0.3333333333333333,High,0
40,Male,Sales,Australia,0.0666666666666667,0.84,0.8,0.4363636363636363,0.0,0.6666666666666666,0.0,Medium,0
44,Prefer not to say,Finance,India,0.45,0.38,0.2,0.9272727272727272,0.0,1.0,0.3333333333333333,High,0
65,Prefer not to say,Finance,Other,0.8000000000000002,0.06,0.4,0.1272727272727272,0.0,1.0,0.0,Low,0
60,Female,Other,USA,0.1833333333333332,0.82,0.7000000000000001,0.8,1.0,1.0,0.3333333333333333,High,2
36,Non-binary,Finance,Other,0.1833333333333332,0.66,0.3,0.1090909090909091,0.0,0.6666666666666666,0.6666666666666666,High,1
25,Female,Healthcare,UK,0.6,0.68,0.3,0.8363636363636363,0.0,0.6666666666666666,0.0,High,0
39,Female,Other,Canada,0.35,0.62,0.4,0.3090909090909091,1.0,1.0,0.0,Medium,2
38,Non-binary,Finance,Australia,0.2833333333333333,0.4600000000000001,0.3,0.4,0.0,1.0,0.6666666666666666,High,1
47,Non-binary,Engineering,Australia,0.3166666666666667,0.66,0.9,0.3454545454545454,0.0,0.3333333333333333,0.3333333333333333,Medium,0
63,Male,IT,Other,0.25,0.32,0.0,0.3272727272727272,1.0,0.0,0.3333333333333333,Medium,2
35,Non-binary,IT,Canada,0.35,0.9,0.0,1.0,0.0,0.0,0.6666666666666666,High,1
27,Prefer not to say,Healthcare,Germany,0.45,0.2,1.0,0.1636363636363636,1.0,1.0,0.0,Low,2
58,Prefer not to say,Education,Canada,0.3666666666666666,0.08,0.4,0.5272727272727272,1.0,0.3333333333333333,0.3333333333333333,Medium,2
43,Female,Finance,Canada,0.2166666666666666,0.06,0.2,0.7090909090909091,1.0,1.0,0.6666666666666666,High,2
53,Non-binary,Finance,Other,0.25,0.1,0.4,1.0,0.0,1.0,0.0,Medium,0
36,Prefer not to say,Sales,UK,0.2,0.0,1.0,0.9636363636363636,0.0,0.3333333333333333,0.0,Low,0
34,Male,IT,Australia,0.7333333333333333,0.1,0.1,0.0909090909090909,0.0,0.6666666666666666,0.3333333333333333,Low,0
24,Non-binary,IT,USA,0.7666666666666665,0.62,1.0,0.4727272727272728,0.0,1.0,0.0,Low,0
37,Prefer not to say,IT,UK,0.6666666666666666,0.8000000000000002,0.1,0.8545454545454546,0.5,0.6666666666666666,0.3333333333333333,High,0
45,Male,Other,Germany,0.0666666666666667,0.62,0.8,0.9818181818181818,1.0,1.0,1.0,High,2
32,Female,Sales,UK,0.5166666666666665,0.82,0.6000000000000001,0.6545454545454544,1.0,0.3333333333333333,0.6666666666666666,High,2
46,Non-binary,Finance,UK,0.0833333333333333,0.42,0.1,0.1454545454545454,1.0,0.3333333333333333,1.0,High,2
31,Non-binary,Education,Germany,0.5166666666666665,0.92,0.5,0.2363636363636363,1.0,1.0,0.6666666666666666,High,2
52,Prefer not to say,Education,Other,0.7166666666666667,0.86,0.6000000000000001,0.7272727272727273,0.5,1.0,1.0,High,1
38,Prefer not to say,Education,USA,0.7666666666666665,0.44,0.7000000000000001,0.6545454545454544,0.5,1.0,0.6666666666666666,Medium,1
59,Prefer not to say,Engineering,Australia,0.2666666666666666,0.62,0.3,0.4,0.5,0.3333333333333333,0.3333333333333333,High,0
49,Male,Sales,Germany,0.2166666666666666,0.94,0.8,0.8727272727272727,0.0,0.3333333333333333,1.0,High,1
32,Non-binary,Finance,Canada,0.8666666666666666,0.82,0.4,0.7818181818181817,0.5,1.0,0.6666666666666666,High,1
21,Female,IT,Canada,0.9166666666666666,1.0,0.9,0.0181818181818181,0.0,0.0,0.3333333333333333,Low,0
36,Male,IT,Australia,0.6833333333333332,0.14,0.7000000000000001,0.6909090909090909,1.0,0.0,0.3333333333333333,Low,2
47,Male,Healthcare,India,0.8000000000000002,0.18,0.1,0.890909090909091,1.0,1.0,1.0,High,2
48,Non-binary,Other,UK,0.2833333333333333,0.66,0.1,0.8727272727272727,0.0,0.6666666666666666,0.0,High,0
18,Non-binary,Finance,Australia,0.4166666666666666,0.98,0.8,0.3090909090909091,1.0,0.0,1.0,Medium,2
31,Non-binary,IT,Australia,0.0999999999999999,0.4,0.2,0.509090909090909,0.5,0.0,0.0,Medium,0
63,Prefer not to say,Education,India,0.45,0.96,0.3,1.0,0.5,0.0,0.6666666666666666,High,1
43,Prefer not to say,IT,Germany,0.2,0.4,0.1,0.6545454545454544,1.0,0.0,0.6666666666666666,High,2
28,Female,Other,Germany,0.45,0.5599999999999999,0.6000000000000001,0.9272727272727272,1.0,1.0,0.6666666666666666,High,2
18,Male,Sales,Germany,0.4166666666666666,0.28,0.4,0.509090909090909,1.0,1.0,0.6666666666666666,High,2
34,Prefer not to say,Engineering,Australia,0.6666666666666666,0.06,0.5,0.8363636363636363,0.0,1.0,1.0,Medium,1
23,Non-binary,Other,Canada,0.0666666666666667,0.08,1.0,0.8545454545454546,1.0,0.6666666666666666,0.6666666666666666,High,2
49,Female,Engineering,Canada,0.4,0.82,0.1,0.1272727272727272,1.0,0.6666666666666666,0.6666666666666666,High,2
59,Non-binary,Engineering,Other,0.0999999999999999,0.24,0.7000000000000001,0.1454545454545454,1.0,0.6666666666666666,0.3333333333333333,Medium,2
54,Female,Healthcare,Other,0.0833333333333333,0.1,0.7000000000000001,0.7636363636363637,0.0,0.3333333333333333,0.0,Low,0
49,Female,Education,Australia,0.8833333333333334,0.96,0.9,0.1090909090909091,1.0,0.3333333333333333,0.6666666666666666,Medium,2
58,Non-binary,Engineering,Australia,0.45,0.7400000000000001,0.5,0.5636363636363636,0.5,0.3333333333333333,1.0,High,1
53,Male,Education,UK,0.3666666666666666,0.4,0.0,0.9272727272727272,1.0,0.3333333333333333,0.3333333333333333,High,2
58,Prefer not to say,Finance,Canada,0.6333333333333332,0.96,0.2,0.2727272727272727,0.5,0.3333333333333333,0.0,Medium,0
36,Non-binary,Healthcare,USA,0.2333333333333334,0.92,0.8,0.8181818181818182,0.0,0.3333333333333333,1.0,High,1
19,Prefer not to say,Sales,India,0.3333333333333333,0.16,1.0,0.3090909090909091,0.5,0.0,0.3333333333333333,Low,0
18,Female,Finance,Canada,0.7333333333333333,0.22,0.4,0.4363636363636363,0.5,0.0,0.6666666666666666,Low,1
59,Male,IT,India,0.7666666666666665,0.7600000000000001,0.3,0.6727272727272727,0.5,0.3333333333333333,0.3333333333333333,High,0
52,Non-binary,IT,Australia,0.7666666666666665,0.92,1.0,0.6,0.0,0.0,1.0,Low,1
43,Non-binary,Engineering,Australia,0.5166666666666665,0.6,0.3,0.5636363636363636,1.0,0.6666666666666666,0.0,High,2
62,Prefer not to say,IT,Canada,0.5166666666666665,0.3400000000000001,0.2,0.0,0.5,0.0,1.0,Medium,1
40,Female,Other,USA,0.4166666666666666,0.3400000000000001,0.1,0.6727272727272727,0.5,1.0,0.0,High,0
29,Female,IT,Other,0.9333333333333332,0.96,0.6000000000000001,0.9454545454545454,1.0,0.0,1.0,High,2
32,Female,Education,USA,0.8000000000000002,0.16,0.0,0.7818181818181817,1.0,1.0,0.6666666666666666,High,2
50,Prefer not to say,Sales,UK,0.7833333333333331,0.64,0.4,0.4363636363636363,0.0,0.0,0.0,Low,0
53,Prefer not to say,Other,Canada,0.0999999999999999,0.08,0.5,0.4363636363636363,1.0,0.6666666666666666,1.0,High,2
62,Male,Sales,India,0.4833333333333333,0.28,0.1,0.1454545454545454,1.0,0.6666666666666666,0.6666666666666666,High,2
56,Non-binary,Other,Germany,0.9,0.02,0.0,0.4545454545454545,0.0,0.6666666666666666,1.0,Medium,1
40,Female,Healthcare,Canada,0.8666666666666666,0.8000000000000002,1.0,0.6909090909090909,1.0,0.3333333333333333,1.0,High,2
53,Prefer not to say,IT,UK,0.8000000000000002,0.5400000000000001,0.7000000000000001,0.9818181818181818,1.0,0.0,0.6666666666666666,Medium,2
53,Female,Finance,UK,0.5333333333333333,0.5599999999999999,0.2,0.7636363636363637,1.0,0.0,1.0,High,2
22,Female,Education,Australia,0.1166666666666667,0.98,0.4,0.9818181818181818,0.5,0.6666666666666666,0.0,High,0
62,Prefer not to say,Engineering,USA,0.5166666666666665,1.0,0.6000000000000001,0.7818181818181817,0.0,0.3333333333333333,0.0,Medium,0
27,Prefer not to say,Other,Germany,0.4,0.24,0.8,0.9636363636363636,0.0,1.0,0.6666666666666666,Medium,1
54,Male,Engineering,Australia,0.1166666666666667,0.62,0.1,0.6909090909090909,0.5,1.0,1.0,High,1
52,Male,Healthcare,Other,0.3833333333333332,0.3400000000000001,0.9,0.4727272727272728,0.5,0.3333333333333333,0.0,Low,0
46,Prefer not to say,Education,Australia,0.9,0.2,0.6000000000000001,0.5454545454545454,0.5,1.0,0.6666666666666666,Medium,1
43,Non-binary,IT,Australia,0.7166666666666667,0.36,0.7000000000000001,0.0909090909090909,0.0,0.6666666666666666,1.0,Low,1
30,Prefer not to say,Engineering,Australia,0.15,0.7800000000000001,0.5,0.2363636363636363,1.0,1.0,0.3333333333333333,High,2
26,Female,Sales,India,0.9166666666666666,0.9,0.9,0.9090909090909092,0.0,0.6666666666666666,0.3333333333333333,Medium,0
59,Prefer not to say,Engineering,India,0.4166666666666666,0.84,1.0,0.1090909090909091,0.5,0.3333333333333333,0.6666666666666666,Medium,1
52,Female,Sales,UK,0.4833333333333333,0.96,0.3,0.7636363636363637,1.0,1.0,0.0,High,2
18,Female,Education,USA,0.7666666666666665,0.4,0.3,0.3636363636363636,0.5,1.0,0.0,Medium,0
46,Female,Finance,UK,0.15,0.68,0.8,0.2727272727272727,0.0,0.3333333333333333,1.0,Medium,1
30,Non-binary,Education,Canada,0.3833333333333332,0.08,0.3,0.0181818181818181,0.0,1.0,1.0,Medium,1
44,Male,Finance,Australia,0.1333333333333333,0.36,0.6000000000000001,0.9090909090909092,0.5,0.0,1.0,High,1
34,Male,Sales,India,0.6833333333333332,0.02,0.1,0.4545454545454545,1.0,1.0,0.0,Medium,2
24,Prefer not to say,Healthcare,Germany,0.3166666666666667,0.8000000000000002,0.3,0.6727272727272727,0.5,0.6666666666666666,1.0,High,1
53,Non-binary,Engineering,USA,0.0,0.6,0.1,0.6545454545454544,0.5,1.0,0.3333333333333333,High,0
45,Non-binary,Engineering,USA,0.7333333333333333,0.8000000000000002,0.4,0.6363636363636364,0.5,1.0,0.0,Medium,0
44,Prefer not to say,Sales,India,0.0999999999999999,0.02,0.1,0.3818181818181818,0.0,1.0,0.0,Medium,0
25,Male,Education,USA,0.7833333333333331,0.38,0.2,0.6181818181818182,0.5,0.6666666666666666,0.6666666666666666,High,1
33,Non-binary,Healthcare,Canada,0.5833333333333334,0.24,0.5,0.8545454545454546,0.5,0.0,0.6666666666666666,Medium,1
41,Prefer not to say,Healthcare,Other,0.7499999999999999,0.92,0.4,0.4909090909090909,1.0,0.3333333333333333,0.0,Medium,2
30,Non-binary,Education,India,0.7666666666666665,0.7000000000000001,0.0,0.4,1.0,0.6666666666666666,0.3333333333333333,High,2
64,Non-binary,IT,UK,0.9499999999999998,0.62,0.6000000000000001,0.7818181818181817,0.5,0.6666666666666666,1.0,High,1
64,Male,Education,USA,0.5499999999999999,0.68,0.1,0.4909090909090909,0.0,0.0,0.3333333333333333,Medium,0
42,Non-binary,Other,India,0.5499999999999999,0.44,0.0,0.6363636363636364,0.0,0.6666666666666666,0.6666666666666666,High,1
20,Male,Healthcare,USA,0.2,0.26,0.8,0.0545454545454545,0.5,0.0,0.3333333333333333,Low,0
27,Male,IT,Australia,0.8000000000000002,0.5000000000000001,1.0,0.8,1.0,0.0,1.0,Medium,2
33,Male,Education,UK,0.8833333333333334,0.8000000000000002,0.0,0.1818181818181818,0.0,0.3333333333333333,0.0,Low,0
52,Female,IT,UK,0.2999999999999999,0.7600000000000001,0.8,0.5454545454545454,0.5,1.0,0.3333333333333333,High,0
58,Non-binary,IT,India,0.4166666666666666,0.7800000000000001,0.7000000000000001,0.7272727272727273,0.5,1.0,1.0,High,1
45,Female,Engineering,Other,0.7499999999999999,0.5599999999999999,0.5,0.2727272727272727,0.5,1.0,0.0,Low,0
42,Male,Other,Australia,0.7166666666666667,0.9,0.7000000000000001,0.509090909090909,0.0,0.6666666666666666,0.0,Low,0
27,Male,Other,USA,0.5833333333333334,1.0,0.9,0.890909090909091,0.5,0.6666666666666666,0.6666666666666666,High,1
32,Non-binary,Other,USA,0.1333333333333333,0.26,0.5,0.4363636363636363,0.5,0.0,0.0,Low,0
32,Male,Finance,Canada,0.4666666666666667,0.5000000000000001,0.5,0.6545454545454544,1.0,0.0,0.3333333333333333,Medium,2
63,Male,Engineering,Germany,0.25,0.96,0.3,0.7454545454545454,0.0,1.0,0.3333333333333333,High,0
25,Male,Finance,Australia,0.6999999999999998,0.4600000000000001,0.8,0.9454545454545454,0.5,0.3333333333333333,0.6666666666666666,Medium,1
56,Male,IT,Germany,0.7666666666666665,0.28,1.0,0.7636363636363637,1.0,0.6666666666666666,0.3333333333333333,Medium,2
33,Female,Sales,Other,0.1666666666666666,0.6,0.1,0.7818181818181817,1.0,0.3333333333333333,1.0,High,2
55,Male,Other,Germany,0.2333333333333334,0.68,0.2,0.5818181818181818,0.5,0.0,0.6666666666666666,High,1
50,Prefer not to say,Sales,UK,0.6,0.88,0.8,0.6909090909090909,1.0,0.3333333333333333,0.3333333333333333,High,2
39,Female,Healthcare,India,0.2166666666666666,0.84,0.6000000000000001,0.8545454545454546,0.0,0.6666666666666666,0.6666666666666666,High,1
65,Non-binary,Education,Australia,0.5499999999999999,0.0,0.0,0.7454545454545454,0.0,0.6666666666666666,0.6666666666666666,High,1
48,Non-binary,Healthcare,Germany,0.9499999999999998,0.26,0.7000000000000001,0.0545454545454545,1.0,0.0,1.0,Low,2
27,Prefer not to say,Sales,Germany,0.5166666666666665,0.4800000000000001,0.8,0.2363636363636363,0.5,0.0,1.0,Low,1
19,Non-binary,Finance,India,0.25,0.36,0.6000000000000001,0.9454545454545454,1.0,1.0,0.3333333333333333,High,2
25,Female,Education,Germany,0.2333333333333334,0.86,0.3,0.7272727272727273,0.5,1.0,1.0,High,1
34,Female,IT,USA,0.0499999999999999,0.7400000000000001,0.8,0.4545454545454545,0.0,0.6666666666666666,0.0,Medium,0
53,Prefer not to say,IT,Canada,0.0666666666666667,0.66,0.5,0.2181818181818181,0.0,0.6666666666666666,0.6666666666666666,High,1
19,Non-binary,Finance,Australia,0.0999999999999999,0.4,0.2,0.1818181818181818,0.5,0.6666666666666666,0.3333333333333333,High,0
39,Male,Engineering,India,0.6999999999999998,0.7400000000000001,0.6000000000000001,0.7818181818181817,1.0,0.6666666666666666,0.6666666666666666,High,2
56,Male,Engineering,USA,0.6999999999999998,1.0,0.1,0.2909090909090909,1.0,0.0,0.3333333333333333,Medium,2
44,Female,Engineering,UK,0.0,0.22,0.4,0.3272727272727272,1.0,0.6666666666666666,0.0,Medium,2
57,Female,Healthcare,India,0.0499999999999999,0.58,0.6000000000000001,0.6727272727272727,0.0,0.6666666666666666,1.0,High,1
25,Female,IT,India,0.9833333333333332,0.6,0.0,0.6545454545454544,0.5,1.0,1.0,High,1
48,Non-binary,Education,Australia,0.3333333333333333,0.82,0.0,0.8545454545454546,1.0,0.0,1.0,High,2
43,Non-binary,Education,Canada,0.3666666666666666,0.92,0.8,0.9090909090909092,1.0,1.0,0.3333333333333333,High,2
26,Prefer not to say,IT,USA,0.8166666666666668,0.02,0.4,0.4909090909090909,1.0,0.3333333333333333,0.0,Low,2
60,Non-binary,Sales,UK,0.1166666666666667,0.38,0.5,0.8363636363636363,0.0,0.6666666666666666,1.0,High,1
42,Prefer not to say,Education,UK,0.6,0.7600000000000001,0.3,0.2,0.5,0.0,0.3333333333333333,Medium,0
39,Female,IT,India,0.8166666666666668,0.44,0.7000000000000001,0.0727272727272727,0.0,0.0,0.3333333333333333,Low,0
34,Non-binary,Healthcare,UK,0.9666666666666668,0.58,0.0,0.4181818181818181,0.0,0.0,0.3333333333333333,Low,0
57,Female,Healthcare,UK,0.8166666666666668,0.58,0.3,0.7454545454545454,1.0,0.6666666666666666,0.6666666666666666,High,2
52,Male,IT,Canada,0.8666666666666666,0.16,0.6000000000000001,0.2181818181818181,0.5,0.3333333333333333,0.6666666666666666,Low,1
38,Male,IT,Australia,0.85,0.5200000000000001,0.8,0.8727272727272727,1.0,1.0,0.0,Medium,2
46,Prefer not to say,Engineering,India,0.2833333333333333,0.92,0.1,0.0545454545454545,1.0,0.3333333333333333,0.0,High,2
22,Prefer not to say,Finance,USA,0.1666666666666666,0.5400000000000001,0.8,0.2363636363636363,0.5,0.6666666666666666,0.3333333333333333,Medium,0
22,Prefer not to say,Healthcare,Other,0.7666666666666665,0.7600000000000001,0.1,0.6,1.0,1.0,0.6666666666666666,High,2
44,Male,Finance,Canada,0.5833333333333334,0.0,0.6000000000000001,0.2727272727272727,0.5,0.0,0.3333333333333333,Low,0
52,Prefer not to say,Engineering,USA,0.6833333333333332,0.4600000000000001,0.1,0.4,0.0,0.3333333333333333,0.6666666666666666,Medium,1
32,Female,Finance,Other,0.9499999999999998,0.04,0.7000000000000001,0.3272727272727272,1.0,0.3333333333333333,0.6666666666666666,Low,2
48,Male,Engineering,Canada,0.7333333333333333,0.14,1.0,0.2909090909090909,0.0,0.3333333333333333,0.6666666666666666,Low,1
55,Prefer not to say,Engineering,India,0.7833333333333331,0.3,0.1,0.6181818181818182,0.0,1.0,0.6666666666666666,Medium,1
42,Non-binary,Healthcare,Germany,0.9166666666666666,0.4800000000000001,0.8,0.4,0.5,1.0,0.6666666666666666,Medium,1
37,Prefer not to say,IT,India,0.25,0.42,0.9,0.0545454545454545,0.0,1.0,0.6666666666666666,Medium,1
20,Non-binary,Sales,USA,0.6166666666666666,0.5200000000000001,0.1,0.8,0.5,0.0,0.0,Medium,0
30,Male,Finance,Australia,0.9333333333333332,0.7800000000000001,0.3,0.8363636363636363,0.0,0.0,0.3333333333333333,Medium,0
60,Non-binary,Sales,UK,0.2166666666666666,0.64,0.6000000000000001,0.6363636363636364,1.0,1.0,1.0,High,2
22,Male,Engineering,Australia,0.2666666666666666,0.24,0.7000000000000001,0.6909090909090909,0.0,0.3333333333333333,0.6666666666666666,Medium,1
31,Male,IT,Other,0.4333333333333332,0.8000000000000002,0.2,0.2363636363636363,1.0,1.0,0.3333333333333333,High,2
50,Non-binary,Finance,USA,0.8000000000000002,0.94,1.0,0.9090909090909092,0.5,0.0,0.0,Low,0
60,Non-binary,Other,Other,0.5333333333333333,0.96,0.8,0.4909090909090909,0.0,0.3333333333333333,1.0,Medium,1
29,Prefer not to say,Engineering,Canada,0.0833333333333333,0.38,0.6000000000000001,0.6181818181818182,0.0,0.6666666666666666,0.6666666666666666,High,1
18,Prefer not to say,IT,Canada,0.7666666666666665,0.82,1.0,0.8545454545454546,0.0,0.3333333333333333,1.0,Medium,1
32,Non-binary,Finance,USA,0.2333333333333334,0.7200000000000001,0.5,0.6545454545454544,0.0,0.3333333333333333,0.0,Medium,0
22,Non-binary,Engineering,USA,0.6833333333333332,0.18,0.0,0.3454545454545454,0.0,0.6666666666666666,0.0,Low,0
26,Female,IT,USA,0.1666666666666666,0.94,0.2,0.1272727272727272,0.0,0.3333333333333333,0.6666666666666666,High,1
30,Non-binary,IT,India,0.6833333333333332,0.18,0.7000000000000001,0.7454545454545454,0.0,0.3333333333333333,0.6666666666666666,Low,1
52,Non-binary,Education,Germany,0.8166666666666668,0.9,1.0,0.1272727272727272,0.5,0.6666666666666666,0.6666666666666666,Medium,1
41,Male,Healthcare,Other,0.1166666666666667,1.0,0.1,0.6909090909090909,0.5,0.3333333333333333,0.3333333333333333,High,0
65,Non-binary,Other,Australia,0.5333333333333333,0.94,0.7000000000000001,0.2727272727272727,0.0,0.0,0.3333333333333333,Low,0
21,Prefer not to say,Sales,USA,0.25,0.98,0.9,0.8545454545454546,1.0,0.6666666666666666,1.0,High,2
20,Non-binary,Other,Germany,0.1333333333333333,0.44,0.8,0.6363636363636364,0.5,0.0,0.6666666666666666,Medium,1
20,Female,Other,UK,0.4999999999999999,0.16,0.2,0.5454545454545454,1.0,1.0,1.0,High,2
57,Male,IT,India,0.3833333333333332,0.9,0.1,0.9454545454545454,1.0,1.0,0.6666666666666666,High,2
60,Non-binary,Sales,Other,0.9,0.5400000000000001,0.5,0.4727272727272728,0.0,0.0,0.6666666666666666,Low,1
33,Female,Sales,Canada,0.5499999999999999,0.4800000000000001,0.5,0.8363636363636363,0.5,0.3333333333333333,0.6666666666666666,High,1
58,Female,Engineering,Australia,0.8666666666666666,0.5000000000000001,0.8,0.8181818181818182,0.0,0.3333333333333333,0.0,Low,0
28,Prefer not to say,Finance,USA,0.4333333333333332,0.22,1.0,0.5454545454545454,0.0,0.0,1.0,Low,1
46,Female,Engineering,Canada,0.2166666666666666,0.8000000000000002,0.0,0.6,0.5,0.3333333333333333,0.0,High,0
38,Male,Healthcare,Germany,0.0333333333333333,0.24,0.7000000000000001,0.2,0.5,0.0,0.0,Low,0
59,Prefer not to say,Healthcare,Other,0.7833333333333331,0.62,0.4,0.4727272727272728,0.5,0.6666666666666666,0.3333333333333333,Medium,0
49,Female,Education,Australia,0.3666666666666666,0.4600000000000001,1.0,0.9090909090909092,0.0,0.3333333333333333,0.0,Low,0
56,Female,Sales,Other,0.2666666666666666,0.12,0.0,0.9090909090909092,1.0,0.3333333333333333,0.6666666666666666,High,2
40,Non-binary,IT,Germany,0.0333333333333333,0.38,0.3,0.5454545454545454,1.0,1.0,0.6666666666666666,High,2
35,Female,IT,Canada,0.1333333333333333,0.16,0.6000000000000001,0.9818181818181818,0.5,0.6666666666666666,0.3333333333333333,High,0
62,Non-binary,Finance,India,0.5166666666666665,0.16,0.6000000000000001,0.9636363636363636,0.5,0.0,0.0,Low,0
64,Female,IT,India,0.9166666666666666,0.66,0.6000000000000001,0.2,0.0,0.0,0.0,Low,0
47,Male,Finance,USA,0.9499999999999998,0.94,0.3,0.4545454545454545,0.0,1.0,0.0,Medium,0
51,Non-binary,Healthcare,Australia,0.2,0.2,0.2,0.4909090909090909,1.0,0.3333333333333333,0.6666666666666666,High,2
28,Prefer not to say,Healthcare,Germany,0.1666666666666666,1.0,0.2,0.4363636363636363,0.0,0.0,0.0,Medium,0
35,Male,IT,Other,0.6833333333333332,0.4,0.1,0.9272727272727272,1.0,0.0,0.6666666666666666,High,2
23,Prefer not to say,Finance,USA,0.35,0.88,0.3,0.0545454545454545,0.5,0.6666666666666666,0.3333333333333333,High,0
31,Female,Sales,USA,0.65,0.86,0.4,0.509090909090909,1.0,1.0,0.3333333333333333,High,2
54,Non-binary,Healthcare,USA,0.4,0.06,0.5,0.6,0.5,0.3333333333333333,0.6666666666666666,Medium,1
36,Female,Healthcare,USA,0.3333333333333333,0.12,0.0,0.2,1.0,0.0,1.0,Medium,2
40,Non-binary,Engineering,UK,0.3166666666666667,0.08,0.8,0.3090909090909091,0.0,1.0,0.0,Low,0
22,Non-binary,Engineering,India,0.0499999999999999,0.6,0.2,0.1454545454545454,0.5,0.6666666666666666,1.0,High,1
53,Non-binary,Finance,India,0.8166666666666668,0.04,0.7000000000000001,0.8181818181818182,0.0,0.0,0.0,Low,0
52,Female,Healthcare,Other,0.3166666666666667,0.9,0.6000000000000001,0.7272727272727273,1.0,1.0,1.0,High,2
56,Non-binary,Healthcare,UK,0.35,0.22,0.6000000000000001,0.2909090909090909,0.5,0.6666666666666666,0.6666666666666666,Medium,1
33,Female,Education,Australia,0.45,0.92,0.5,0.5818181818181818,0.0,0.0,0.0,Low,0
37,Male,Education,Australia,0.65,0.84,0.9,0.8181818181818182,0.5,0.6666666666666666,0.6666666666666666,High,1
43,Female,Engineering,Australia,0.5833333333333334,0.4600000000000001,1.0,0.8363636363636363,0.5,1.0,1.0,High,1
30,Female,Engineering,Canada,0.7166666666666667,0.4,0.2,0.3818181818181818,1.0,1.0,0.3333333333333333,High,2
35,Non-binary,IT,UK,0.1166666666666667,0.5200000000000001,1.0,0.6727272727272727,1.0,1.0,1.0,High,2
34,Female,Engineering,India,0.7666666666666665,0.94,0.8,0.2181818181818181,1.0,0.3333333333333333,1.0,Medium,2
62,Female,Other,Canada,0.4666666666666667,0.7400000000000001,0.6000000000000001,0.9090909090909092,1.0,0.6666666666666666,1.0,High,2
53,Male,Sales,Australia,0.5666666666666668,0.4800000000000001,0.2,0.8727272727272727,1.0,0.0,0.6666666666666666,High,2
57,Prefer not to say,Finance,UK,0.4833333333333333,0.42,0.2,0.890909090909091,1.0,0.6666666666666666,0.6666666666666666,High,2
36,Non-binary,IT,UK,0.9333333333333332,0.4,0.3,0.4909090909090909,1.0,1.0,1.0,High,2
64,Female,Finance,Other,0.0833333333333333,0.68,0.4,0.9818181818181818,1.0,0.3333333333333333,0.0,High,2
41,Prefer not to say,IT,Germany,0.8666666666666666,0.08,0.2,0.6545454545454544,1.0,0.6666666666666666,0.0,Medium,2
39,Female,Sales,India,0.9166666666666666,0.7800000000000001,0.3,0.0,0.5,0.3333333333333333,0.3333333333333333,Medium,0
18,Prefer not to say,Sales,USA,0.1333333333333333,0.42,1.0,0.1090909090909091,0.5,0.3333333333333333,0.6666666666666666,Medium,1
65,Non-binary,Other,India,0.3333333333333333,0.5400000000000001,0.7000000000000001,0.5454545454545454,1.0,0.6666666666666666,0.6666666666666666,High,2
59,Non-binary,Healthcare,UK,0.8666666666666666,0.26,0.3,0.6545454545454544,0.0,0.3333333333333333,0.0,Low,0
57,Non-binary,Finance,UK,0.6333333333333332,0.58,0.3,0.4363636363636363,1.0,1.0,1.0,High,2
23,Prefer not to say,Sales,Canada,0.9833333333333332,0.7800000000000001,0.6000000000000001,0.0181818181818181,0.5,1.0,0.3333333333333333,Medium,0
56,Male,IT,Canada,0.8833333333333334,0.7200000000000001,0.3,0.9454545454545454,0.5,0.3333333333333333,1.0,High,1
44,Male,Education,India,0.4166666666666666,0.06,1.0,0.2727272727272727,0.0,0.6666666666666666,0.3333333333333333,Low,0
55,Non-binary,Other,Australia,0.5666666666666668,0.2,0.3,0.5818181818181818,0.5,0.0,0.0,Low,0
43,Female,Finance,Other,0.1833333333333332,0.5200000000000001,0.5,0.0545454545454545,0.5,0.0,0.0,Low,0
42,Male,Education,India,0.7499999999999999,0.68,0.5,0.1636363636363636,0.5,1.0,0.3333333333333333,Medium,0
46,Non-binary,IT,Germany,0.3833333333333332,0.16,0.0,0.6,1.0,0.3333333333333333,0.0,Medium,2
49,Male,Finance,UK,0.35,0.0,0.0,0.0727272727272727,0.0,1.0,0.6666666666666666,Medium,1
30,Male,Engineering,Canada,0.7499999999999999,0.04,0.5,0.5272727272727272,0.0,0.3333333333333333,0.6666666666666666,Low,1
65,Male,Sales,USA,0.2333333333333334,0.58,0.7000000000000001,0.2545454545454545,0.5,0.6666666666666666,0.3333333333333333,Medium,0
26,Male,Education,Australia,0.4333333333333332,0.5000000000000001,0.9,0.7818181818181817,0.0,0.3333333333333333,1.0,Medium,1
32,Female,Other,Australia,0.45,0.38,0.6000000000000001,0.890909090909091,0.0,0.3333333333333333,0.3333333333333333,Medium,0
64,Female,Other,UK,0.7333333333333333,0.4600000000000001,0.3,0.1272727272727272,0.0,1.0,0.0,Low,0
60,Prefer not to say,Engineering,Canada,0.8666666666666666,0.5000000000000001,1.0,0.0545454545454545,1.0,0.6666666666666666,0.0,Low,2
56,Female,Finance,UK,0.2333333333333334,0.8000000000000002,0.2,0.6181818181818182,1.0,1.0,0.3333333333333333,High,2
21,Prefer not to say,Finance,Germany,0.2,0.92,0.9,0.6,0.5,0.0,0.3333333333333333,Medium,0
40,Prefer not to say,Education,Germany,0.4333333333333332,0.2,0.2,0.2727272727272727,0.5,0.3333333333333333,0.0,Low,0
46,Female,IT,UK,0.3333333333333333,0.3400000000000001,0.7000000000000001,0.9272727272727272,0.5,1.0,0.0,Medium,0
21,Non-binary,Sales,Australia,0.2833333333333333,0.82,0.3,0.890909090909091,0.0,0.0,0.6666666666666666,High,1
39,Female,Finance,Other,0.5499999999999999,0.62,0.7000000000000001,0.6181818181818182,0.0,0.3333333333333333,0.0,Low,0
52,Non-binary,Healthcare,Australia,0.0166666666666666,0.68,0.1,0.1090909090909091,0.0,1.0,0.6666666666666666,High,1
52,Female,Finance,USA,0.7499999999999999,0.22,0.7000000000000001,0.3272727272727272,0.5,0.0,1.0,Low,1
29,Male,IT,Germany,0.5166666666666665,0.64,0.7000000000000001,1.0,1.0,1.0,0.6666666666666666,High,2
18,Female,Engineering,Other,0.3166666666666667,0.66,0.3,0.2181818181818181,0.5,1.0,0.6666666666666666,High,1
23,Non-binary,IT,India,0.2999999999999999,0.3400000000000001,0.2,0.8,0.5,1.0,0.3333333333333333,High,0
22,Male,Sales,USA,0.0499999999999999,0.6,0.8,0.6181818181818182,0.0,0.3333333333333333,1.0,Medium,1
65,Non-binary,Finance,Australia,0.5333333333333333,0.98,0.3,0.0545454545454545,1.0,0.3333333333333333,1.0,High,2
21,Female,Sales,India,0.6666666666666666,0.38,0.8,0.2,1.0,1.0,0.0,Low,2
32,Non-binary,Education,USA,0.6333333333333332,0.3,0.7000000000000001,0.6545454545454544,0.0,0.3333333333333333,0.0,Low,0
34,Female,IT,India,0.4333333333333332,0.4800000000000001,0.9,0.0,0.5,0.0,0.0,Low,0
65,Non-binary,IT,India,0.6833333333333332,0.12,0.5,0.8363636363636363,0.0,0.0,1.0,Low,1
53,Male,Engineering,Germany,0.7333333333333333,0.22,0.2,0.6727272727272727,1.0,0.3333333333333333,1.0,High,2
45,Prefer not to say,Other,Germany,0.6333333333333332,0.96,0.1,0.7818181818181817,1.0,0.0,1.0,High,2
22,Male,Other,Canada,0.6166666666666666,0.3400000000000001,0.2,0.7090909090909091,0.5,0.6666666666666666,0.6666666666666666,High,1
35,Male,Engineering,UK,0.9166666666666666,0.4800000000000001,0.0,0.4909090909090909,0.5,1.0,1.0,High,1
29,Prefer not to say,Sales,Germany,0.1666666666666666,0.3400000000000001,0.2,0.4363636363636363,0.5,1.0,0.0,High,0
24,Non-binary,Healthcare,Germany,0.9,0.12,0.4,0.8,0.0,0.6666666666666666,0.0,Low,0
20,Female,Education,Canada,0.8333333333333334,0.5000000000000001,0.7000000000000001,0.7636363636363637,1.0,0.0,1.0,Medium,2
18,Non-binary,Other,UK,0.3166666666666667,0.82,1.0,0.6909090909090909,1.0,0.3333333333333333,1.0,High,2
53,Non-binary,IT,UK,0.4333333333333332,0.28,0.9,0.7636363636363637,0.0,1.0,0.6666666666666666,Medium,1
24,Male,Engineering,Other,0.35,0.7400000000000001,1.0,0.9272727272727272,1.0,0.3333333333333333,0.6666666666666666,High,2
21,Non-binary,Education,USA,0.8833333333333334,0.62,0.9,0.0363636363636363,0.5,0.3333333333333333,0.0,Low,0
31,Non-binary,Sales,USA,0.7166666666666667,0.5200000000000001,0.4,0.8545454545454546,0.5,1.0,1.0,High,1
56,Female,Finance,USA,0.9,0.86,0.4,0.0363636363636363,1.0,0.6666666666666666,0.6666666666666666,High,2
64,Female,Sales,Germany,0.2,0.08,0.7000000000000001,0.4909090909090909,0.0,0.3333333333333333,0.3333333333333333,Low,0
20,Prefer not to say,IT,Germany,0.4999999999999999,0.38,0.1,0.9636363636363636,0.0,0.6666666666666666,1.0,High,1
45,Prefer not to say,IT,Other,0.8333333333333334,0.5000000000000001,0.6000000000000001,0.4545454545454545,1.0,0.3333333333333333,0.3333333333333333,Medium,2
54,Female,Engineering,UK,0.7333333333333333,0.3,1.0,0.2363636363636363,1.0,0.3333333333333333,0.0,Low,2
47,Male,Other,UK,0.9666666666666668,0.38,0.0,0.1272727272727272,1.0,0.0,1.0,Medium,2
40,Female,Healthcare,India,0.1666666666666666,0.22,1.0,0.0181818181818181,0.5,0.0,0.6666666666666666,Low,1
56,Prefer not to say,Sales,Australia,0.7833333333333331,0.6,0.8,0.890909090909091,0.0,0.3333333333333333,0.0,Low,0
31,Prefer not to say,Finance,Other,0.5666666666666668,0.64,0.8,0.9818181818181818,1.0,0.3333333333333333,0.0,Medium,2
27,Female,Sales,Germany,0.3166666666666667,0.7400000000000001,0.2,0.4,1.0,1.0,0.3333333333333333,High,2
57,Non-binary,IT,India,0.6333333333333332,0.62,0.8,0.6727272727272727,0.5,0.6666666666666666,1.0,High,1
65,Non-binary,Other,India,0.4666666666666667,0.36,0.9,0.1636363636363636,1.0,1.0,0.3333333333333333,Medium,2
54,Non-binary,Education,USA,0.9833333333333332,0.8000000000000002,0.6000000000000001,0.1454545454545454,0.0,0.0,0.6666666666666666,Low,1
48,Non-binary,Finance,Germany,0.35,1.0,1.0,0.6909090909090909,0.0,0.6666666666666666,0.6666666666666666,High,1
32,Female,Finance,Canada,0.3833333333333332,0.7600000000000001,0.5,0.6545454545454544,0.0,1.0,0.6666666666666666,High,1
28,Male,Education,Canada,0.0499999999999999,0.92,0.5,0.6545454545454544,0.5,1.0,1.0,High,1
18,Female,Other,Australia,0.8166666666666668,0.3,0.0,0.6,0.5,0.3333333333333333,0.6666666666666666,Medium,1
43,Non-binary,Other,Germany,0.4,0.7800000000000001,0.2,0.0545454545454545,1.0,0.0,0.6666666666666666,High,2
35,Male,IT,Australia,0.6666666666666666,0.1,0.4,0.3272727272727272,0.5,0.3333333333333333,0.6666666666666666,Low,1
32,Non-binary,Other,India,0.45,0.7800000000000001,0.8,0.3818181818181818,1.0,0.3333333333333333,0.6666666666666666,High,2
63,Prefer not to say,IT,India,0.3666666666666666,0.36,0.7000000000000001,0.1818181818181818,0.5,0.6666666666666666,0.0,Low,0
54,Non-binary,Healthcare,UK,0.2666666666666666,0.96,0.3,0.6363636363636364,1.0,0.3333333333333333,1.0,High,2
57,Prefer not to say,Sales,Canada,0.8166666666666668,0.58,0.4,0.0,0.5,0.6666666666666666,1.0,Medium,1
31,Prefer not to say,Education,Germany,0.0166666666666666,0.6,0.6000000000000001,0.7454545454545454,1.0,0.6666666666666666,0.3333333333333333,High,2
40,Female,Sales,Germany,0.9833333333333332,0.16,0.9,0.1636363636363636,1.0,0.0,0.0,Low,2
61,Prefer not to say,Healthcare,Other,0.3333333333333333,1.0,0.0,0.5454545454545454,1.0,0.0,0.3333333333333333,High,2
34,Prefer not to say,Sales,Australia,0.3833333333333332,0.84,0.7000000000000001,0.8727272727272727,0.0,0.6666666666666666,1.0,High,1
63,Female,IT,Canada,0.2166666666666666,0.86,0.1,0.2545454545454545,0.0,0.3333333333333333,0.0,Medium,0
46,Female,Other,India,0.6333333333333332,0.08,0.2,0.8363636363636363,0.0,0.0,0.6666666666666666,Medium,1
55,Male,Healthcare,Germany,0.7333333333333333,0.28,0.8,0.2181818181818181,1.0,0.3333333333333333,0.0,Low,2
63,Male,Other,UK,0.9333333333333332,0.5599999999999999,0.8,0.8545454545454546,0.0,0.0,0.0,Low,0
56,Female,Education,Australia,0.9666666666666668,0.6,0.3,0.7818181818181817,1.0,0.6666666666666666,1.0,High,2
33,Prefer not to say,Sales,Germany,0.45,0.4600000000000001,0.6000000000000001,0.0727272727272727,1.0,0.0,1.0,Medium,2
42,Non-binary,Sales,Other,0.85,0.2,0.7000000000000001,0.9454545454545454,0.0,0.0,1.0,Low,1
44,Male,Sales,UK,0.85,0.9,0.4,0.7636363636363637,0.5,1.0,0.3333333333333333,High,0
25,Non-binary,Healthcare,Canada,0.7833333333333331,0.24,0.3,0.9272727272727272,0.5,0.0,0.6666666666666666,Medium,1
27,Male,Education,Australia,0.1333333333333333,0.92,0.1,0.6545454545454544,1.0,0.3333333333333333,0.6666666666666666,High,2
40,Female,IT,Germany,0.8666666666666666,0.7600000000000001,0.0,0.2,0.5,1.0,0.0,Medium,0
32,Female,Healthcare,Canada,0.9833333333333332,0.12,0.5,0.8,0.5,0.0,0.3333333333333333,Low,0
31,Female,Education,UK,1.0,0.06,0.0,0.1636363636363636,0.0,0.3333333333333333,0.3333333333333333,Low,0
38,Prefer not to say,IT,Germany,0.9,0.14,1.0,1.0,0.0,0.0,0.0,Low,0
41,Prefer not to say,Other,India,0.0,0.4600000000000001,1.0,0.890909090909091,0.5,0.3333333333333333,0.0,Medium,0
26,Non-binary,Sales,Other,0.3833333333333332,0.5000000000000001,0.8,0.0181818181818181,0.0,0.3333333333333333,1.0,Low,1
52,Female,Sales,USA,0.0666666666666667,0.26,0.0,0.3818181818181818,0.0,1.0,0.6666666666666666,High,1
42,Male,Education,Other,0.8666666666666666,0.44,0.1,0.3818181818181818,0.0,0.0,0.3333333333333333,Low,0
47,Non-binary,Engineering,Canada,0.0166666666666666,0.9,0.4,0.4727272727272728,1.0,0.6666666666666666,0.0,High,2
45,Non-binary,Other,Australia,0.35,0.2,0.5,0.4181818181818181,1.0,0.0,1.0,Medium,2
35,Male,Healthcare,USA,0.65,0.7400000000000001,0.8,0.0,0.5,0.0,0.0,Low,0
52,Non-binary,Education,Australia,0.4833333333333333,0.16,0.4,0.3818181818181818,0.0,0.6666666666666666,0.6666666666666666,Medium,1
50,Female,Engineering,Germany,0.6166666666666666,0.12,0.7000000000000001,0.0545454545454545,0.0,0.6666666666666666,1.0,Low,1
55,Male,Engineering,Germany,0.8833333333333334,0.06,0.8,0.5272727272727272,1.0,0.0,0.0,Low,2
24,Female,Finance,Germany,0.25,0.7600000000000001,1.0,0.6,0.5,0.0,0.3333333333333333,Medium,0
31,Male,Finance,India,0.2333333333333334,0.68,0.9,0.9454545454545454,0.5,0.6666666666666666,0.3333333333333333,High,0
60,Female,Engineering,Germany,0.9,0.9,0.4,0.0545454545454545,1.0,1.0,1.0,High,2
20,Male,Education,Other,0.0333333333333333,0.2,0.9,0.1454545454545454,0.5,0.3333333333333333,0.3333333333333333,Low,0
38,Non-binary,Engineering,USA,0.0833333333333333,0.26,0.7000000000000001,0.4363636363636363,0.5,1.0,0.3333333333333333,Medium,0
51,Non-binary,Other,Canada,0.3666666666666666,0.2,0.7000000000000001,0.2363636363636363,0.0,0.0,0.6666666666666666,Low,1
24,Non-binary,Healthcare,Germany,0.0499999999999999,0.88,0.7000000000000001,0.6181818181818182,1.0,0.6666666666666666,1.0,High,2
57,Non-binary,Finance,USA,0.3833333333333332,0.26,0.0,0.9090909090909092,1.0,1.0,1.0,High,2
40,Male,IT,Other,0.6999999999999998,1.0,0.1,0.5818181818181818,1.0,0.0,0.6666666666666666,High,2
28,Female,Sales,Germany,0.0833333333333333,0.86,0.0,0.3090909090909091,1.0,0.6666666666666666,0.6666666666666666,High,2
52,Female,Sales,UK,0.1833333333333332,0.44,0.2,0.5272727272727272,1.0,0.3333333333333333,0.6666666666666666,High,2
53,Male,Engineering,UK,0.7833333333333331,0.4600000000000001,1.0,0.5636363636363636,0.5,1.0,0.6666666666666666,Medium,1
57,Prefer not to say,Healthcare,UK,0.9666666666666668,0.7600000000000001,0.1,0.5454545454545454,0.5,1.0,0.6666666666666666,High,1
32,Non-binary,IT,Australia,0.2166666666666666,0.88,0.7000000000000001,0.7454545454545454,1.0,1.0,1.0,High,2
33,Female,Other,India,0.25,0.86,1.0,0.1090909090909091,1.0,1.0,0.6666666666666666,High,2
40,Male,Sales,Canada,0.5666666666666668,0.9,0.2,0.2545454545454545,0.0,0.3333333333333333,0.3333333333333333,Medium,0
50,Male,Education,Australia,0.4333333333333332,0.5400000000000001,0.5,0.8545454545454546,1.0,0.6666666666666666,0.3333333333333333,High,2
42,Female,Healthcare,India,0.5166666666666665,0.7200000000000001,0.1,0.0909090909090909,0.0,1.0,0.6666666666666666,High,1
51,Male,Education,Other,0.4,0.04,0.2,0.2181818181818181,0.0,1.0,1.0,Medium,1
61,Male,Healthcare,Other,0.5333333333333333,0.62,1.0,0.509090909090909,0.5,0.3333333333333333,1.0,Medium,1
52,Non-binary,Engineering,Australia,0.6833333333333332,0.7800000000000001,0.8,0.3272727272727272,0.5,0.6666666666666666,0.6666666666666666,Medium,1
49,Female,Healthcare,UK,0.4333333333333332,0.7800000000000001,0.4,0.3454545454545454,0.5,0.0,0.3333333333333333,Medium,0
59,Non-binary,Other,UK,0.2833333333333333,0.22,0.9,0.6727272727272727,0.5,1.0,0.0,Medium,0
42,Non-binary,Other,UK,0.3166666666666667,0.04,0.5,0.6727272727272727,0.5,1.0,0.3333333333333333,High,0
20,Non-binary,Engineering,UK,0.8666666666666666,0.7600000000000001,0.5,0.1272727272727272,0.5,0.3333333333333333,0.6666666666666666,Medium,1
20,Female,Sales,India,0.7333333333333333,0.38,0.0,0.8727272727272727,0.0,0.0,0.0,Low,0
65,Male,Finance,Australia,0.3833333333333332,0.7400000000000001,0.7000000000000001,0.8,0.5,0.6666666666666666,0.3333333333333333,High,0
29,Prefer not to say,Healthcare,Germany,0.7833333333333331,0.66,0.8,0.2,0.0,0.0,0.3333333333333333,Low,0
38,Non-binary,Engineering,Germany,0.0499999999999999,0.14,0.0,0.1454545454545454,0.0,0.3333333333333333,1.0,Medium,1
58,Male,Education,Germany,0.7166666666666667,0.86,0.3,0.8181818181818182,0.0,0.6666666666666666,0.6666666666666666,High,1
25,Non-binary,Engineering,Other,0.9833333333333332,0.04,0.4,0.6727272727272727,0.5,0.0,0.0,Low,0
46,Male,Other,USA,0.3333333333333333,0.86,0.6000000000000001,0.5636363636363636,0.0,1.0,0.0,Medium,0
52,Female,Healthcare,India,0.5666666666666668,0.8000000000000002,0.2,0.5272727272727272,1.0,0.3333333333333333,0.0,High,2
28,Non-binary,Sales,India,0.0333333333333333,0.42,0.6000000000000001,0.8363636363636363,1.0,0.6666666666666666,0.6666666666666666,High,2
37,Female,Other,USA,0.3333333333333333,0.62,0.5,0.6181818181818182,0.5,1.0,1.0,High,1
61,Male,IT,India,0.6,0.18,0.9,0.5636363636363636,0.5,0.6666666666666666,1.0,Medium,1
47,Female,Other,India,0.8333333333333334,0.5200000000000001,0.0,0.6181818181818182,0.0,0.3333333333333333,0.6666666666666666,Medium,1
31,Male,Finance,Australia,0.0833333333333333,0.5400000000000001,0.6000000000000001,0.0545454545454545,1.0,1.0,1.0,High,2
59,Female,Engineering,India,0.0999999999999999,0.64,0.5,0.4181818181818181,0.5,1.0,1.0,High,1
57,Female,Healthcare,India,0.45,0.18,0.3,0.4,0.0,0.0,0.3333333333333333,Low,0
64,Non-binary,Other,Canada,0.5333333333333333,0.58,0.0,0.9818181818181818,0.5,0.0,0.6666666666666666,High,1
27,Male,Sales,Germany,0.8833333333333334,0.26,0.3,0.2727272727272727,0.5,0.0,1.0,Low,1
40,Prefer not to say,Education,Australia,0.9833333333333332,0.28,0.9,0.6181818181818182,0.0,0.3333333333333333,0.0,Low,0
19,Male,IT,USA,0.8666666666666666,0.5599999999999999,1.0,0.7636363636363637,1.0,1.0,0.6666666666666666,High,2
48,Female,Engineering,USA,0.3333333333333333,0.3,0.4,0.5636363636363636,0.0,1.0,1.0,Medium,1
58,Female,Engineering,India,0.5666666666666668,0.88,0.4,0.3272727272727272,0.0,0.0,0.0,Low,0
62,Female,Other,Australia,0.8666666666666666,0.24,0.4,0.509090909090909,0.0,0.0,0.6666666666666666,Low,1
27,Non-binary,Finance,Australia,0.4166666666666666,0.04,0.3,0.7818181818181817,0.5,0.6666666666666666,0.6666666666666666,High,1
52,Female,Engineering,Canada,0.1333333333333333,0.98,0.0,0.509090909090909,0.0,0.3333333333333333,0.3333333333333333,High,0
39,Prefer not to say,Finance,India,0.0333333333333333,0.7600000000000001,0.0,0.4727272727272728,0.5,0.0,0.6666666666666666,High,1
57,Non-binary,Finance,USA,0.25,0.08,0.7000000000000001,0.4363636363636363,1.0,0.6666666666666666,1.0,High,2
23,Female,Sales,Canada,0.45,0.24,0.9,0.0181818181818181,1.0,0.0,0.3333333333333333,Low,2
29,Male,Education,Germany,0.7499999999999999,0.22,0.7000000000000001,0.7636363636363637,0.5,0.6666666666666666,0.6666666666666666,Medium,1
51,Female,Education,India,0.85,0.88,0.6000000000000001,0.2181818181818181,1.0,0.6666666666666666,0.0,Medium,2
65,Prefer not to say,Finance,UK,0.6999999999999998,0.02,0.1,0.8363636363636363,0.0,0.3333333333333333,0.6666666666666666,Medium,1
52,Male,IT,Germany,0.2166666666666666,0.3400000000000001,0.3,0.6181818181818182,1.0,0.3333333333333333,0.6666666666666666,High,2
39,Prefer not to say,Education,Other,0.0833333333333333,0.66,0.6000000000000001,0.4,0.5,0.3333333333333333,0.6666666666666666,High,1
34,Male,Sales,Australia,0.9333333333333332,0.26,0.3,0.1818181818181818,0.5,1.0,1.0,Medium,1
59,Female,Finance,India,0.5499999999999999,0.1,0.5,0.8545454545454546,1.0,0.6666666666666666,1.0,High,2
60,Non-binary,Engineering,USA,0.9666666666666668,0.1,0.4,0.6727272727272727,1.0,0.0,0.0,Low,2
62,Prefer not to say,Education,Australia,0.0999999999999999,0.18,0.1,0.2,1.0,0.3333333333333333,0.0,Medium,2
60,Male,IT,Canada,0.5333333333333333,0.0,1.0,0.6363636363636364,1.0,0.0,0.3333333333333333,Low,2
18,Male,IT,Germany,0.8166666666666668,0.3,0.3,0.8727272727272727,0.0,0.3333333333333333,0.6666666666666666,Medium,1
23,Prefer not to say,Education,India,0.3333333333333333,0.3400000000000001,1.0,0.0181818181818181,1.0,1.0,0.3333333333333333,Medium,2
28,Female,Sales,Other,0.6333333333333332,0.7800000000000001,0.8,0.0545454545454545,0.5,0.3333333333333333,1.0,Medium,1
18,Prefer not to say,Other,Germany,0.8333333333333334,0.5000000000000001,0.1,0.9090909090909092,1.0,1.0,0.0,High,2
50,Prefer not to say,Sales,Australia,0.4666666666666667,0.62,1.0,0.5272727272727272,0.5,0.3333333333333333,1.0,Medium,1
28,Male,Education,Canada,0.9833333333333332,0.96,0.2,0.4545454545454545,1.0,0.6666666666666666,0.0,High,2
43,Prefer not to say,Education,USA,0.4999999999999999,0.82,0.0,0.7636363636363637,1.0,0.3333333333333333,0.6666666666666666,High,2
23,Prefer not to say,Education,USA,0.4833333333333333,1.0,0.8,0.1454545454545454,0.5,0.6666666666666666,0.3333333333333333,Medium,0
33,Female,Sales,Australia,0.2666666666666666,0.92,0.6000000000000001,0.3818181818181818,1.0,0.3333333333333333,0.3333333333333333,High,2
57,Male,Healthcare,Canada,0.4666666666666667,0.42,0.1,0.5454545454545454,1.0,0.0,1.0,High,2
48,Prefer not to say,Engineering,Other,0.9333333333333332,0.06,0.7000000000000001,0.2,1.0,0.0,1.0,Low,2
45,Male,Healthcare,India,0.9499999999999998,0.8000000000000002,0.0,0.8727272727272727,0.0,0.6666666666666666,0.6666666666666666,High,1
59,Non-binary,Healthcare,Australia,0.5166666666666665,0.9,0.4,0.3454545454545454,1.0,0.6666666666666666,1.0,High,2
61,Prefer not to say,Engineering,India,0.9333333333333332,0.26,0.5,0.2909090909090909,1.0,1.0,0.6666666666666666,Medium,2
21,Female,Engineering,Other,0.7333333333333333,0.7200000000000001,0.6000000000000001,0.3090909090909091,0.0,1.0,0.6666666666666666,Medium,1
51,Prefer not to say,Engineering,Other,0.3166666666666667,0.4600000000000001,0.5,0.4545454545454545,0.5,0.3333333333333333,0.0,Medium,0
48,Non-binary,Education,UK,0.0833333333333333,0.12,0.4,0.8545454545454546,1.0,0.0,0.0,Medium,2
63,Prefer not to say,Finance,Australia,0.2833333333333333,0.0,0.6000000000000001,0.4545454545454545,1.0,1.0,0.6666666666666666,High,2
19,Male,Finance,USA,0.6999999999999998,0.7000000000000001,0.2,0.6,0.5,1.0,0.6666666666666666,High,1
61,Prefer not to say,Healthcare,Canada,0.5499999999999999,0.5200000000000001,0.2,0.8545454545454546,0.0,1.0,1.0,High,1
33,Female,Sales,Australia,0.9833333333333332,0.32,0.7000000000000001,0.1090909090909091,0.0,0.3333333333333333,1.0,Low,1
43,Female,Engineering,USA,0.6333333333333332,0.5200000000000001,0.1,0.8181818181818182,1.0,0.6666666666666666,1.0,High,2
28,Male,Finance,Canada,0.9833333333333332,0.08,0.7000000000000001,0.9454545454545454,0.5,0.0,0.0,Low,0
23,Prefer not to say,Engineering,USA,0.8833333333333334,0.1,1.0,0.2363636363636363,0.5,1.0,0.3333333333333333,Low,0
48,Female,Healthcare,Other,0.85,0.3400000000000001,0.8,0.4363636363636363,1.0,1.0,0.3333333333333333,Medium,2
58,Female,Engineering,UK,0.1166666666666667,0.7600000000000001,0.4,0.6727272727272727,0.5,0.6666666666666666,1.0,High,1
39,Male,Sales,India,0.4166666666666666,0.44,0.1,0.2,0.0,0.3333333333333333,0.0,Low,0
43,Male,Sales,Other,0.5333333333333333,0.8000000000000002,0.3,0.8,1.0,0.6666666666666666,0.6666666666666666,High,2
65,Prefer not to say,Sales,Canada,0.2,0.4600000000000001,0.2,0.0181818181818181,1.0,0.6666666666666666,0.3333333333333333,High,2
24,Female,Sales,Australia,0.7666666666666665,0.2,0.2,0.8727272727272727,1.0,1.0,1.0,High,2
62,Male,Sales,Canada,0.9333333333333332,0.7200000000000001,0.5,0.2545454545454545,1.0,0.0,0.0,Low,2
63,Prefer not to say,Engineering,Other,0.4666666666666667,0.1,0.8,0.0363636363636363,0.0,0.3333333333333333,0.3333333333333333,Low,0
26,Female,IT,USA,0.3666666666666666,0.66,0.1,0.0363636363636363,1.0,0.0,0.6666666666666666,High,2
23,Prefer not to say,Sales,India,0.85,0.38,0.6000000000000001,0.3636363636363636,0.0,0.0,0.6666666666666666,Low,1
19,Non-binary,IT,Other,0.2,0.7800000000000001,0.5,0.7636363636363637,0.5,0.0,1.0,High,1
62,Non-binary,IT,Other,0.35,0.26,0.6000000000000001,0.0727272727272727,0.5,0.6666666666666666,1.0,Medium,1
44,Female,Healthcare,India,0.0999999999999999,1.0,0.0,0.7454545454545454,0.5,0.0,0.0,High,0
20,Female,Engineering,India,0.9499999999999998,0.12,0.3,0.4727272727272728,0.5,0.0,0.0,Low,0
38,Prefer not to say,Other,Australia,0.85,0.86,0.1,0.0,1.0,1.0,1.0,High,2
46,Female,Finance,Other,0.7499999999999999,0.3400000000000001,0.1,0.1818181818181818,0.0,0.6666666666666666,0.6666666666666666,Medium,1
58,Male,Finance,UK,0.6,0.06,0.9,0.3636363636363636,0.5,0.6666666666666666,1.0,Medium,1
43,Non-binary,Other,India,0.4999999999999999,0.3400000000000001,0.8,0.0363636363636363,0.0,0.3333333333333333,1.0,Low,1
47,Non-binary,Engineering,Germany,0.1666666666666666,0.2,0.4,0.5454545454545454,0.0,0.6666666666666666,0.3333333333333333,Medium,0
23,Female,Engineering,India,0.4166666666666666,0.58,0.2,0.8545454545454546,0.5,0.3333333333333333,1.0,High,1
29,Non-binary,Sales,USA,0.3166666666666667,0.58,0.8,0.9454545454545454,1.0,0.6666666666666666,0.3333333333333333,High,2
28,Male,Healthcare,UK,0.9833333333333332,0.5200000000000001,0.5,0.2363636363636363,1.0,0.3333333333333333,0.0,Low,2
30,Prefer not to say,Finance,Australia,0.9499999999999998,0.84,0.0,0.1636363636363636,1.0,0.6666666666666666,0.3333333333333333,High,2
43,Prefer not to say,Sales,Other,0.2333333333333334,0.12,0.4,0.0,0.5,1.0,0.3333333333333333,Medium,0
48,Non-binary,Engineering,Other,0.9666666666666668,0.68,0.6000000000000001,0.0727272727272727,1.0,0.0,0.0,Low,2
36,Non-binary,Education,UK,0.7666666666666665,0.14,0.9,0.2545454545454545,0.0,0.3333333333333333,0.3333333333333333,Low,0
26,Male,Healthcare,Germany,0.1833333333333332,0.38,0.0,0.1454545454545454,1.0,0.6666666666666666,0.3333333333333333,High,2
36,Non-binary,Finance,Germany,0.85,0.26,0.0,0.6181818181818182,0.0,0.3333333333333333,0.0,Low,0
56,Non-binary,IT,UK,0.4833333333333333,0.5200000000000001,0.8,0.3818181818181818,0.5,0.3333333333333333,1.0,Medium,1
33,Female,IT,India,0.6999999999999998,0.06,0.9,0.0545454545454545,1.0,0.3333333333333333,0.3333333333333333,Low,2
33,Prefer not to say,Other,Germany,0.2333333333333334,0.16,0.6000000000000001,0.6363636363636364,0.5,0.6666666666666666,1.0,High,1
35,Non-binary,Engineering,UK,0.7166666666666667,0.14,0.7000000000000001,0.3454545454545454,1.0,0.0,0.3333333333333333,Low,2
38,Female,Healthcare,India,0.6666666666666666,0.86,0.2,0.1454545454545454,0.5,0.6666666666666666,1.0,High,1
32,Female,IT,Germany,0.9166666666666666,0.4800000000000001,0.6000000000000001,0.9090909090909092,0.0,0.3333333333333333,0.0,Low,0
36,Male,Other,Germany,0.3166666666666667,0.94,1.0,0.1090909090909091,0.0,0.3333333333333333,0.6666666666666666,Medium,1
24,Male,Engineering,UK,0.25,0.44,0.7000000000000001,0.9272727272727272,0.0,0.6666666666666666,0.6666666666666666,High,1
62,Female,Education,USA,0.35,0.12,0.2,0.9272727272727272,1.0,1.0,0.3333333333333333,High,2
38,Non-binary,IT,India,0.3333333333333333,0.92,0.6000000000000001,0.1454545454545454,0.5,0.6666666666666666,0.6666666666666666,High,1
63,Non-binary,IT,Other,0.7333333333333333,0.86,0.1,0.0,0.0,0.0,0.3333333333333333,Low,0
38,Prefer not to say,Healthcare,Canada,0.6166666666666666,0.3,0.8,0.1272727272727272,1.0,1.0,1.0,Medium,2
32,Male,Finance,Australia,0.4666666666666667,0.02,0.9,0.0,0.5,0.6666666666666666,0.0,Low,0
19,Male,Finance,USA,0.6333333333333332,0.5000000000000001,1.0,0.0363636363636363,0.5,0.0,0.0,Low,0
21,Male,Sales,USA,0.6166666666666666,0.38,0.6000000000000001,0.4909090909090909,0.0,0.3333333333333333,0.0,Low,0
34,Male,Engineering,USA,0.1333333333333333,0.66,0.6000000000000001,0.0727272727272727,1.0,1.0,0.3333333333333333,High,2
56,Prefer not to say,Engineering,USA,0.1333333333333333,0.26,0.1,0.5272727272727272,0.0,0.6666666666666666,1.0,High,1
61,Male,Healthcare,Australia,0.7666666666666665,0.9,0.5,0.1818181818181818,1.0,1.0,1.0,High,2
59,Male,Education,Canada,0.8833333333333334,0.96,0.2,0.2727272727272727,0.5,0.6666666666666666,0.0,Medium,0
27,Prefer not to say,Other,Canada,0.0499999999999999,0.84,0.0,0.6727272727272727,1.0,0.0,0.3333333333333333,High,2
59,Male,Education,Australia,0.85,0.86,0.6000000000000001,0.9818181818181818,1.0,1.0,1.0,High,2
28,Male,Sales,Germany,0.3333333333333333,0.12,0.6000000000000001,0.1272727272727272,0.5,0.6666666666666666,1.0,Medium,1
59,Female,Education,Canada,0.85,0.96,0.9,0.0181818181818181,0.5,0.6666666666666666,0.0,Low,0
32,Female,Other,Other,0.0666666666666667,0.44,0.7000000000000001,0.8181818181818182,0.5,1.0,0.3333333333333333,High,0
61,Prefer not to say,Healthcare,Australia,0.8000000000000002,0.24,0.6000000000000001,0.5272727272727272,0.0,0.6666666666666666,0.0,Low,0
49,Female,Other,Other,0.9,0.58,1.0,0.8181818181818182,1.0,1.0,0.0,Medium,2
33,Non-binary,Education,USA,0.5333333333333333,0.66,0.2,0.0909090909090909,0.0,0.6666666666666666,0.6666666666666666,High,1
29,Prefer not to say,IT,Germany,0.0166666666666666,0.14,0.4,0.0363636363636363,1.0,1.0,1.0,High,2
18,Non-binary,IT,UK,0.1666666666666666,0.5000000000000001,0.3,0.6181818181818182,0.5,1.0,0.0,High,0
54,Non-binary,Education,India,0.2,0.24,0.7000000000000001,0.5272727272727272,0.0,1.0,0.6666666666666666,Medium,1
29,Non-binary,Other,UK,0.2666666666666666,0.06,1.0,0.4363636363636363,0.5,0.0,0.3333333333333333,Low,0
19,Prefer not to say,IT,Germany,0.25,0.44,0.6000000000000001,0.3454545454545454,1.0,0.3333333333333333,1.0,High,2
48,Non-binary,Healthcare,India,0.5833333333333334,0.84,0.9,0.5454545454545454,0.5,1.0,0.0,Medium,0
26,Male,Engineering,Canada,0.4833333333333333,1.0,1.0,0.4727272727272728,0.0,0.0,0.0,Low,0
65,Male,Healthcare,UK,0.5333333333333333,0.98,0.0,0.1090909090909091,0.0,1.0,0.0,Medium,0
27,Non-binary,Sales,Australia,0.7333333333333333,0.96,0.0,0.4,0.0,0.6666666666666666,1.0,High,1
21,Male,Other,Canada,0.6166666666666666,0.62,0.7000000000000001,0.6181818181818182,0.5,0.3333333333333333,0.6666666666666666,Medium,1
30,Male,Engineering,USA,0.1833333333333332,0.44,0.9,0.6181818181818182,0.0,0.3333333333333333,1.0,Medium,1
46,Non-binary,Engineering,UK,0.6833333333333332,0.42,0.9,0.4,0.0,0.3333333333333333,0.3333333333333333,Low,0
22,Prefer not to say,Sales,Canada,0.25,0.66,0.8,0.9636363636363636,1.0,0.3333333333333333,0.0,High,2
24,Male,Finance,USA,0.3166666666666667,0.5200000000000001,0.0,0.2909090909090909,0.5,0.0,0.3333333333333333,Medium,0
18,Prefer not to say,Engineering,Germany,0.35,0.04,0.5,0.2363636363636363,1.0,0.3333333333333333,1.0,Medium,2
58,Prefer not to say,Sales,Germany,0.0666666666666667,1.0,0.7000000000000001,0.9272727272727272,0.5,0.3333333333333333,0.3333333333333333,High,0
32,Male,IT,USA,0.2333333333333334,0.5200000000000001,0.9,0.9636363636363636,1.0,0.6666666666666666,1.0,High,2
38,Female,Sales,Germany,0.2666666666666666,0.4800000000000001,0.4,0.6727272727272727,0.5,0.0,1.0,High,1
35,Prefer not to say,IT,Germany,0.2833333333333333,0.7400000000000001,0.0,0.4181818181818181,0.5,0.6666666666666666,0.6666666666666666,High,1
18,Female,Engineering,Canada,0.1166666666666667,0.7400000000000001,0.2,0.9454545454545454,1.0,0.0,1.0,High,2
62,Prefer not to say,Sales,UK,0.8166666666666668,0.92,0.7000000000000001,0.5454545454545454,0.0,1.0,1.0,Medium,1
43,Male,Other,Canada,0.2166666666666666,0.7400000000000001,0.4,0.6545454545454544,0.0,0.3333333333333333,1.0,High,1
60,Male,IT,India,0.7499999999999999,0.22,0.7000000000000001,0.2363636363636363,1.0,0.3333333333333333,0.3333333333333333,Low,2
26,Non-binary,Education,India,0.7833333333333331,0.62,0.7000000000000001,0.5818181818181818,0.0,1.0,0.3333333333333333,Low,0
19,Female,Healthcare,India,0.6,0.42,0.0,0.2,0.0,0.3333333333333333,1.0,Medium,1
45,Female,Other,India,0.8833333333333334,0.12,0.8,0.890909090909091,0.5,0.6666666666666666,1.0,Medium,1
50,Female,Engineering,Canada,0.2,0.58,1.0,0.509090909090909,0.5,0.6666666666666666,0.6666666666666666,High,1
41,Female,Sales,USA,0.8833333333333334,0.28,0.5,0.4,0.5,0.3333333333333333,0.3333333333333333,Low,0
55,Female,Other,India,0.4999999999999999,0.4,0.6000000000000001,0.5818181818181818,0.5,0.6666666666666666,1.0,High,1
44,Non-binary,Engineering,UK,0.9833333333333332,0.08,1.0,0.2363636363636363,1.0,0.3333333333333333,0.3333333333333333,Low,2
21,Non-binary,Healthcare,USA,0.6666666666666666,0.4600000000000001,0.3,0.8,0.5,0.3333333333333333,0.0,Medium,0
47,Prefer not to say,Other,Australia,0.25,0.08,1.0,1.0,0.0,0.3333333333333333,1.0,Medium,1
45,Female,Healthcare,UK,0.6999999999999998,0.8000000000000002,0.0,0.5818181818181818,0.0,0.6666666666666666,0.6666666666666666,High,1
24,Female,IT,Canada,0.3333333333333333,0.28,0.3,0.3454545454545454,0.5,0.3333333333333333,0.3333333333333333,Medium,0
47,Prefer not to say,Healthcare,Australia,0.6999999999999998,0.7600000000000001,1.0,0.2909090909090909,0.0,0.0,0.6666666666666666,Low,1
64,Male,Education,Germany,0.6666666666666666,0.4,0.7000000000000001,0.3090909090909091,0.0,0.6666666666666666,0.3333333333333333,Low,0
19,Prefer not to say,Other,Australia,0.7833333333333331,0.92,0.9,1.0,0.0,0.3333333333333333,1.0,Medium,1
63,Non-binary,Finance,Germany,0.9333333333333332,0.68,0.7000000000000001,0.3454545454545454,1.0,0.3333333333333333,0.3333333333333333,Medium,2
35,Non-binary,IT,Other,0.0499999999999999,0.44,0.0,0.9818181818181818,1.0,1.0,0.0,High,2
30,Female,Education,Canada,0.2833333333333333,0.5000000000000001,0.3,0.7272727272727273,1.0,0.0,0.3333333333333333,High,2
37,Male,Sales,Other,0.8333333333333334,0.94,0.0,0.1272727272727272,1.0,1.0,0.3333333333333333,High,2
30,Prefer not to say,Other,UK,0.8333333333333334,0.02,0.3,0.7454545454545454,0.5,0.6666666666666666,0.6666666666666666,High,1
30,Non-binary,Healthcare,Canada,0.9666666666666668,0.5000000000000001,0.8,0.2,0.5,0.6666666666666666,0.3333333333333333,Low,0
47,Male,Healthcare,Other,0.5499999999999999,0.12,0.8,0.2909090909090909,1.0,0.0,1.0,Low,2
42,Non-binary,Finance,India,0.1666666666666666,0.82,0.8,0.8363636363636363,0.5,0.6666666666666666,0.6666666666666666,High,1
27,Female,Finance,Canada,0.0833333333333333,0.7600000000000001,0.5,0.0909090909090909,1.0,1.0,0.0,High,2
41,Non-binary,Healthcare,Australia,0.1166666666666667,0.7400000000000001,1.0,0.2727272727272727,1.0,0.6666666666666666,1.0,High,2
26,Non-binary,Other,UK,0.9666666666666668,0.12,0.9,0.0727272727272727,0.0,0.3333333333333333,0.6666666666666666,Low,1
41,Prefer not to say,Education,Germany,1.0,0.22,0.6000000000000001,0.0545454545454545,1.0,0.6666666666666666,0.6666666666666666,Medium,2
42,Prefer not to say,Finance,Other,0.5666666666666668,0.66,0.0,0.2,1.0,0.3333333333333333,1.0,High,2
64,Female,Finance,Other,0.7666666666666665,0.44,0.5,0.6181818181818182,0.5,0.0,0.3333333333333333,Low,0
33,Female,Other,Other,0.3166666666666667,1.0,0.2,0.4909090909090909,1.0,0.6666666666666666,0.3333333333333333,High,2
59,Non-binary,Other,Other,0.9,0.44,0.3,0.3272727272727272,0.0,1.0,0.6666666666666666,Medium,1
62,Male,Healthcare,Canada,0.4833333333333333,0.5200000000000001,0.9,0.6545454545454544,0.0,0.3333333333333333,0.3333333333333333,Low,0
50,Female,Engineering,Germany,0.5333333333333333,0.06,1.0,0.6727272727272727,0.0,1.0,0.0,Low,0
35,Prefer not to say,Healthcare,USA,0.5499999999999999,0.0,0.8,0.2545454545454545,0.0,1.0,0.6666666666666666,Low,1
65,Prefer not to say,Sales,UK,0.0666666666666667,0.08,0.5,0.6545454545454544,0.0,0.6666666666666666,0.3333333333333333,Medium,0
54,Non-binary,IT,India,0.9666666666666668,0.7600000000000001,0.0,0.6363636363636364,1.0,0.3333333333333333,1.0,High,2
48,Non-binary,Engineering,India,0.0166666666666666,0.5000000000000001,0.2,0.8545454545454546,1.0,0.6666666666666666,0.0,High,2
52,Prefer not to say,Finance,India,0.25,0.02,0.0,0.509090909090909,1.0,0.0,1.0,High,2
42,Male,Healthcare,Other,0.9499999999999998,0.82,0.5,0.4545454545454545,0.5,1.0,1.0,High,1
56,Male,IT,Other,0.7166666666666667,0.14,0.9,0.8545454545454546,1.0,0.0,0.3333333333333333,Low,2
25,Prefer not to say,Other,Germany,0.5833333333333334,0.96,0.0,0.9272727272727272,1.0,0.6666666666666666,0.0,High,2
39,Non-binary,Engineering,India,0.4833333333333333,0.7200000000000001,0.6000000000000001,0.0363636363636363,0.5,0.0,0.6666666666666666,Medium,1
23,Prefer not to say,IT,Canada,0.2333333333333334,0.32,0.9,0.3636363636363636,0.0,0.0,1.0,Low,1
56,Prefer not to say,Finance,India,0.9166666666666666,0.6,0.5,0.1090909090909091,0.0,0.0,0.6666666666666666,Low,1
23,Male,IT,USA,0.9499999999999998,0.88,0.3,0.2909090909090909,0.0,0.3333333333333333,1.0,Medium,1
22,Female,IT,USA,0.9166666666666666,0.36,0.5,0.6727272727272727,0.5,0.6666666666666666,0.0,Medium,0
29,Non-binary,Education,USA,0.0666666666666667,0.7800000000000001,0.1,0.3818181818181818,0.0,1.0,1.0,High,1
60,Female,Healthcare,UK,0.7833333333333331,0.02,0.0,0.6181818181818182,0.5,0.3333333333333333,0.0,Low,0
18,Non-binary,IT,India,0.9333333333333332,0.98,0.3,0.4181818181818181,0.0,0.0,1.0,Medium,1
35,Female,Engineering,Germany,0.0333333333333333,0.94,0.7000000000000001,0.6727272727272727,0.0,0.6666666666666666,0.6666666666666666,High,1
54,Male,Engineering,Canada,0.8833333333333334,0.68,0.3,0.1818181818181818,1.0,0.6666666666666666,1.0,High,2
28,Non-binary,Engineering,Canada,0.2,0.3400000000000001,0.4,0.7272727272727273,1.0,0.6666666666666666,1.0,High,2
34,Prefer not to say,Engineering,India,0.2833333333333333,0.4,0.5,0.8363636363636363,0.0,0.3333333333333333,1.0,High,1
24,Female,IT,Canada,0.15,0.22,0.6000000000000001,0.6909090909090909,0.0,1.0,0.0,Medium,0
27,Male,Education,Germany,0.0833333333333333,0.7000000000000001,0.1,0.5636363636363636,0.5,0.3333333333333333,0.0,High,0
38,Female,IT,Australia,0.2833333333333333,0.96,0.9,0.0909090909090909,0.0,0.3333333333333333,1.0,Medium,1
48,Prefer not to say,IT,USA,0.0333333333333333,0.5200000000000001,0.4,0.5454545454545454,1.0,0.0,0.0,Medium,2
32,Non-binary,Engineering,Canada,0.9833333333333332,0.8000000000000002,0.1,0.4181818181818181,1.0,1.0,1.0,High,2
28,Female,Finance,Canada,0.8833333333333334,0.88,0.0,0.6545454545454544,0.5,0.6666666666666666,0.3333333333333333,High,0
19,Prefer not to say,Finance,Australia,0.3666666666666666,0.5200000000000001,1.0,0.4545454545454545,0.5,0.0,0.3333333333333333,Low,0
35,Non-binary,Healthcare,Other,0.3666666666666666,0.8000000000000002,1.0,0.8181818181818182,0.0,0.6666666666666666,0.0,Medium,0
53,Male,Healthcare,USA,0.6833333333333332,0.02,0.9,0.8363636363636363,1.0,0.0,0.0,Low,2
34,Female,Healthcare,Germany,0.0333333333333333,0.3400000000000001,0.9,0.9636363636363636,1.0,0.0,0.6666666666666666,High,2
31,Female,IT,USA,0.3666666666666666,0.18,0.9,0.1090909090909091,0.0,0.0,0.3333333333333333,Low,0
45,Male,Healthcare,Australia,0.8166666666666668,0.88,0.5,0.1454545454545454,1.0,0.0,0.0,Low,2
63,Non-binary,Education,UK,0.65,0.5599999999999999,0.2,0.4181818181818181,1.0,0.3333333333333333,0.6666666666666666,High,2
49,Prefer not to say,Education,USA,0.5333333333333333,0.4,0.5,0.8727272727272727,0.0,0.6666666666666666,0.6666666666666666,High,1
24,Prefer not to say,Education,India,0.1333333333333333,0.64,0.3,0.7454545454545454,0.0,0.0,0.0,Medium,0
64,Male,Finance,Canada,0.0999999999999999,0.4600000000000001,1.0,0.6545454545454544,0.5,0.6666666666666666,1.0,High,1
36,Prefer not to say,IT,UK,0.6333333333333332,0.86,0.9,0.1090909090909091,0.0,0.3333333333333333,0.0,Low,0
60,Male,IT,UK,0.0833333333333333,0.94,0.5,0.5454545454545454,1.0,1.0,0.6666666666666666,High,2
38,Prefer not to say,Finance,UK,0.8666666666666666,0.3,0.0,0.6909090909090909,1.0,0.3333333333333333,1.0,High,2
37,Prefer not to say,Education,Australia,0.1333333333333333,0.7800000000000001,0.5,0.2727272727272727,1.0,0.6666666666666666,0.3333333333333333,High,2
23,Female,IT,USA,0.3166666666666667,0.88,0.0,0.2,0.5,0.6666666666666666,1.0,High,1
20,Female,Sales,Other,0.0999999999999999,0.96,0.0,0.2181818181818181,1.0,0.0,1.0,High,2
47,Non-binary,Healthcare,Canada,0.7166666666666667,0.5599999999999999,0.9,0.509090909090909,0.0,0.0,1.0,Low,1
27,Male,Education,Australia,0.0166666666666666,0.7800000000000001,0.7000000000000001,0.5636363636363636,1.0,0.0,0.6666666666666666,High,2
21,Non-binary,Healthcare,Australia,0.4166666666666666,0.14,0.7000000000000001,0.7454545454545454,0.0,1.0,1.0,Medium,1
28,Prefer not to say,Engineering,India,0.1666666666666666,0.9,0.0,0.1272727272727272,0.5,0.0,1.0,High,1
21,Female,Sales,Other,0.8333333333333334,0.22,0.8,0.4363636363636363,0.5,0.0,1.0,Low,1
45,Prefer not to say,Finance,Other,0.1833333333333332,0.7000000000000001,0.9,0.4909090909090909,0.5,0.3333333333333333,0.6666666666666666,High,1
47,Prefer not to say,Finance,USA,0.5833333333333334,0.08,0.7000000000000001,0.6909090909090909,0.0,0.0,0.6666666666666666,Low,1
50,Female,IT,India,0.9666666666666668,0.92,0.8,0.3454545454545454,0.0,0.3333333333333333,0.0,Low,0
28,Prefer not to say,Education,UK,0.5499999999999999,0.66,0.1,0.8363636363636363,1.0,1.0,0.6666666666666666,High,2
22,Male,Finance,Other,0.45,0.14,0.7000000000000001,0.2363636363636363,0.5,0.0,0.3333333333333333,Low,0
41,Female,IT,India,0.9833333333333332,0.2,0.9,0.7818181818181817,0.0,1.0,0.0,Low,0
44,Female,IT,India,0.4333333333333332,0.32,0.5,0.0,0.5,0.6666666666666666,0.6666666666666666,Medium,1
34,Non-binary,Sales,Germany,0.4,0.92,0.5,0.2181818181818181,0.5,0.0,1.0,Medium,1
20,Male,Finance,USA,0.5666666666666668,0.92,0.5,0.1090909090909091,0.5,1.0,0.6666666666666666,High,1
26,Female,Education,Other,0.0833333333333333,0.94,0.1,0.7818181818181817,1.0,0.6666666666666666,1.0,High,2
37,Male,Engineering,Other,0.8833333333333334,1.0,0.2,0.6181818181818182,1.0,1.0,0.3333333333333333,High,2
51,Non-binary,Finance,USA,0.3833333333333332,0.02,0.8,0.4545454545454545,0.0,0.3333333333333333,0.3333333333333333,Low,0
32,Non-binary,Finance,Germany,0.1666666666666666,0.16,0.0,0.890909090909091,0.5,0.3333333333333333,0.6666666666666666,High,1
53,Non-binary,Sales,India,0.4166666666666666,0.32,0.5,0.6363636363636364,0.0,0.6666666666666666,0.6666666666666666,Medium,1
22,Female,Education,UK,0.4999999999999999,0.14,1.0,0.1090909090909091,1.0,1.0,1.0,Medium,2
54,Female,Sales,USA,0.5166666666666665,0.44,0.6000000000000001,0.5636363636363636,1.0,0.3333333333333333,0.6666666666666666,High,2
37,Male,Sales,Other,0.7833333333333331,0.42,1.0,0.3818181818181818,0.5,0.0,0.0,Low,0
29,Prefer not to say,Finance,Australia,0.8833333333333334,0.84,0.1,0.5454545454545454,0.0,0.6666666666666666,0.6666666666666666,High,1
52,Female,Engineering,Germany,0.2999999999999999,0.38,0.8,0.5272727272727272,0.5,0.3333333333333333,0.3333333333333333,Medium,0
31,Non-binary,Finance,India,0.2666666666666666,0.32,0.2,0.0,0.5,0.0,0.0,Low,0
21,Female,Healthcare,India,0.8000000000000002,0.5000000000000001,0.6000000000000001,0.3818181818181818,0.0,0.6666666666666666,1.0,Medium,1
44,Prefer not to say,IT,India,0.8666666666666666,0.5200000000000001,0.9,0.1272727272727272,1.0,0.3333333333333333,0.0,Low,2
23,Non-binary,Other,UK,0.8000000000000002,0.8000000000000002,0.7000000000000001,0.4,0.5,0.3333333333333333,0.6666666666666666,Medium,1
20,Prefer not to say,IT,India,0.5666666666666668,0.04,1.0,0.7454545454545454,1.0,0.0,0.0,Low,2
28,Prefer not to say,Sales,UK,0.1666666666666666,0.98,0.5,0.8727272727272727,0.5,1.0,0.3333333333333333,High,0
58,Female,Other,UK,0.6833333333333332,0.7200000000000001,0.8,0.1636363636363636,1.0,0.6666666666666666,0.3333333333333333,Medium,2
39,Prefer not to say,Finance,Germany,0.2666666666666666,0.8000000000000002,0.5,0.0727272727272727,0.0,1.0,0.0,Medium,0
51,Prefer not to say,Other,Other,0.3833333333333332,0.6,0.9,0.8181818181818182,1.0,0.3333333333333333,0.0,Medium,2
47,Non-binary,Engineering,USA,0.0333333333333333,0.98,0.2,0.9636363636363636,0.5,0.6666666666666666,0.3333333333333333,High,0
33,Female,Finance,Australia,0.8000000000000002,0.7000000000000001,0.8,0.5454545454545454,1.0,1.0,0.6666666666666666,High,2
46,Prefer not to say,Sales,USA,0.7166666666666667,0.94,1.0,0.6909090909090909,0.5,0.6666666666666666,1.0,High,1
42,Male,Healthcare,Germany,0.15,0.22,0.4,0.9636363636363636,1.0,1.0,1.0,High,2
41,Female,Healthcare,Canada,0.9666666666666668,0.06,0.5,0.4,0.0,0.0,0.3333333333333333,Low,0
32,Male,IT,India,0.0666666666666667,0.1,0.1,0.3454545454545454,0.5,0.3333333333333333,0.6666666666666666,High,1
24,Female,Engineering,Australia,0.1166666666666667,0.5000000000000001,0.9,0.7272727272727273,0.0,1.0,1.0,High,1
34,Non-binary,Engineering,Canada,0.3833333333333332,0.22,0.5,0.2727272727272727,1.0,0.3333333333333333,0.6666666666666666,Medium,2
57,Female,Sales,India,0.9499999999999998,0.42,0.5,0.3636363636363636,1.0,0.0,0.6666666666666666,Medium,2
34,Prefer not to say,Other,Canada,0.4666666666666667,0.5400000000000001,0.1,0.6,1.0,1.0,0.6666666666666666,High,2
19,Prefer not to say,Other,USA,0.8000000000000002,0.96,0.6000000000000001,0.3818181818181818,0.5,0.0,1.0,Medium,1
18,Female,Sales,Canada,0.0333333333333333,0.44,0.0,0.0545454545454545,1.0,0.6666666666666666,0.3333333333333333,High,2
62,Non-binary,Engineering,Germany,0.2999999999999999,0.4800000000000001,0.6000000000000001,0.8,1.0,0.6666666666666666,0.3333333333333333,High,2
54,Prefer not to say,Other,Canada,0.1166666666666667,0.0,0.4,0.7090909090909091,0.0,1.0,0.0,Medium,0
58,Female,Sales,Canada,0.5499999999999999,0.7800000000000001,0.2,0.1090909090909091,1.0,1.0,0.0,High,2
22,Male,Other,Germany,0.1666666666666666,0.38,0.6000000000000001,0.5818181818181818,1.0,1.0,0.6666666666666666,High,2
33,Prefer not to say,Sales,USA,0.2999999999999999,0.62,0.3,0.8181818181818182,0.5,0.3333333333333333,0.3333333333333333,High,0
46,Non-binary,Finance,India,0.2833333333333333,0.36,0.1,0.9272727272727272,0.0,1.0,0.0,High,0
36,Prefer not to say,Other,Canada,0.4333333333333332,0.86,1.0,0.9454545454545454,0.0,0.0,0.6666666666666666,Medium,1
36,Non-binary,Finance,USA,0.3833333333333332,0.16,0.0,0.2727272727272727,0.0,0.3333333333333333,0.0,Low,0
32,Prefer not to say,Other,USA,0.6999999999999998,0.1,0.7000000000000001,0.1090909090909091,1.0,0.6666666666666666,0.0,Low,2
47,Female,Sales,Germany,0.5666666666666668,0.08,0.2,0.0727272727272727,1.0,0.6666666666666666,0.0,Medium,2
38,Male,Other,India,0.5166666666666665,0.36,0.4,0.0181818181818181,0.0,0.0,1.0,Low,1
26,Female,Healthcare,Germany,0.2333333333333334,0.08,0.5,0.8545454545454546,0.0,1.0,0.0,Medium,0
52,Female,IT,Other,0.8833333333333334,0.32,0.4,0.6,0.0,0.3333333333333333,0.0,Low,0
19,Female,IT,USA,0.4833333333333333,0.88,0.2,0.4727272727272728,0.5,1.0,0.0,High,0
65,Male,Other,India,0.5833333333333334,0.14,0.5,0.5272727272727272,0.0,0.0,0.3333333333333333,Low,0
57,Male,Sales,USA,0.5333333333333333,0.38,0.8,0.8,0.0,0.0,0.3333333333333333,Low,0
31,Female,Engineering,Other,0.0166666666666666,0.9,0.1,0.7636363636363637,1.0,1.0,0.3333333333333333,High,2
32,Male,Engineering,Australia,0.8333333333333334,0.22,0.1,0.4363636363636363,0.0,1.0,1.0,Medium,1
38,Non-binary,Education,Australia,0.9333333333333332,0.9,0.6000000000000001,0.5454545454545454,1.0,0.6666666666666666,0.6666666666666666,High,2
48,Female,IT,UK,0.3666666666666666,0.5400000000000001,0.6000000000000001,0.1454545454545454,0.0,0.0,0.6666666666666666,Low,1
62,Male,Finance,Other,0.8333333333333334,0.5200000000000001,1.0,0.6727272727272727,0.0,0.0,1.0,Low,1
22,Prefer not to say,Engineering,Other,0.0333333333333333,0.64,0.1,0.890909090909091,0.5,0.6666666666666666,0.0,High,0
45,Non-binary,Finance,Germany,0.4333333333333332,0.06,0.2,0.4727272727272728,1.0,0.3333333333333333,0.6666666666666666,High,2
43,Prefer not to say,Healthcare,UK,0.25,0.06,0.5,0.9818181818181818,0.0,1.0,0.6666666666666666,High,1
34,Male,Other,Germany,0.1166666666666667,0.32,0.0,0.7090909090909091,0.5,0.3333333333333333,0.3333333333333333,High,0
39,Non-binary,Sales,India,0.7666666666666665,0.7200000000000001,0.9,0.9636363636363636,1.0,1.0,0.3333333333333333,High,2
32,Male,Healthcare,Other,0.3666666666666666,0.1,0.1,0.2,0.0,1.0,0.0,Low,0
59,Prefer not to say,Education,USA,0.9499999999999998,0.22,0.7000000000000001,0.4727272727272728,1.0,0.6666666666666666,0.6666666666666666,Medium,2
62,Prefer not to say,Education,Australia,0.5833333333333334,0.5000000000000001,0.2,0.6727272727272727,1.0,0.3333333333333333,1.0,High,2
64,Non-binary,Healthcare,Canada,0.7833333333333331,0.82,0.2,0.9454545454545454,1.0,0.6666666666666666,0.6666666666666666,High,2
27,Female,Healthcare,India,0.9833333333333332,0.64,0.8,0.2363636363636363,0.5,0.3333333333333333,0.0,Low,0
29,Prefer not to say,Sales,USA,0.4,0.6,1.0,0.5454545454545454,0.0,0.6666666666666666,0.6666666666666666,Medium,1
58,Prefer not to say,Education,India,0.0166666666666666,0.12,0.9,0.2545454545454545,0.5,0.3333333333333333,0.3333333333333333,Low,0
64,Male,IT,Germany,0.2,0.06,1.0,0.3636363636363636,0.0,0.0,0.3333333333333333,Low,0
43,Prefer not to say,Engineering,Other,0.4166666666666666,0.36,0.3,0.890909090909091,1.0,0.0,1.0,High,2
33,Male,Finance,Germany,0.4166666666666666,0.3400000000000001,0.2,0.1272727272727272,0.5,0.0,0.0,Low,0
32,Female,Sales,Australia,0.2333333333333334,0.06,0.9,0.1818181818181818,0.0,0.0,0.6666666666666666,Low,1
60,Prefer not to say,Engineering,USA,0.0166666666666666,0.4800000000000001,0.1,0.7818181818181817,0.5,0.6666666666666666,0.0,High,0
22,Prefer not to say,Finance,Australia,0.9499999999999998,0.92,0.1,0.3272727272727272,0.0,1.0,0.3333333333333333,Medium,0
54,Male,Healthcare,USA,0.9,0.14,1.0,0.8363636363636363,0.5,1.0,1.0,Medium,1
45,Female,Finance,Canada,0.0666666666666667,0.02,0.3,0.1636363636363636,1.0,0.6666666666666666,0.6666666666666666,High,2
30,Prefer not to say,Engineering,Other,0.7499999999999999,0.66,0.1,0.5818181818181818,0.5,0.3333333333333333,0.0,Medium,0
64,Female,Other,UK,0.1666666666666666,0.92,0.4,0.6727272727272727,1.0,0.3333333333333333,0.6666666666666666,High,2
53,Prefer not to say,Engineering,Australia,0.6833333333333332,0.98,0.7000000000000001,0.3818181818181818,1.0,0.6666666666666666,0.0,Medium,2
43,Prefer not to say,Other,Germany,0.5333333333333333,0.36,0.7000000000000001,0.1272727272727272,1.0,0.6666666666666666,0.3333333333333333,Medium,2
29,Non-binary,Other,Canada,0.6833333333333332,0.1,0.9,0.2181818181818181,0.0,1.0,0.0,Low,0
47,Male,Healthcare,Canada,0.6666666666666666,0.12,0.1,0.1090909090909091,0.0,0.6666666666666666,0.0,Low,0
57,Female,Sales,USA,0.7166666666666667,0.44,0.4,0.0545454545454545,0.0,1.0,0.0,Low,0
52,Female,Engineering,India,0.25,0.64,0.0,0.9090909090909092,0.0,0.3333333333333333,0.6666666666666666,High,1
32,Non-binary,Other,India,0.5499999999999999,0.0,0.1,0.3818181818181818,1.0,1.0,1.0,High,2
58,Prefer not to say,Finance,India,0.7833333333333331,0.38,0.1,0.4181818181818181,0.5,0.0,0.0,Low,0
53,Non-binary,Healthcare,Germany,0.15,0.42,0.4,0.3090909090909091,1.0,0.6666666666666666,0.6666666666666666,High,2
31,Male,Education,India,0.4333333333333332,0.32,0.0,0.0727272727272727,0.0,0.3333333333333333,0.3333333333333333,Low,0
32,Male,IT,UK,0.3166666666666667,0.26,0.5,0.1818181818181818,0.0,0.3333333333333333,0.3333333333333333,Low,0
47,Female,Education,Other,0.3833333333333332,0.7800000000000001,0.2,0.1818181818181818,1.0,0.3333333333333333,0.6666666666666666,High,2
27,Non-binary,IT,Canada,0.4999999999999999,0.16,0.5,0.1454545454545454,1.0,0.3333333333333333,0.6666666666666666,Medium,2
19,Male,Engineering,Canada,0.9166666666666666,0.12,0.6000000000000001,0.8,0.0,0.6666666666666666,0.0,Low,0
45,Non-binary,Sales,UK,0.6666666666666666,0.14,0.0,0.6545454545454544,0.5,0.6666666666666666,0.3333333333333333,Medium,0
29,Female,Finance,Germany,0.9166666666666666,0.82,0.5,0.7454545454545454,0.0,0.0,0.0,Low,0
56,Prefer not to say,Engineering,Germany,0.8000000000000002,0.04,0.7000000000000001,0.1454545454545454,0.5,0.6666666666666666,0.3333333333333333,Low,0
61,Male,Other,Other,0.0833333333333333,0.0,0.4,0.8,0.0,1.0,1.0,High,1
19,Female,IT,Germany,0.3166666666666667,0.68,0.0,0.509090909090909,0.0,1.0,0.0,High,0
37,Male,Sales,Germany,0.6166666666666666,0.36,0.3,0.6727272727272727,0.5,1.0,0.6666666666666666,High,1
37,Prefer not to say,Finance,USA,0.5666666666666668,0.94,0.5,0.8727272727272727,0.0,1.0,0.3333333333333333,High,0
29,Female,IT,UK,0.4833333333333333,0.68,0.6000000000000001,0.5818181818181818,1.0,0.0,1.0,High,2
42,Female,Finance,UK,0.1166666666666667,0.08,0.2,0.1090909090909091,1.0,1.0,0.3333333333333333,High,2
42,Male,Healthcare,Canada,0.6999999999999998,0.04,0.3,0.6181818181818182,0.5,0.6666666666666666,0.3333333333333333,Medium,0
40,Male,Other,Other,0.4999999999999999,0.2,0.0,0.7454545454545454,0.5,0.0,0.3333333333333333,Medium,0
56,Male,Education,Other,0.4999999999999999,0.0,0.5,0.3818181818181818,0.0,0.3333333333333333,0.3333333333333333,Low,0
59,Female,Sales,USA,0.35,0.08,0.6000000000000001,0.0727272727272727,0.5,1.0,0.6666666666666666,Medium,1
61,Non-binary,Healthcare,Canada,0.4166666666666666,0.68,0.5,0.3090909090909091,0.0,0.6666666666666666,0.3333333333333333,Medium,0
48,Prefer not to say,Healthcare,Germany,0.3833333333333332,0.82,0.1,0.1636363636363636,1.0,1.0,0.3333333333333333,High,2
20,Prefer not to say,Finance,Germany,0.1666666666666666,0.96,0.0,0.7454545454545454,1.0,0.6666666666666666,0.3333333333333333,High,2
64,Male,Finance,USA,0.2166666666666666,0.8000000000000002,1.0,0.7454545454545454,0.0,0.6666666666666666,0.3333333333333333,High,0
30,Prefer not to say,Other,India,0.0333333333333333,0.7200000000000001,0.7000000000000001,0.5818181818181818,1.0,0.0,0.6666666666666666,High,2
59,Prefer not to say,Healthcare,USA,0.0499999999999999,0.7000000000000001,0.1,0.8727272727272727,1.0,0.6666666666666666,0.6666666666666666,High,2
19,Non-binary,Education,Germany,0.5333333333333333,0.92,0.1,0.4909090909090909,1.0,1.0,0.6666666666666666,High,2
23,Male,Education,India,0.8166666666666668,0.82,0.8,0.7818181818181817,0.5,0.3333333333333333,0.3333333333333333,Medium,0
60,Female,Other,Germany,0.0333333333333333,0.44,0.2,0.6545454545454544,1.0,0.6666666666666666,0.0,High,2
46,Non-binary,Other,Germany,0.0666666666666667,0.12,0.2,0.2181818181818181,0.5,0.0,1.0,Medium,1
47,Male,Engineering,Germany,0.5333333333333333,0.06,0.7000000000000001,0.4363636363636363,0.5,0.0,0.3333333333333333,Low,0
53,Prefer not to say,Healthcare,UK,0.8000000000000002,0.2,0.4,0.5272727272727272,0.5,1.0,1.0,Medium,1
37,Non-binary,Engineering,USA,0.2,0.64,0.2,0.7454545454545454,1.0,1.0,0.6666666666666666,High,2
54,Female,Education,Other,0.3833333333333332,0.82,0.9,0.4909090909090909,0.5,1.0,0.6666666666666666,High,1
30,Non-binary,Engineering,Canada,0.0999999999999999,0.58,0.6000000000000001,0.9818181818181818,1.0,1.0,0.3333333333333333,High,2
22,Male,IT,Australia,0.8666666666666666,0.18,0.6000000000000001,0.2181818181818181,0.5,0.0,0.3333333333333333,Low,0
32,Prefer not to say,Finance,UK,0.8166666666666668,0.82,0.0,0.890909090909091,0.5,0.0,0.6666666666666666,High,1
28,Non-binary,Finance,Other,0.1666666666666666,0.86,0.0,0.5454545454545454,0.5,0.0,0.6666666666666666,High,1
42,Non-binary,Healthcare,Germany,0.4833333333333333,0.88,0.5,0.7272727272727273,1.0,0.0,0.3333333333333333,High,2
63,Non-binary,Engineering,Germany,0.5499999999999999,0.62,0.8,0.8363636363636363,0.5,1.0,0.6666666666666666,High,1
21,Prefer not to say,Engineering,Germany,0.25,0.7000000000000001,0.6000000000000001,0.9272727272727272,0.5,1.0,0.6666666666666666,High,1
41,Female,Sales,Other,0.6833333333333332,0.24,0.5,0.0181818181818181,0.5,0.6666666666666666,0.0,Low,0
30,Female,Other,USA,0.65,0.08,0.4,1.0,0.5,0.6666666666666666,0.6666666666666666,High,1
38,Non-binary,Other,Other,0.9833333333333332,0.3,0.7000000000000001,0.0545454545454545,0.5,0.6666666666666666,0.0,Low,0
63,Prefer not to say,Finance,Canada,0.8000000000000002,0.4600000000000001,0.3,0.9636363636363636,0.0,0.0,1.0,Medium,1
55,Female,Education,Germany,0.2,0.5200000000000001,0.1,0.7272727272727273,0.0,0.6666666666666666,0.6666666666666666,High,1
43,Non-binary,IT,India,0.0,0.4600000000000001,0.3,0.4909090909090909,0.5,1.0,0.6666666666666666,High,1
20,Male,IT,Other,0.7833333333333331,0.7000000000000001,0.8,0.4363636363636363,1.0,0.6666666666666666,1.0,High,2
23,Prefer not to say,Education,UK,0.85,0.2,0.8,0.0909090909090909,0.0,0.0,1.0,Low,1
30,Female,Education,Canada,0.6666666666666666,0.3,0.4,0.9818181818181818,0.0,0.3333333333333333,0.3333333333333333,Low,0
57,Prefer not to say,Engineering,USA,0.5166666666666665,0.44,0.9,0.8,0.5,0.6666666666666666,0.6666666666666666,High,1
57,Non-binary,Other,Other,0.2,0.82,0.7000000000000001,0.3636363636363636,0.5,0.6666666666666666,0.6666666666666666,High,1
25,Male,Engineering,Germany,0.1166666666666667,0.28,1.0,0.9090909090909092,0.5,1.0,0.6666666666666666,High,1
21,Prefer not to say,Other,Australia,0.3833333333333332,0.68,0.7000000000000001,0.6727272727272727,0.5,1.0,0.3333333333333333,High,0
31,Prefer not to say,Finance,UK,0.8833333333333334,0.7000000000000001,0.7000000000000001,0.4909090909090909,0.0,1.0,1.0,Medium,1
32,Non-binary,Engineering,Germany,0.1333333333333333,0.1,0.8,0.5818181818181818,0.5,0.3333333333333333,0.0,Low,0
34,Male,Sales,UK,0.4833333333333333,0.22,0.3,0.5272727272727272,1.0,0.3333333333333333,0.6666666666666666,High,2
37,Male,IT,Canada,0.5333333333333333,0.4,0.8,0.8,0.5,0.0,0.0,Low,0
22,Prefer not to say,IT,India,0.1666666666666666,0.94,0.2,0.0909090909090909,1.0,0.3333333333333333,0.3333333333333333,High,2
57,Male,Healthcare,India,0.45,0.64,0.2,0.4727272727272728,1.0,0.0,0.6666666666666666,High,2
37,Male,IT,Germany,0.45,0.4600000000000001,0.6000000000000001,0.3818181818181818,0.0,0.3333333333333333,1.0,Medium,1
27,Female,Sales,Other,0.0499999999999999,0.2,0.4,0.6,0.0,0.0,0.0,Low,0
39,Male,Other,UK,0.9499999999999998,0.9,1.0,0.8727272727272727,1.0,0.6666666666666666,0.3333333333333333,High,2
23,Male,Sales,UK,0.9666666666666668,0.7400000000000001,0.5,0.3272727272727272,1.0,1.0,0.0,Medium,2
44,Prefer not to say,Engineering,USA,0.8666666666666666,0.9,0.7000000000000001,0.3636363636363636,1.0,1.0,0.0,Medium,2
59,Female,IT,Other,0.9833333333333332,0.82,1.0,0.6909090909090909,0.0,0.3333333333333333,0.0,Low,0
51,Female,Finance,Germany,0.2833333333333333,0.06,0.2,0.8363636363636363,0.5,0.3333333333333333,0.3333333333333333,High,0
57,Prefer not to say,Healthcare,USA,0.8333333333333334,0.9,1.0,0.2727272727272727,0.5,1.0,0.0,Low,0
46,Non-binary,Sales,USA,0.5333333333333333,0.2,0.7000000000000001,0.1454545454545454,1.0,0.3333333333333333,0.0,Low,2
35,Female,Healthcare,Canada,0.0499999999999999,0.96,0.3,0.0363636363636363,1.0,0.3333333333333333,0.6666666666666666,High,2
35,Female,IT,USA,0.1666666666666666,0.68,0.7000000000000001,0.7818181818181817,0.5,1.0,0.3333333333333333,High,0
40,Prefer not to say,Healthcare,UK,0.2666666666666666,0.36,0.5,0.7636363636363637,0.5,0.0,0.6666666666666666,High,1
36,Prefer not to say,Finance,India,0.3333333333333333,0.88,0.7000000000000001,0.890909090909091,0.5,0.3333333333333333,0.0,Medium,0
62,Non-binary,IT,Australia,0.3666666666666666,0.42,0.4,0.2909090909090909,0.5,1.0,0.3333333333333333,Medium,0
54,Non-binary,IT,Other,0.9,0.6,0.4,0.9818181818181818,0.5,0.0,1.0,Medium,1
44,Male,Finance,USA,0.0666666666666667,0.22,0.2,0.9636363636363636,0.0,0.3333333333333333,0.6666666666666666,High,1
23,Non-binary,Education,Other,0.35,0.96,0.2,0.4,1.0,0.3333333333333333,0.6666666666666666,High,2
57,Female,Sales,Other,0.65,0.9,0.5,0.1818181818181818,1.0,1.0,0.6666666666666666,High,2
20,Prefer not to say,Healthcare,Other,0.35,0.84,0.2,0.4363636363636363,0.5,1.0,1.0,High,1
39,Non-binary,Engineering,India,0.4833333333333333,0.02,0.0,0.8363636363636363,0.5,1.0,0.6666666666666666,High,1
27,Male,Education,USA,0.9666666666666668,0.06,1.0,0.8545454545454546,0.0,1.0,0.3333333333333333,Low,0
43,Prefer not to say,Finance,UK,0.1666666666666666,0.6,0.4,0.7818181818181817,0.0,1.0,0.3333333333333333,High,0
19,Non-binary,Healthcare,USA,0.8666666666666666,0.6,0.2,0.8363636363636363,0.5,1.0,0.3333333333333333,High,0
51,Non-binary,Engineering,India,0.15,0.04,0.4,0.7272727272727273,1.0,1.0,0.6666666666666666,High,2
29,Male,Healthcare,Germany,0.5499999999999999,0.64,0.9,0.6909090909090909,0.0,0.6666666666666666,0.3333333333333333,Medium,0
29,Male,Sales,Australia,0.9333333333333332,1.0,0.2,0.0181818181818181,0.5,1.0,0.6666666666666666,High,1
60,Non-binary,Healthcare,India,0.3166666666666667,0.86,0.9,0.5636363636363636,1.0,0.0,0.6666666666666666,High,2
18,Male,Engineering,India,0.3166666666666667,0.66,0.1,0.4,1.0,0.6666666666666666,0.3333333333333333,High,2
21,Non-binary,IT,Other,0.7499999999999999,0.14,0.4,0.0545454545454545,1.0,1.0,1.0,Medium,2
62,Male,Sales,Germany,0.2333333333333334,0.86,0.0,0.5272727272727272,0.0,0.0,1.0,High,1
53,Female,IT,Other,0.8833333333333334,0.3,0.9,0.1636363636363636,0.5,0.6666666666666666,1.0,Low,1
43,Non-binary,Engineering,India,0.2166666666666666,0.64,0.2,0.7818181818181817,1.0,0.6666666666666666,1.0,High,2
47,Prefer not to say,Sales,Germany,0.3833333333333332,0.1,0.5,0.8181818181818182,0.5,0.0,1.0,Medium,1
65,Non-binary,Engineering,India,0.1666666666666666,0.68,0.4,0.6363636363636364,1.0,0.3333333333333333,0.0,High,2
57,Male,IT,Australia,0.8833333333333334,0.98,0.8,0.0909090909090909,0.5,0.6666666666666666,0.6666666666666666,Medium,1
32,Male,Healthcare,Germany,0.9499999999999998,0.02,0.8,0.2727272727272727,0.0,0.3333333333333333,0.3333333333333333,Low,0
28,Non-binary,IT,USA,0.5333333333333333,0.5599999999999999,0.6000000000000001,0.8181818181818182,1.0,0.6666666666666666,0.3333333333333333,High,2
54,Male,Other,Other,0.9333333333333332,0.66,0.8,0.8545454545454546,1.0,0.6666666666666666,0.6666666666666666,High,2
58,Male,Healthcare,UK,0.6166666666666666,0.4800000000000001,0.1,0.890909090909091,0.5,0.6666666666666666,0.6666666666666666,High,1
44,Male,Healthcare,USA,0.4833333333333333,0.9,0.2,0.6363636363636364,0.5,1.0,0.6666666666666666,High,1
18,Male,Healthcare,Germany,0.8166666666666668,0.4800000000000001,0.4,0.2545454545454545,0.5,1.0,0.6666666666666666,Medium,1
43,Non-binary,Finance,UK,0.7833333333333331,0.32,0.5,0.7272727272727273,1.0,0.0,0.0,Low,2
64,Male,Education,Other,0.6,0.12,0.8,0.7636363636363637,0.5,0.0,0.3333333333333333,Low,0
30,Male,Engineering,UK,0.2999999999999999,0.5599999999999999,0.2,0.9636363636363636,1.0,0.0,0.6666666666666666,High,2
57,Prefer not to say,IT,USA,0.35,0.84,0.3,0.9272727272727272,1.0,0.0,0.0,High,2
19,Female,IT,Australia,0.65,0.82,0.3,0.9272727272727272,1.0,0.3333333333333333,0.0,High,2
26,Male,Sales,USA,0.2999999999999999,0.7000000000000001,0.3,0.8181818181818182,0.0,1.0,0.6666666666666666,High,1
30,Prefer not to say,Other,Australia,0.9166666666666666,0.4,0.3,0.2909090909090909,0.0,1.0,0.6666666666666666,Medium,1
30,Female,Finance,Australia,0.5833333333333334,0.96,0.9,0.0363636363636363,0.0,0.3333333333333333,0.3333333333333333,Low,0
54,Male,Other,Canada,0.8000000000000002,0.06,0.7000000000000001,0.3636363636363636,1.0,0.3333333333333333,0.3333333333333333,Low,2
45,Female,Finance,Other,0.4333333333333332,0.5400000000000001,0.4,0.3272727272727272,1.0,0.0,1.0,Medium,2
64,Non-binary,Other,India,0.5333333333333333,0.94,0.6000000000000001,0.2181818181818181,0.0,0.6666666666666666,0.3333333333333333,Medium,0
47,Male,Finance,India,0.1333333333333333,0.68,0.4,0.6727272727272727,0.0,0.6666666666666666,0.6666666666666666,High,1
26,Male,Sales,Other,0.6,0.8000000000000002,0.2,0.8,1.0,0.0,1.0,High,2
51,Male,Engineering,Other,0.2166666666666666,0.66,0.1,0.2545454545454545,0.5,1.0,0.6666666666666666,High,1
60,Prefer not to say,Engineering,Germany,0.8666666666666666,0.6,0.7000000000000001,0.2727272727272727,0.0,0.3333333333333333,0.0,Low,0
43,Prefer not to say,IT,India,0.2333333333333334,0.86,0.2,0.5636363636363636,0.0,0.3333333333333333,0.6666666666666666,High,1
46,Male,Sales,Canada,0.9833333333333332,0.3400000000000001,0.9,0.5636363636363636,1.0,0.3333333333333333,0.6666666666666666,Medium,2
62,Prefer not to say,Education,Other,0.2666666666666666,0.7800000000000001,0.6000000000000001,0.4727272727272728,1.0,0.0,0.6666666666666666,High,2
36,Male,IT,USA,0.6833333333333332,0.4800000000000001,0.7000000000000001,0.7272727272727273,0.0,1.0,0.0,Low,0
21,Non-binary,Engineering,Australia,0.6333333333333332,0.4800000000000001,0.1,0.0,1.0,0.6666666666666666,1.0,High,2
33,Female,Other,India,0.8166666666666668,0.0,0.3,0.7636363636363637,0.5,1.0,0.0,Medium,0
63,Non-binary,Finance,Other,0.9,0.5400000000000001,0.3,0.7636363636363637,0.5,0.0,0.3333333333333333,Medium,0
26,Male,Finance,India,0.1166666666666667,0.3400000000000001,0.0,0.8545454545454546,0.5,0.3333333333333333,1.0,High,1
34,Female,Sales,Australia,0.0833333333333333,0.08,0.5,0.4181818181818181,0.5,0.6666666666666666,1.0,High,1
22,Female,Healthcare,Germany,0.9499999999999998,0.7800000000000001,0.9,0.2363636363636363,0.5,1.0,0.0,Low,0
61,Non-binary,Education,USA,0.4999999999999999,0.94,0.1,0.6181818181818182,0.5,0.3333333333333333,1.0,High,1
24,Non-binary,Education,India,0.5833333333333334,0.88,0.4,0.7272727272727273,0.5,0.0,0.0,Medium,0
63,Non-binary,Education,India,0.1666666666666666,0.7400000000000001,0.5,0.9454545454545454,1.0,0.3333333333333333,0.3333333333333333,High,2
26,Prefer not to say,Engineering,Australia,0.2999999999999999,0.06,0.3,0.8,1.0,1.0,0.0,High,2
26,Non-binary,Other,Other,0.5666666666666668,0.06,0.7000000000000001,0.2909090909090909,0.5,0.0,1.0,Low,1
53,Female,Other,Canada,0.45,0.44,0.2,0.2727272727272727,1.0,0.3333333333333333,0.0,Medium,2
65,Male,IT,India,0.6666666666666666,0.5400000000000001,0.2,0.1636363636363636,1.0,1.0,0.0,Medium,2
57,Male,IT,Australia,0.85,0.7800000000000001,0.5,0.7818181818181817,1.0,0.0,0.6666666666666666,High,2
60,Male,Finance,India,0.9833333333333332,0.86,0.0,0.0363636363636363,0.5,1.0,0.6666666666666666,High,1
44,Non-binary,IT,Canada,0.8166666666666668,0.0,0.4,0.9272727272727272,1.0,0.0,1.0,Medium,2
41,Female,Engineering,UK,0.9499999999999998,0.7200000000000001,1.0,0.9636363636363636,1.0,0.0,0.3333333333333333,Medium,2
27,Prefer not to say,IT,USA,0.1666666666666666,0.2,0.5,0.2181818181818181,0.0,0.6666666666666666,1.0,Medium,1
36,Female,Sales,Germany,0.7166666666666667,0.22,0.7000000000000001,0.6909090909090909,1.0,0.0,0.0,Low,2
28,Male,Education,Canada,0.2666666666666666,0.04,0.2,0.4545454545454545,1.0,0.3333333333333333,0.6666666666666666,High,2
64,Male,IT,Australia,0.0166666666666666,0.5200000000000001,0.3,0.8,0.5,0.3333333333333333,0.3333333333333333,High,0
56,Male,Finance,India,0.7666666666666665,0.7200000000000001,0.4,0.3636363636363636,1.0,0.6666666666666666,1.0,High,2
28,Prefer not to say,Sales,India,0.6,0.9,0.6000000000000001,0.0727272727272727,0.5,0.6666666666666666,0.6666666666666666,High,1
24,Male,Sales,Canada,0.0166666666666666,1.0,0.6000000000000001,0.4909090909090909,0.5,0.6666666666666666,0.6666666666666666,High,1
44,Prefer not to say,Finance,UK,0.5166666666666665,0.4,0.5,0.2181818181818181,0.0,1.0,0.6666666666666666,Medium,1
64,Male,Education,India,0.6,0.7400000000000001,0.4,0.4909090909090909,0.5,0.6666666666666666,1.0,High,1
56,Male,Other,Canada,0.9166666666666666,0.86,0.1,0.0363636363636363,0.0,0.0,0.0,Low,0
51,Male,Education,Other,0.7166666666666667,0.14,0.3,0.4909090909090909,0.5,0.3333333333333333,0.0,Low,0
61,Male,Education,Germany,0.85,0.18,0.1,0.3636363636363636,0.5,0.3333333333333333,0.0,Low,0
62,Non-binary,Other,Australia,0.9666666666666668,0.94,0.0,0.890909090909091,0.5,1.0,0.0,High,0
61,Non-binary,Education,Australia,0.4166666666666666,0.38,1.0,0.4727272727272728,1.0,1.0,0.0,Medium,2
58,Non-binary,Education,Other,0.1166666666666667,0.98,0.1,0.6545454545454544,0.0,0.3333333333333333,1.0,High,1
22,Prefer not to say,Healthcare,Other,0.0499999999999999,0.4600000000000001,0.9,0.8545454545454546,1.0,0.0,1.0,High,2
54,Male,Education,USA,0.1833333333333332,0.96,0.2,0.0,1.0,0.6666666666666666,0.6666666666666666,High,2
36,Prefer not to say,Finance,India,0.6333333333333332,0.9,0.9,0.8181818181818182,0.0,0.6666666666666666,0.6666666666666666,High,1
39,Male,Other,India,0.0166666666666666,0.92,1.0,0.7818181818181817,0.5,1.0,0.0,High,0
54,Non-binary,IT,Australia,0.5333333333333333,0.38,0.0,0.6,1.0,1.0,1.0,High,2
35,Prefer not to say,Finance,Other,1.0,0.5400000000000001,0.3,0.9636363636363636,1.0,0.6666666666666666,1.0,High,2
64,Non-binary,Other,UK,0.35,0.04,0.6000000000000001,0.8727272727272727,1.0,1.0,0.3333333333333333,High,2
51,Prefer not to say,Other,India,0.85,0.88,0.3,0.5454545454545454,1.0,0.0,0.0,Medium,2
45,Male,Healthcare,India,0.6166666666666666,0.58,0.5,0.9636363636363636,0.5,0.3333333333333333,0.0,Medium,0
57,Non-binary,Education,India,0.2833333333333333,0.7600000000000001,0.9,0.9090909090909092,1.0,1.0,0.6666666666666666,High,2
48,Female,Finance,India,0.4333333333333332,0.32,0.2,0.2727272727272727,0.0,1.0,0.6666666666666666,Medium,1
53,Prefer not to say,IT,USA,0.2666666666666666,0.4600000000000001,0.2,0.0,1.0,1.0,1.0,High,2
58,Female,Healthcare,Other,0.0333333333333333,0.96,0.6000000000000001,0.3818181818181818,1.0,0.3333333333333333,0.3333333333333333,High,2
26,Prefer not to say,Healthcare,Australia,0.2833333333333333,0.7000000000000001,0.0,0.7272727272727273,1.0,0.6666666666666666,0.3333333333333333,High,2
37,Prefer not to say,Finance,Canada,0.7666666666666665,0.28,0.6000000000000001,0.6909090909090909,0.5,0.3333333333333333,0.0,Low,0
33,Male,Sales,USA,0.0666666666666667,0.82,0.3,0.5454545454545454,0.0,0.0,1.0,High,1
21,Male,Engineering,Germany,0.35,0.06,0.9,0.4181818181818181,1.0,0.3333333333333333,1.0,Medium,2
65,Male,Other,Australia,0.9333333333333332,0.94,0.8,0.1272727272727272,0.0,0.3333333333333333,1.0,Low,1
40,Prefer not to say,Engineering,Germany,0.4166666666666666,0.16,0.5,0.4909090909090909,0.0,1.0,0.6666666666666666,Medium,1
27,Prefer not to say,Sales,Other,0.1666666666666666,0.3,0.1,0.2727272727272727,1.0,1.0,1.0,High,2
47,Prefer not to say,IT,Canada,0.85,0.98,0.8,0.2727272727272727,0.5,0.6666666666666666,0.6666666666666666,Medium,1
41,Non-binary,Finance,Germany,0.9666666666666668,0.32,0.8,0.1818181818181818,0.0,0.6666666666666666,0.3333333333333333,Low,0
29,Male,Healthcare,USA,0.2333333333333334,0.16,1.0,0.0181818181818181,0.5,0.0,0.3333333333333333,Low,0
62,Non-binary,Finance,Canada,0.25,0.96,0.1,0.4,0.0,0.6666666666666666,0.3333333333333333,High,0
18,Non-binary,Education,Germany,0.3166666666666667,0.16,0.4,0.9636363636363636,0.5,0.0,0.3333333333333333,Medium,0
46,Prefer not to say,IT,USA,0.15,0.84,0.2,0.7090909090909091,0.5,0.0,0.6666666666666666,High,1
65,Female,Education,Germany,0.5666666666666668,0.44,0.5,0.0363636363636363,0.5,0.0,0.0,Low,0
47,Non-binary,IT,Other,0.2999999999999999,1.0,0.6000000000000001,0.1272727272727272,0.0,1.0,0.6666666666666666,High,1
52,Female,Sales,India,0.0666666666666667,0.32,0.6000000000000001,0.4181818181818181,0.0,0.3333333333333333,0.0,Low,0
35,Prefer not to say,Education,Germany,0.6999999999999998,0.5400000000000001,0.1,0.6545454545454544,1.0,0.3333333333333333,1.0,High,2
61,Female,Education,India,0.25,0.5200000000000001,0.3,0.6363636363636364,1.0,0.0,1.0,High,2
37,Male,IT,India,0.5499999999999999,0.26,0.5,0.3272727272727272,1.0,0.3333333333333333,0.6666666666666666,Medium,2
23,Non-binary,Other,Germany,0.5333333333333333,0.14,0.1,0.7818181818181817,1.0,1.0,0.0,High,2
42,Prefer not to say,Education,USA,0.9333333333333332,0.24,0.7000000000000001,0.4363636363636363,1.0,0.6666666666666666,0.6666666666666666,Medium,2
25,Non-binary,IT,India,0.85,0.7800000000000001,0.9,0.1454545454545454,0.0,0.6666666666666666,0.0,Low,0
36,Male,Other,USA,0.5666666666666668,0.4,0.6000000000000001,0.7818181818181817,1.0,0.3333333333333333,1.0,High,2
29,Non-binary,Other,Germany,0.2666666666666666,0.44,0.5,0.4727272727272728,1.0,1.0,0.3333333333333333,High,2
53,Non-binary,Finance,Australia,0.0666666666666667,0.88,0.2,0.509090909090909,0.5,1.0,0.6666666666666666,High,1
22,Male,Sales,India,0.3333333333333333,0.02,0.3,0.4,1.0,0.3333333333333333,0.6666666666666666,High,2
28,Non-binary,Finance,USA,0.9333333333333332,0.12,0.4,0.4727272727272728,0.5,0.0,0.3333333333333333,Low,0
35,Prefer not to say,Finance,Canada,0.65,0.4800000000000001,0.7000000000000001,0.0545454545454545,0.5,0.0,0.6666666666666666,Low,1
27,Prefer not to say,Healthcare,Australia,0.2666666666666666,0.06,0.1,0.0181818181818181,0.0,0.0,0.0,Low,0
60,Prefer not to say,Finance,USA,0.4,0.24,1.0,0.3818181818181818,0.5,0.6666666666666666,0.6666666666666666,Medium,1
65,Prefer not to say,Engineering,India,0.8000000000000002,0.42,0.2,0.890909090909091,0.0,0.0,0.0,Low,0
49,Male,Engineering,Australia,0.1666666666666666,0.14,0.0,0.8545454545454546,1.0,0.6666666666666666,0.3333333333333333,High,2
55,Female,Other,India,0.85,0.5400000000000001,0.4,0.3454545454545454,0.5,0.0,0.0,Low,0
56,Female,Education,USA,0.8666666666666666,0.38,0.9,0.4909090909090909,0.0,0.3333333333333333,1.0,Low,1
36,Prefer not to say,Sales,USA,0.8166666666666668,0.6,0.2,0.1454545454545454,0.0,0.3333333333333333,0.3333333333333333,Low,0
47,Female,IT,Australia,0.5666666666666668,0.82,0.8,0.9818181818181818,0.0,0.0,0.6666666666666666,Medium,1
21,Female,IT,Canada,0.4166666666666666,0.08,0.4,0.0727272727272727,0.5,0.0,0.6666666666666666,Low,1
43,Prefer not to say,Other,UK,0.25,0.18,0.6000000000000001,0.7454545454545454,1.0,0.0,0.6666666666666666,High,2
48,Female,Engineering,Canada,0.1333333333333333,0.16,0.3,0.2181818181818181,1.0,0.3333333333333333,1.0,High,2
18,Female,IT,India,0.3666666666666666,0.7000000000000001,0.2,0.9636363636363636,0.0,0.6666666666666666,1.0,High,1
30,Prefer not to say,Other,India,0.35,0.8000000000000002,0.6000000000000001,0.9090909090909092,0.5,0.6666666666666666,0.0,High,0
42,Female,Education,Australia,0.9333333333333332,0.84,0.7000000000000001,0.9272727272727272,1.0,0.3333333333333333,1.0,High,2
36,Non-binary,Engineering,UK,0.9,0.7600000000000001,0.9,0.4181818181818181,0.5,0.3333333333333333,1.0,Medium,1
46,Male,Finance,Other,0.6833333333333332,0.1,0.9,0.1272727272727272,0.5,1.0,0.0,Low,0
43,Non-binary,Healthcare,India,0.2,0.7800000000000001,0.5,0.2727272727272727,0.0,0.0,0.6666666666666666,Medium,1
38,Female,Other,Australia,0.35,0.36,0.4,0.4727272727272728,0.0,0.0,0.3333333333333333,Low,0
48,Male,IT,Germany,0.3666666666666666,0.1,0.2,0.2,1.0,0.6666666666666666,1.0,High,2
23,Female,Finance,Australia,1.0,0.96,0.5,0.2363636363636363,0.5,0.6666666666666666,0.3333333333333333,Medium,0
20,Male,Finance,USA,0.1333333333333333,0.7600000000000001,0.3,0.5272727272727272,0.5,1.0,0.3333333333333333,High,0
55,Male,IT,Canada,0.7666666666666665,0.04,0.4,1.0,0.0,0.0,0.0,Low,0
63,Prefer not to say,Healthcare,USA,0.5333333333333333,0.5000000000000001,0.0,0.4727272727272728,1.0,0.6666666666666666,0.3333333333333333,High,2
32,Non-binary,Healthcare,Canada,0.2333333333333334,0.2,0.1,0.4363636363636363,1.0,0.0,0.6666666666666666,High,2
41,Male,Education,Other,0.4999999999999999,0.2,0.0,0.7272727272727273,1.0,0.0,1.0,High,2
34,Non-binary,Other,India,0.3333333333333333,0.6,0.0,0.5454545454545454,0.0,0.0,0.0,Low,0
18,Male,Finance,Germany,0.9333333333333332,0.84,0.5,0.9090909090909092,0.0,0.0,0.0,Low,0
34,Non-binary,IT,Other,0.15,0.02,0.1,0.6727272727272727,0.0,0.0,0.3333333333333333,Medium,0
37,Non-binary,Engineering,Canada,0.65,0.86,1.0,0.2181818181818181,1.0,1.0,1.0,High,2
26,Male,Other,Germany,0.1333333333333333,0.4600000000000001,0.7000000000000001,0.2909090909090909,0.0,0.0,0.0,Low,0
46,Prefer not to say,Sales,Other,0.8333333333333334,0.82,0.1,0.2363636363636363,1.0,0.3333333333333333,1.0,High,2
64,Female,Education,UK,0.2999999999999999,0.82,0.3,0.1454545454545454,0.0,0.0,0.3333333333333333,Medium,0
40,Prefer not to say,IT,India,0.2,0.0,0.0,0.8363636363636363,0.5,0.3333333333333333,0.3333333333333333,High,0
23,Prefer not to say,Other,Australia,0.65,0.12,0.9,0.2,0.0,1.0,0.0,Low,0
40,Female,Education,Australia,0.7666666666666665,0.7200000000000001,0.5,0.3090909090909091,0.0,1.0,0.0,Low,0
64,Male,Other,India,0.6666666666666666,0.7400000000000001,0.7000000000000001,0.2909090909090909,1.0,0.3333333333333333,1.0,Medium,2
62,Male,Healthcare,Canada,0.3166666666666667,0.5000000000000001,0.9,0.2181818181818181,0.5,0.0,0.0,Low,0
47,Male,Finance,Germany,0.25,0.26,0.4,0.0181818181818181,0.0,0.0,0.6666666666666666,Low,1
50,Male,Engineering,UK,0.4,0.5599999999999999,0.5,0.4363636363636363,0.5,0.6666666666666666,1.0,High,1
65,Male,Education,Australia,0.6333333333333332,0.88,0.0,0.3090909090909091,0.5,1.0,0.3333333333333333,High,0
63,Non-binary,Finance,India,0.0166666666666666,0.7000000000000001,0.2,0.9454545454545454,0.0,0.3333333333333333,1.0,High,1
43,Male,Healthcare,India,0.2,0.58,0.9,0.0727272727272727,1.0,0.0,0.6666666666666666,Medium,2
38,Male,Other,Canada,0.8000000000000002,0.7400000000000001,0.7000000000000001,0.1090909090909091,0.0,0.6666666666666666,0.3333333333333333,Low,0
23,Female,Healthcare,Australia,0.15,0.24,0.5,0.7090909090909091,0.5,0.6666666666666666,1.0,High,1
48,Prefer not to say,Sales,Australia,0.0666666666666667,0.4,0.9,0.890909090909091,0.5,0.6666666666666666,1.0,High,1
63,Prefer not to say,IT,USA,0.9666666666666668,0.38,0.5,0.7818181818181817,0.0,0.3333333333333333,0.0,Low,0
30,Female,Finance,Other,0.7333333333333333,0.62,0.8,0.6909090909090909,0.5,0.3333333333333333,1.0,Medium,1
60,Female,Sales,Other,0.25,0.2,0.3,0.6909090909090909,0.0,0.6666666666666666,0.6666666666666666,High,1
39,Prefer not to say,Engineering,Canada,0.5166666666666665,0.08,1.0,0.1090909090909091,0.5,0.3333333333333333,0.3333333333333333,Low,0
20,Female,IT,India,0.2833333333333333,0.96,0.1,0.4545454545454545,0.0,1.0,0.0,High,0
30,Non-binary,Other,Canada,0.2999999999999999,0.24,0.6000000000000001,0.1636363636363636,1.0,0.3333333333333333,0.3333333333333333,Medium,2
55,Male,Healthcare,India,0.15,0.8000000000000002,0.2,0.7090909090909091,1.0,0.6666666666666666,1.0,High,2
50,Non-binary,Engineering,India,0.3666666666666666,0.12,0.8,0.1454545454545454,1.0,0.0,1.0,Low,2
61,Non-binary,Other,Germany,0.6333333333333332,0.22,0.5,0.3454545454545454,1.0,1.0,0.6666666666666666,High,2
27,Non-binary,Healthcare,Other,0.7166666666666667,0.6,0.6000000000000001,0.4545454545454545,0.5,0.3333333333333333,0.6666666666666666,Medium,1
59,Prefer not to say,Healthcare,Canada,0.5166666666666665,0.12,0.2,0.9818181818181818,0.5,0.3333333333333333,0.6666666666666666,High,1
61,Non-binary,Education,India,0.6166666666666666,0.98,0.8,0.9090909090909092,1.0,0.3333333333333333,1.0,High,2
62,Non-binary,Sales,USA,0.0833333333333333,0.3,0.9,0.0363636363636363,0.5,0.0,1.0,Low,1
22,Male,Sales,Australia,0.4666666666666667,0.92,1.0,0.509090909090909,1.0,0.6666666666666666,1.0,High,2
31,Non-binary,Education,USA,0.4999999999999999,0.6,0.0,0.4545454545454545,1.0,0.3333333333333333,0.3333333333333333,High,2
62,Non-binary,Education,Germany,0.65,0.8000000000000002,0.1,0.7272727272727273,0.0,0.3333333333333333,1.0,High,1
36,Female,Engineering,USA,0.5499999999999999,0.98,0.5,0.5454545454545454,0.0,0.0,1.0,Medium,1
63,Non-binary,Engineering,UK,0.3166666666666667,0.7000000000000001,0.8,0.7636363636363637,0.5,0.6666666666666666,0.0,High,0
59,Prefer not to say,Education,Other,0.2666666666666666,0.28,0.3,0.8545454545454546,0.5,0.3333333333333333,1.0,High,1
56,Prefer not to say,Engineering,Canada,0.2666666666666666,1.0,0.2,0.7272727272727273,0.5,0.6666666666666666,0.3333333333333333,High,0
49,Prefer not to say,IT,USA,0.5499999999999999,0.68,0.5,0.890909090909091,0.0,0.3333333333333333,0.0,Medium,0
62,Prefer not to say,Sales,Canada,0.0499999999999999,0.36,0.2,0.2363636363636363,0.0,1.0,0.6666666666666666,High,1
35,Non-binary,IT,USA,0.6166666666666666,0.2,0.6000000000000001,0.9272727272727272,0.5,0.0,1.0,Medium,1
33,Non-binary,Education,Other,0.5499999999999999,0.44,0.8,0.2909090909090909,0.0,0.3333333333333333,0.3333333333333333,Low,0
27,Non-binary,Finance,India,0.8333333333333334,0.86,0.0,0.7272727272727273,0.0,0.0,0.3333333333333333,Medium,0
22,Non-binary,Finance,Other,0.9,0.96,0.8,0.5636363636363636,1.0,0.0,0.6666666666666666,Medium,2
43,Female,Finance,UK,0.4999999999999999,0.96,0.9,0.6545454545454544,0.5,0.0,1.0,Medium,1
20,Prefer not to say,Sales,Australia,0.3166666666666667,0.5200000000000001,0.3,0.0727272727272727,1.0,1.0,0.0,High,2
54,Prefer not to say,Other,Other,0.65,0.06,0.2,0.5818181818181818,0.0,0.0,0.0,Low,0
46,Non-binary,Sales,India,0.45,0.2,0.6000000000000001,0.1636363636363636,0.0,1.0,0.3333333333333333,Low,0
20,Male,Finance,USA,0.5833333333333334,0.4,0.2,0.1272727272727272,0.5,0.3333333333333333,0.3333333333333333,Medium,0
22,Male,IT,Germany,0.5499999999999999,0.1,0.1,0.7454545454545454,1.0,0.3333333333333333,1.0,High,2
23,Non-binary,Education,Canada,0.0666666666666667,0.94,0.8,0.5272727272727272,0.5,0.6666666666666666,0.3333333333333333,High,0
35,Male,Education,Other,0.3166666666666667,0.84,0.8,0.7454545454545454,0.0,0.3333333333333333,0.0,Medium,0
56,Prefer not to say,Sales,Germany,0.6333333333333332,0.94,0.3,0.0363636363636363,0.0,0.0,1.0,Medium,1
41,Female,Other,Germany,0.4666666666666667,0.32,0.3,0.4363636363636363,1.0,0.0,0.3333333333333333,Medium,2
55,Male,Other,USA,0.2333333333333334,0.12,0.1,0.4,1.0,1.0,0.0,High,2
39,Prefer not to say,Sales,USA,0.7833333333333331,0.5599999999999999,0.3,0.7636363636363637,0.0,1.0,0.6666666666666666,High,1
52,Prefer not to say,Finance,Other,0.4999999999999999,0.2,0.7000000000000001,0.6909090909090909,1.0,0.0,1.0,Medium,2
34,Prefer not to say,Other,India,0.7833333333333331,0.18,0.7000000000000001,0.4909090909090909,1.0,1.0,1.0,Medium,2
65,Male,IT,Canada,0.35,0.42,0.0,0.4909090909090909,1.0,0.3333333333333333,1.0,High,2
29,Male,Other,Canada,1.0,0.32,0.6000000000000001,0.3818181818181818,0.5,0.6666666666666666,0.0,Low,0
19,Prefer not to say,Engineering,Australia,0.6999999999999998,0.3400000000000001,0.4,0.0545454545454545,0.5,0.0,0.6666666666666666,Low,1
31,Female,Sales,India,0.15,0.24,0.1,0.6909090909090909,1.0,0.6666666666666666,0.6666666666666666,High,2
23,Non-binary,Education,UK,0.6666666666666666,0.32,0.6000000000000001,0.1454545454545454,0.5,0.0,0.3333333333333333,Low,0
59,Female,Finance,Australia,0.7666666666666665,0.4,0.1,0.3636363636363636,0.5,0.6666666666666666,1.0,High,1
41,Male,Engineering,India,0.7666666666666665,0.82,0.4,0.0181818181818181,0.5,1.0,0.3333333333333333,Medium,0
59,Male,Sales,Australia,0.3666666666666666,0.94,0.0,0.2909090909090909,1.0,0.6666666666666666,1.0,High,2
26,Female,Sales,Australia,0.8166666666666668,0.82,0.8,0.3636363636363636,0.0,0.3333333333333333,0.0,Low,0
59,Female,IT,USA,0.1666666666666666,0.4,0.4,0.9818181818181818,1.0,0.3333333333333333,0.0,High,2
19,Female,Engineering,UK,0.4666666666666667,0.36,0.2,0.7636363636363637,1.0,0.6666666666666666,0.6666666666666666,High,2
58,Prefer not to say,IT,Other,0.7166666666666667,0.7800000000000001,0.8,0.5818181818181818,0.5,1.0,0.3333333333333333,Medium,0
45,Female,Engineering,Germany,0.5833333333333334,0.7000000000000001,0.8,0.2363636363636363,0.5,1.0,0.3333333333333333,Medium,0
31,Male,Healthcare,Germany,0.9166666666666666,0.4,0.8,0.9636363636363636,0.5,0.3333333333333333,0.6666666666666666,Medium,1
60,Male,Education,USA,0.9,0.94,0.2,0.9636363636363636,1.0,1.0,1.0,High,2
60,Non-binary,Finance,Canada,0.6666666666666666,0.16,1.0,0.1818181818181818,1.0,0.0,1.0,Low,2
24,Female,Education,Australia,0.0333333333333333,0.0,0.3,0.9454545454545454,0.5,1.0,1.0,High,1
23,Male,Finance,Germany,0.15,1.0,0.3,0.7090909090909091,0.5,0.3333333333333333,0.0,High,0
20,Non-binary,Other,USA,0.25,0.84,0.9,0.9454545454545454,1.0,0.3333333333333333,0.0,High,2
19,Female,Other,UK,0.4333333333333332,0.5599999999999999,0.8,0.0,1.0,0.6666666666666666,0.3333333333333333,Medium,2
34,Female,Healthcare,Germany,0.1166666666666667,0.94,0.4,0.1636363636363636,0.0,0.0,1.0,Medium,1
59,Female,Finance,UK,0.6333333333333332,0.86,0.2,0.5818181818181818,0.0,1.0,0.6666666666666666,High,1
22,Non-binary,IT,Germany,0.6,0.7600000000000001,1.0,0.1818181818181818,1.0,0.0,0.0,Low,2
32,Prefer not to say,Engineering,USA,0.35,0.32,0.2,0.8181818181818182,1.0,0.3333333333333333,1.0,High,2
51,Female,Engineering,Other,0.9833333333333332,0.4800000000000001,0.8,0.2909090909090909,0.0,0.3333333333333333,0.6666666666666666,Low,1
51,Male,Finance,USA,0.9166666666666666,0.1,0.0,0.2545454545454545,0.5,0.6666666666666666,1.0,Medium,1
49,Prefer not to say,Engineering,India,0.4666666666666667,0.9,0.1,0.6909090909090909,0.5,0.3333333333333333,0.3333333333333333,High,0
48,Non-binary,Sales,Australia,0.4666666666666667,0.64,0.0,0.7090909090909091,0.5,0.3333333333333333,0.6666666666666666,High,1
42,Male,Healthcare,Germany,0.9333333333333332,0.92,0.5,0.2545454545454545,0.5,0.3333333333333333,0.6666666666666666,Medium,1
55,Non-binary,IT,Canada,0.9333333333333332,0.94,0.6000000000000001,0.7818181818181817,1.0,1.0,1.0,High,2
19,Male,Sales,Other,0.4666666666666667,0.32,0.7000000000000001,0.8,0.0,0.0,1.0,Low,1
45,Non-binary,Education,Canada,0.9833333333333332,0.64,0.5,0.7090909090909091,0.0,0.6666666666666666,0.3333333333333333,Medium,0
52,Prefer not to say,Sales,UK,0.9,0.08,0.0,0.6545454545454544,1.0,1.0,1.0,High,2
58,Non-binary,Education,Australia,0.4166666666666666,0.5400000000000001,0.5,0.4909090909090909,0.5,1.0,0.6666666666666666,High,1
27,Non-binary,Finance,USA,0.1833333333333332,0.9,0.0,0.3454545454545454,1.0,0.3333333333333333,0.6666666666666666,High,2
62,Non-binary,IT,Canada,0.9166666666666666,0.66,0.4,0.0181818181818181,1.0,0.6666666666666666,0.0,Medium,2
33,Non-binary,Education,Germany,0.0499999999999999,0.88,0.3,0.0181818181818181,0.5,0.6666666666666666,1.0,High,1
56,Female,Other,India,0.2999999999999999,0.7200000000000001,0.2,0.6,1.0,0.0,1.0,High,2
41,Female,Engineering,Canada,0.8666666666666666,0.6,0.2,0.2909090909090909,1.0,1.0,1.0,High,2
55,Prefer not to say,Healthcare,Other,0.1166666666666667,0.18,0.2,0.3636363636363636,1.0,0.6666666666666666,0.6666666666666666,High,2
65,Female,Other,Germany,0.4833333333333333,0.7400000000000001,0.0,0.8545454545454546,0.5,0.0,1.0,High,1
33,Non-binary,Finance,USA,0.2,0.7800000000000001,0.8,0.3818181818181818,0.5,1.0,1.0,High,1
51,Female,IT,India,0.0666666666666667,0.4600000000000001,0.1,0.4909090909090909,0.0,1.0,0.6666666666666666,High,1
41,Male,Finance,India,1.0,0.08,0.1,0.8545454545454546,0.0,0.3333333333333333,0.0,Low,0
49,Prefer not to say,Finance,UK,0.0666666666666667,0.66,0.0,0.7090909090909091,1.0,0.0,0.0,High,2
22,Non-binary,Finance,Australia,0.2166666666666666,0.96,0.0,0.1818181818181818,0.5,1.0,0.3333333333333333,High,0
37,Prefer not to say,Other,Australia,0.2666666666666666,0.0,0.6000000000000001,0.5454545454545454,0.5,1.0,1.0,High,1
30,Non-binary,Education,Other,0.35,0.04,0.7000000000000001,0.890909090909091,0.0,0.6666666666666666,1.0,Medium,1
36,Prefer not to say,Sales,India,0.7499999999999999,0.3400000000000001,0.3,0.8363636363636363,1.0,0.0,0.6666666666666666,High,2
59,Non-binary,IT,Australia,0.9,0.94,0.0,0.7090909090909091,0.5,0.6666666666666666,0.6666666666666666,High,1
39,Prefer not to say,Finance,Other,0.8166666666666668,0.94,0.1,0.1272727272727272,0.5,0.6666666666666666,0.6666666666666666,High,1
57,Female,Education,Other,0.9166666666666666,0.0,0.4,0.8363636363636363,0.5,0.6666666666666666,0.3333333333333333,Medium,0
53,Non-binary,Other,Other,0.1333333333333333,0.1,0.0,0.8181818181818182,1.0,1.0,0.3333333333333333,High,2
31,Non-binary,Engineering,UK,0.0833333333333333,0.24,0.4,0.0,0.5,0.3333333333333333,0.6666666666666666,Medium,1
46,Non-binary,Finance,UK,0.2833333333333333,0.58,0.2,0.4,0.0,0.3333333333333333,1.0,High,1
38,Female,Healthcare,Germany,0.2833333333333333,0.18,1.0,0.3090909090909091,0.0,0.3333333333333333,0.6666666666666666,Low,1
60,Male,Healthcare,USA,0.0,0.06,0.8,0.5636363636363636,0.0,0.6666666666666666,0.0,Low,0
47,Male,Finance,Germany,0.9333333333333332,0.08,1.0,0.9272727272727272,0.0,0.6666666666666666,0.3333333333333333,Low,0
55,Male,Sales,India,0.1166666666666667,0.06,0.4,0.4727272727272728,0.0,0.6666666666666666,0.3333333333333333,Medium,0
50,Prefer not to say,Engineering,USA,0.8166666666666668,0.68,0.4,0.6909090909090909,1.0,0.0,0.0,Medium,2
43,Non-binary,Healthcare,Canada,0.85,0.3,0.8,0.3636363636363636,1.0,0.6666666666666666,0.6666666666666666,Medium,2
51,Non-binary,Healthcare,India,0.9166666666666666,0.8000000000000002,0.6000000000000001,0.7818181818181817,0.5,0.3333333333333333,0.6666666666666666,High,1
59,Male,Education,India,0.3333333333333333,0.38,0.6000000000000001,0.9090909090909092,0.0,0.6666666666666666,0.6666666666666666,High,1
26,Prefer not to say,Finance,Other,0.8333333333333334,0.1,0.2,0.8,0.0,0.0,0.3333333333333333,Low,0
60,Male,Finance,Other,0.2999999999999999,0.7600000000000001,0.9,0.3090909090909091,0.5,0.6666666666666666,0.0,Medium,0
46,Non-binary,Finance,Canada,0.9666666666666668,0.2,0.5,0.6,0.0,0.3333333333333333,0.0,Low,0
42,Prefer not to say,Engineering,India,0.0499999999999999,0.0,0.4,0.8545454545454546,0.0,1.0,0.0,Medium,0
20,Female,Other,Australia,0.5499999999999999,0.08,0.9,0.3090909090909091,0.5,0.3333333333333333,0.3333333333333333,Low,0
60,Non-binary,Healthcare,Canada,0.2999999999999999,0.84,0.0,0.2727272727272727,1.0,0.3333333333333333,0.3333333333333333,High,2
64,Male,IT,India,0.4333333333333332,0.38,0.5,0.2727272727272727,0.0,0.0,0.0,Low,0
20,Male,Other,UK,0.4833333333333333,0.4,0.1,0.8727272727272727,1.0,0.3333333333333333,0.6666666666666666,High,2
19,Male,Other,Other,0.2333333333333334,0.7200000000000001,0.0,0.0909090909090909,1.0,1.0,0.0,High,2
60,Male,Healthcare,India,0.1833333333333332,0.02,1.0,0.4181818181818181,0.0,0.6666666666666666,0.0,Low,0
23,Female,Engineering,Canada,0.9,0.62,0.4,0.6727272727272727,0.5,1.0,0.0,Medium,0
46,Prefer not to say,IT,Germany,0.3666666666666666,0.28,0.5,0.8,1.0,0.3333333333333333,0.6666666666666666,High,2
27,Non-binary,Other,USA,0.8000000000000002,0.98,0.6000000000000001,0.3454545454545454,0.0,0.0,0.0,Low,0
54,Female,Finance,India,0.6,0.24,0.4,0.7454545454545454,0.5,0.6666666666666666,1.0,High,1
29,Female,Education,Germany,0.2833333333333333,0.02,0.9,0.1454545454545454,0.0,1.0,0.0,Low,0
55,Prefer not to say,Other,India,0.9,0.62,0.5,0.2545454545454545,0.0,0.0,0.0,Low,0
28,Female,Finance,India,0.0833333333333333,0.36,0.4,0.2909090909090909,1.0,0.3333333333333333,1.0,High,2
19,Female,Finance,Other,0.5666666666666668,0.28,0.5,0.1272727272727272,1.0,0.6666666666666666,0.3333333333333333,Medium,2
28,Female,Sales,Other,0.1666666666666666,0.3400000000000001,1.0,0.6181818181818182,1.0,0.6666666666666666,0.6666666666666666,High,2
59,Female,Healthcare,USA,0.4166666666666666,0.42,0.5,0.5636363636363636,0.5,1.0,0.0,Medium,0
25,Female,Healthcare,Other,0.7333333333333333,0.58,0.7000000000000001,0.8181818181818182,0.0,0.3333333333333333,0.3333333333333333,Low,0
52,Male,IT,USA,0.4999999999999999,0.1,0.1,0.5454545454545454,0.0,0.3333333333333333,0.0,Low,0
60,Male,Finance,Germany,0.35,0.5000000000000001,0.4,0.4363636363636363,0.5,0.0,0.0,Low,0
50,Non-binary,Sales,USA,0.7499999999999999,0.96,0.4,0.8545454545454546,0.0,1.0,1.0,High,1
36,Prefer not to say,IT,Canada,0.9499999999999998,0.16,0.5,0.3454545454545454,0.5,0.0,0.3333333333333333,Low,0
56,Male,Finance,Germany,0.2166666666666666,0.86,0.8,0.5636363636363636,0.0,0.0,1.0,Medium,1
60,Male,Engineering,Other,0.4166666666666666,0.98,0.6000000000000001,0.9272727272727272,0.5,0.6666666666666666,0.3333333333333333,High,0
42,Male,Other,UK,0.65,0.06,0.4,0.9636363636363636,0.5,0.6666666666666666,0.0,Medium,0
37,Male,Engineering,Other,0.9666666666666668,0.4,0.9,0.8545454545454546,1.0,0.3333333333333333,0.3333333333333333,Medium,2
64,Prefer not to say,Sales,India,0.7166666666666667,0.68,0.0,0.9272727272727272,0.0,0.6666666666666666,0.6666666666666666,High,1
59,Male,IT,Germany,0.7166666666666667,0.9,0.2,0.4,0.5,0.6666666666666666,0.3333333333333333,High,0
49,Prefer not to say,Education,Germany,0.0166666666666666,0.82,0.9,0.6727272727272727,0.0,0.0,0.3333333333333333,Medium,0
40,Male,Other,India,0.5333333333333333,0.3400000000000001,0.3,0.1818181818181818,1.0,0.6666666666666666,0.3333333333333333,High,2
38,Prefer not to say,Other,Other,0.7666666666666665,0.4,0.1,0.2545454545454545,0.0,1.0,0.6666666666666666,Medium,1
41,Male,Healthcare,Other,0.4999999999999999,0.5000000000000001,0.4,0.2181818181818181,0.0,0.0,0.6666666666666666,Low,1
60,Female,Education,India,0.15,0.66,0.2,0.4363636363636363,0.0,0.6666666666666666,0.6666666666666666,High,1
61,Male,Engineering,Other,0.7166666666666667,0.28,0.3,0.5272727272727272,0.0,0.0,0.0,Low,0
19,Male,Sales,Germany,0.1333333333333333,0.44,0.9,0.7454545454545454,0.5,0.6666666666666666,1.0,High,1
31,Non-binary,Other,UK,0.4666666666666667,0.3,1.0,0.0,0.0,0.3333333333333333,1.0,Low,1
48,Non-binary,Healthcare,UK,0.2833333333333333,0.64,0.3,0.509090909090909,1.0,0.3333333333333333,0.0,High,2
57,Non-binary,IT,Canada,0.6166666666666666,0.24,0.9,0.4181818181818181,0.5,1.0,0.6666666666666666,Medium,1
60,Non-binary,Sales,Canada,0.4833333333333333,0.7600000000000001,0.6000000000000001,0.2727272727272727,0.5,0.0,0.6666666666666666,Medium,1
21,Female,Sales,UK,0.6333333333333332,0.8000000000000002,0.0,0.9636363636363636,0.0,1.0,0.3333333333333333,High,0
34,Non-binary,Sales,USA,0.9333333333333332,0.9,0.6000000000000001,0.7818181818181817,1.0,0.6666666666666666,1.0,High,2
23,Non-binary,Healthcare,Germany,0.3333333333333333,0.92,0.3,0.0727272727272727,0.0,0.0,1.0,Medium,1
43,Prefer not to say,Engineering,India,0.9333333333333332,0.28,0.0,0.0545454545454545,0.5,0.0,0.3333333333333333,Low,0
48,Prefer not to say,Healthcare,Other,0.0999999999999999,0.38,1.0,0.1272727272727272,1.0,0.6666666666666666,0.0,Medium,2
40,Prefer not to say,Finance,Australia,0.1333333333333333,0.04,0.7000000000000001,0.6181818181818182,0.0,0.6666666666666666,1.0,Medium,1
37,Prefer not to say,Healthcare,USA,0.0666666666666667,0.24,0.8,0.509090909090909,1.0,1.0,0.6666666666666666,High,2
46,Prefer not to say,IT,India,0.9833333333333332,0.5599999999999999,0.4,0.8727272727272727,0.5,0.6666666666666666,1.0,High,1
64,Prefer not to say,Engineering,Canada,0.3833333333333332,0.64,0.6000000000000001,0.5818181818181818,1.0,1.0,0.6666666666666666,High,2
47,Female,Finance,Germany,0.1833333333333332,0.92,0.9,0.9636363636363636,1.0,0.6666666666666666,1.0,High,2
52,Male,Finance,Canada,0.85,0.3,0.9,0.5272727272727272,0.0,0.3333333333333333,1.0,Low,1
44,Non-binary,IT,Germany,0.2666666666666666,0.02,0.1,0.6727272727272727,1.0,0.6666666666666666,0.0,High,2
25,Male,Other,USA,0.4166666666666666,0.24,0.2,0.7636363636363637,0.5,1.0,0.6666666666666666,High,1
27,Female,Engineering,Other,0.3166666666666667,0.88,1.0,0.5636363636363636,0.0,1.0,1.0,High,1
51,Non-binary,Education,Germany,0.5833333333333334,0.32,0.3,0.2,0.5,0.3333333333333333,0.6666666666666666,Medium,1
40,Male,Sales,USA,0.45,0.68,0.7000000000000001,0.9090909090909092,0.5,0.6666666666666666,0.6666666666666666,High,1
31,Prefer not to say,Sales,Australia,0.2333333333333334,0.4600000000000001,0.6000000000000001,0.7090909090909091,0.5,0.0,0.6666666666666666,High,1
31,Prefer not to say,Other,USA,0.3333333333333333,1.0,0.3,0.6363636363636364,0.5,0.0,0.6666666666666666,High,1
19,Female,Sales,Germany,0.7833333333333331,0.32,0.8,0.1454545454545454,1.0,0.3333333333333333,0.6666666666666666,Low,2
18,Prefer not to say,Engineering,Australia,0.4999999999999999,0.5599999999999999,0.4,0.8545454545454546,1.0,0.0,0.6666666666666666,High,2
61,Male,Sales,USA,0.2166666666666666,0.84,0.5,0.9818181818181818,0.5,0.3333333333333333,0.0,High,0
65,Non-binary,Other,Canada,0.85,0.32,0.6000000000000001,0.2727272727272727,1.0,1.0,1.0,Medium,2
34,Male,Other,Germany,0.8666666666666666,0.7400000000000001,0.6000000000000001,0.4181818181818181,0.0,0.3333333333333333,0.6666666666666666,Medium,1
51,Male,Healthcare,Other,0.7499999999999999,0.7800000000000001,0.9,0.7090909090909091,1.0,1.0,1.0,High,2
25,Non-binary,IT,Australia,0.8833333333333334,0.62,0.5,0.0909090909090909,0.0,0.0,0.6666666666666666,Low,1
41,Non-binary,Other,India,0.4,0.28,0.1,0.4727272727272728,1.0,1.0,1.0,High,2
39,Non-binary,Education,USA,0.9166666666666666,0.62,0.7000000000000001,0.2727272727272727,0.5,0.6666666666666666,0.0,Low,0
44,Non-binary,Engineering,Australia,0.0166666666666666,0.7200000000000001,0.7000000000000001,0.6545454545454544,0.5,0.6666666666666666,0.3333333333333333,High,0
51,Female,Engineering,Australia,0.4166666666666666,0.4600000000000001,0.7000000000000001,0.8727272727272727,0.5,0.0,0.6666666666666666,Medium,1
28,Male,Engineering,Germany,0.9833333333333332,0.68,0.3,0.7090909090909091,0.5,0.3333333333333333,1.0,High,1
29,Prefer not to say,IT,Other,0.2,0.7200000000000001,0.6000000000000001,0.6545454545454544,0.0,0.6666666666666666,1.0,High,1
55,Non-binary,Engineering,Canada,0.2999999999999999,0.04,0.0,0.8363636363636363,0.5,0.0,1.0,High,1
47,Prefer not to say,Engineering,Australia,0.4166666666666666,0.06,0.2,0.9272727272727272,1.0,0.6666666666666666,1.0,High,2
61,Male,Healthcare,Other,0.4999999999999999,0.7600000000000001,1.0,0.4181818181818181,0.0,0.3333333333333333,1.0,Medium,1
36,Non-binary,Engineering,USA,0.4666666666666667,0.14,0.9,0.4,0.0,0.0,0.0,Low,0
59,Female,Healthcare,Australia,0.15,0.8000000000000002,0.8,0.7090909090909091,0.5,1.0,0.0,High,0
49,Female,Engineering,Germany,0.9666666666666668,0.7600000000000001,0.1,0.5454545454545454,0.5,0.3333333333333333,0.0,Medium,0
39,Prefer not to say,IT,Other,0.1666666666666666,0.86,0.1,0.5454545454545454,0.0,1.0,0.0,High,0
49,Female,Engineering,USA,0.8666666666666666,0.1,0.0,0.0909090909090909,1.0,0.3333333333333333,0.0,Low,2
59,Male,Other,India,0.85,0.42,0.7000000000000001,0.2363636363636363,0.0,0.3333333333333333,1.0,Low,1
62,Prefer not to say,Other,Canada,0.3666666666666666,0.64,0.6000000000000001,0.2727272727272727,1.0,0.6666666666666666,1.0,High,2
47,Prefer not to say,Other,Australia,0.0499999999999999,0.26,0.2,0.3090909090909091,0.5,1.0,0.0,Medium,0
59,Male,Engineering,India,0.6166666666666666,0.6,1.0,0.3454545454545454,0.0,0.6666666666666666,1.0,Medium,1
46,Female,Engineering,India,0.1666666666666666,0.18,0.9,0.0181818181818181,1.0,0.3333333333333333,1.0,Medium,2
44,Female,Healthcare,Australia,0.5666666666666668,0.1,0.0,1.0,0.0,0.6666666666666666,1.0,High,1
41,Male,Sales,Germany,0.2333333333333334,0.9,0.4,0.7090909090909091,0.0,0.6666666666666666,1.0,High,1
47,Female,Education,Canada,0.3833333333333332,0.44,0.1,0.6545454545454544,0.0,0.0,1.0,Medium,1
20,Prefer not to say,Finance,Australia,0.9499999999999998,0.28,0.0,0.0909090909090909,0.5,0.0,1.0,Low,1
55,Male,Other,Australia,0.6166666666666666,0.7600000000000001,0.1,0.9636363636363636,0.0,0.0,0.0,Medium,0
60,Female,Engineering,USA,0.3333333333333333,0.7400000000000001,0.0,0.9454545454545454,1.0,0.6666666666666666,0.0,High,2
62,Female,IT,Australia,0.0999999999999999,0.7400000000000001,0.0,0.7818181818181817,0.0,1.0,0.6666666666666666,High,1
34,Non-binary,Healthcare,Germany,0.2166666666666666,0.24,1.0,0.4181818181818181,1.0,1.0,1.0,High,2
48,Non-binary,IT,Other,0.2666666666666666,0.92,0.5,0.5454545454545454,0.5,0.6666666666666666,0.0,High,0
60,Prefer not to say,Other,Australia,0.8000000000000002,0.02,0.0,0.4,1.0,1.0,0.0,Medium,2
28,Male,Sales,India,0.9333333333333332,0.08,0.7000000000000001,0.2,0.0,1.0,0.0,Low,0
39,Prefer not to say,Healthcare,USA,0.1333333333333333,0.64,0.5,0.7090909090909091,1.0,0.6666666666666666,0.0,High,2
49,Non-binary,Other,Canada,0.7333333333333333,0.94,1.0,0.2727272727272727,0.5,0.0,0.3333333333333333,Low,0
61,Non-binary,Sales,Australia,0.3166666666666667,0.96,0.2,0.4545454545454545,0.0,0.3333333333333333,1.0,High,1
25,Non-binary,Finance,Australia,0.0333333333333333,0.5599999999999999,0.7000000000000001,0.9090909090909092,1.0,0.3333333333333333,0.3333333333333333,High,2
52,Male,Education,Australia,0.6666666666666666,0.26,0.3,0.5454545454545454,1.0,0.6666666666666666,0.6666666666666666,High,2
23,Non-binary,IT,Canada,0.3833333333333332,0.36,0.9,0.0909090909090909,0.0,0.0,1.0,Low,1
25,Female,Healthcare,USA,0.6999999999999998,0.28,0.6000000000000001,0.2727272727272727,1.0,0.0,0.3333333333333333,Low,2
26,Non-binary,Healthcare,Other,0.4999999999999999,0.7600000000000001,0.3,0.7454545454545454,0.0,0.0,0.0,Medium,0
20,Female,Healthcare,Other,0.2333333333333334,0.0,0.1,0.7090909090909091,0.5,0.3333333333333333,0.3333333333333333,High,0
20,Female,IT,Canada,0.5333333333333333,0.3,0.4,0.7818181818181817,0.5,0.6666666666666666,0.6666666666666666,High,1
61,Non-binary,IT,Canada,0.3333333333333333,0.4,0.5,0.8363636363636363,0.5,1.0,1.0,High,1
49,Prefer not to say,Engineering,Australia,0.85,0.26,0.9,0.3636363636363636,0.0,0.0,0.3333333333333333,Low,0
19,Female,Healthcare,Australia,0.2333333333333334,0.36,0.0,0.6727272727272727,1.0,1.0,0.3333333333333333,High,2
27,Prefer not to say,Education,UK,0.8166666666666668,0.7000000000000001,0.8,0.2363636363636363,1.0,1.0,0.3333333333333333,Medium,2
36,Prefer not to say,IT,Canada,0.7666666666666665,0.16,0.8,0.2727272727272727,0.5,1.0,0.3333333333333333,Low,0
48,Female,Healthcare,USA,0.9833333333333332,0.44,0.9,0.8727272727272727,0.0,0.0,0.6666666666666666,Low,1
23,Prefer not to say,Sales,Australia,0.1666666666666666,0.58,0.6000000000000001,0.8363636363636363,0.5,1.0,1.0,High,1
36,Male,IT,USA,0.9,0.24,0.7000000000000001,0.1818181818181818,0.0,0.0,1.0,Low,1
28,Non-binary,Other,USA,0.5166666666666665,0.9,0.3,0.4181818181818181,1.0,0.6666666666666666,0.0,High,2
19,Non-binary,Other,India,0.2,0.62,0.3,0.6,1.0,0.6666666666666666,0.0,High,2
57,Female,Engineering,Canada,0.6333333333333332,0.38,1.0,0.0727272727272727,0.0,0.3333333333333333,1.0,Low,1
39,Male,Education,Germany,0.8666666666666666,0.7000000000000001,0.3,0.7090909090909091,1.0,0.0,1.0,High,2
58,Male,Sales,Other,0.4166666666666666,1.0,1.0,0.7636363636363637,0.0,1.0,0.6666666666666666,High,1
38,Female,Engineering,UK,0.4166666666666666,0.66,0.7000000000000001,0.7272727272727273,0.5,0.6666666666666666,0.6666666666666666,High,1
48,Non-binary,Healthcare,USA,0.2333333333333334,0.5400000000000001,0.6000000000000001,0.9090909090909092,1.0,0.3333333333333333,0.6666666666666666,High,2
41,Prefer not to say,Other,Australia,0.6,0.98,0.9,0.9090909090909092,1.0,0.3333333333333333,1.0,High,2
19,Prefer not to say,IT,Germany,0.9833333333333332,0.24,0.8,0.4363636363636363,0.5,0.3333333333333333,1.0,Low,1
64,Female,Healthcare,USA,0.6,0.3,0.0,0.6545454545454544,0.0,1.0,0.3333333333333333,Medium,0
33,Female,Other,Other,0.0833333333333333,0.26,0.6000000000000001,0.7272727272727273,0.0,0.6666666666666666,1.0,High,1
58,Prefer not to say,Engineering,India,0.1833333333333332,0.88,0.6000000000000001,0.8181818181818182,0.0,0.3333333333333333,0.6666666666666666,High,1
56,Female,Other,Canada,0.0333333333333333,0.14,0.2,0.9636363636363636,0.5,0.6666666666666666,0.3333333333333333,High,0
65,Non-binary,Sales,India,0.1333333333333333,0.6,0.7000000000000001,0.4363636363636363,0.5,0.6666666666666666,1.0,High,1
24,Female,Healthcare,Australia,0.7499999999999999,0.06,0.3,0.8727272727272727,1.0,0.3333333333333333,0.6666666666666666,High,2
26,Male,Education,USA,0.35,0.04,0.2,0.2727272727272727,0.0,0.3333333333333333,0.0,Low,0
39,Female,Healthcare,Canada,0.0,0.5400000000000001,1.0,0.6545454545454544,0.5,1.0,1.0,High,1
56,Prefer not to say,Healthcare,UK,0.0499999999999999,0.88,0.6000000000000001,0.4727272727272728,1.0,1.0,0.6666666666666666,High,2
55,Male,Sales,Australia,0.9166666666666666,0.02,0.0,0.2363636363636363,0.0,0.0,0.3333333333333333,Low,0
60,Female,Education,Other,0.6999999999999998,0.2,0.9,0.5818181818181818,0.0,0.3333333333333333,0.0,Low,0
54,Male,Healthcare,India,0.1166666666666667,0.9,0.5,0.5272727272727272,1.0,0.6666666666666666,0.3333333333333333,High,2
39,Female,IT,UK,0.2333333333333334,0.06,0.6000000000000001,0.7818181818181817,1.0,0.3333333333333333,1.0,High,2
53,Non-binary,IT,USA,0.7666666666666665,0.18,0.2,0.7454545454545454,1.0,0.6666666666666666,1.0,High,2
57,Non-binary,Other,Other,0.5833333333333334,0.12,0.1,0.2181818181818181,0.5,0.3333333333333333,1.0,Medium,1
47,Female,IT,Canada,0.2,0.7000000000000001,1.0,0.9272727272727272,0.5,0.6666666666666666,0.3333333333333333,High,0
23,Prefer not to say,Engineering,Germany,0.6833333333333332,0.0,0.5,0.9818181818181818,0.5,0.6666666666666666,0.3333333333333333,Medium,0
55,Prefer not to say,Engineering,Australia,0.4833333333333333,0.3,0.2,0.6181818181818182,0.5,0.0,1.0,Medium,1
31,Prefer not to say,Education,USA,0.6,0.5400000000000001,0.2,0.8545454545454546,0.0,0.3333333333333333,0.6666666666666666,High,1
19,Non-binary,Other,Other,0.3333333333333333,0.68,0.3,0.3272727272727272,1.0,0.6666666666666666,0.0,High,2
65,Male,Education,USA,0.1333333333333333,0.42,0.0,0.8727272727272727,0.0,0.0,1.0,High,1
31,Male,Sales,India,0.5333333333333333,0.68,0.6000000000000001,0.4,0.0,0.6666666666666666,0.6666666666666666,High,1
27,Female,Engineering,India,0.2666666666666666,0.58,0.1,0.890909090909091,1.0,0.0,0.6666666666666666,High,2
41,Non-binary,Education,Germany,0.4666666666666667,0.14,0.5,0.8545454545454546,0.5,0.0,1.0,Medium,1
63,Prefer not to say,Other,UK,0.5333333333333333,0.26,0.2,0.9090909090909092,1.0,0.3333333333333333,1.0,High,2
65,Male,Sales,Germany,0.4333333333333332,0.04,1.0,0.509090909090909,0.0,0.0,1.0,Low,1
46,Female,Education,UK,0.1333333333333333,0.5200000000000001,0.4,0.0363636363636363,0.5,0.0,0.0,Low,0
50,Prefer not to say,Engineering,Germany,0.2999999999999999,0.7800000000000001,0.1,0.3090909090909091,0.0,0.3333333333333333,1.0,High,1
21,Prefer not to say,Sales,India,0.1833333333333332,0.0,0.3,0.6727272727272727,1.0,0.0,1.0,High,2
51,Non-binary,Finance,Germany,0.1333333333333333,0.7600000000000001,0.2,0.6181818181818182,1.0,0.3333333333333333,1.0,High,2
57,Prefer not to say,Sales,UK,0.7666666666666665,0.08,0.4,0.3090909090909091,0.5,0.6666666666666666,0.3333333333333333,Low,0
26,Prefer not to say,Healthcare,UK,0.6666666666666666,0.7200000000000001,0.1,0.6181818181818182,0.0,1.0,0.6666666666666666,High,1
21,Prefer not to say,Finance,UK,0.4833333333333333,0.14,0.7000000000000001,0.8181818181818182,1.0,0.6666666666666666,0.6666666666666666,High,2
35,Prefer not to say,Finance,Germany,0.6833333333333332,0.68,0.7000000000000001,0.3090909090909091,1.0,0.6666666666666666,0.3333333333333333,Medium,2
48,Prefer not to say,Finance,India,0.2666666666666666,0.88,0.7000000000000001,0.6,1.0,1.0,0.6666666666666666,High,2
65,Prefer not to say,Finance,Australia,0.1666666666666666,0.4800000000000001,0.5,0.1454545454545454,0.0,0.3333333333333333,1.0,Medium,1
55,Male,Education,Germany,0.1333333333333333,0.94,0.3,0.7090909090909091,0.5,0.0,1.0,High,1
31,Male,Other,Other,0.8333333333333334,0.96,0.3,0.3090909090909091,0.5,0.0,0.0,Low,0
40,Female,Sales,UK,0.4833333333333333,0.66,0.7000000000000001,0.3090909090909091,1.0,1.0,1.0,High,2
43,Non-binary,Healthcare,India,0.7333333333333333,0.14,0.4,0.3454545454545454,0.5,0.3333333333333333,0.3333333333333333,Low,0
62,Female,Engineering,Other,0.9,0.4800000000000001,0.7000000000000001,0.2909090909090909,0.0,0.3333333333333333,0.6666666666666666,Low,1
30,Female,Other,UK,0.4166666666666666,0.4,0.3,0.5454545454545454,0.0,0.0,0.0,Low,0
53,Male,Sales,Germany,0.0,0.4800000000000001,1.0,0.4909090909090909,0.5,1.0,0.0,Medium,0
64,Female,Education,Australia,0.4,0.06,0.9,0.4909090909090909,1.0,0.3333333333333333,1.0,Medium,2
59,Male,Finance,USA,0.3333333333333333,0.26,0.4,0.5454545454545454,1.0,1.0,0.0,Medium,2
40,Prefer not to say,Engineering,Australia,0.5166666666666665,0.98,0.2,0.3818181818181818,0.5,0.0,0.6666666666666666,High,1
42,Male,IT,Canada,0.2166666666666666,0.18,0.2,0.2363636363636363,0.0,0.3333333333333333,0.0,Low,0
63,Prefer not to say,Finance,Canada,0.1833333333333332,0.5200000000000001,0.0,0.6,1.0,1.0,1.0,High,2
18,Female,Education,Australia,0.6166666666666666,0.16,0.6000000000000001,0.4545454545454545,0.0,0.6666666666666666,0.0,Low,0
24,Female,Education,Canada,0.5333333333333333,0.3400000000000001,0.4,0.3454545454545454,0.5,0.6666666666666666,1.0,High,1
58,Male,Healthcare,Germany,0.2999999999999999,0.58,0.6000000000000001,0.4909090909090909,1.0,1.0,0.0,High,2
19,Prefer not to say,Finance,India,0.0666666666666667,0.0,0.9,0.509090909090909,1.0,0.0,1.0,Medium,2
32,Female,Other,Germany,0.7333333333333333,0.7000000000000001,0.9,0.0363636363636363,0.5,0.0,0.0,Low,0
55,Non-binary,Education,Other,0.8833333333333334,0.98,0.7000000000000001,0.2363636363636363,1.0,0.6666666666666666,0.3333333333333333,Medium,2
49,Male,IT,India,0.3333333333333333,0.98,0.0,0.1090909090909091,0.5,0.6666666666666666,0.6666666666666666,High,1
34,Non-binary,Sales,Germany,0.2999999999999999,0.8000000000000002,0.0,0.0363636363636363,0.5,0.0,1.0,High,1
52,Non-binary,Sales,UK,0.9666666666666668,0.4600000000000001,0.3,0.2909090909090909,0.0,0.0,0.6666666666666666,Low,1
34,Non-binary,Healthcare,Canada,0.6999999999999998,0.86,0.1,0.4363636363636363,0.5,0.6666666666666666,0.6666666666666666,High,1
51,Male,Other,Germany,0.2,0.12,1.0,0.4727272727272728,0.0,0.6666666666666666,0.6666666666666666,Medium,1
33,Non-binary,Sales,USA,0.5833333333333334,0.7400000000000001,0.4,0.3090909090909091,0.0,0.6666666666666666,0.3333333333333333,Medium,0
21,Prefer not to say,Education,Canada,0.65,0.66,0.0,0.3818181818181818,1.0,0.6666666666666666,1.0,High,2
29,Male,Engineering,Other,0.9,0.5599999999999999,0.6000000000000001,0.8181818181818182,0.5,0.6666666666666666,0.6666666666666666,High,1
61,Male,IT,USA,0.6666666666666666,0.3400000000000001,0.6000000000000001,0.2,0.5,0.0,0.0,Low,0
60,Prefer not to say,Other,USA,0.0166666666666666,0.5000000000000001,0.1,0.8181818181818182,1.0,0.3333333333333333,1.0,High,2
31,Female,Other,India,0.5833333333333334,0.14,0.6000000000000001,0.5454545454545454,0.5,0.3333333333333333,1.0,Medium,1
41,Male,Sales,India,0.7499999999999999,0.44,0.4,0.2,0.5,1.0,0.6666666666666666,Medium,1
23,Non-binary,Finance,USA,1.0,0.0,1.0,0.3454545454545454,0.5,0.6666666666666666,0.3333333333333333,Low,0
64,Non-binary,IT,USA,0.0666666666666667,0.7200000000000001,0.1,0.4909090909090909,0.0,0.0,1.0,High,1
56,Non-binary,Other,UK,0.0166666666666666,0.5599999999999999,0.9,0.1636363636363636,0.0,0.6666666666666666,0.0,Low,0
43,Prefer not to say,Other,Australia,0.6166666666666666,0.3,0.0,0.8545454545454546,1.0,1.0,0.6666666666666666,High,2
41,Male,Sales,Canada,0.0166666666666666,0.7800000000000001,0.7000000000000001,0.8,1.0,0.3333333333333333,0.0,High,2
23,Female,Finance,Australia,0.4166666666666666,0.66,0.6000000000000001,0.3636363636363636,0.0,0.0,0.0,Low,0
37,Non-binary,Engineering,Canada,0.9333333333333332,0.4,0.8,0.4545454545454545,1.0,0.3333333333333333,0.6666666666666666,Medium,2
21,Male,Engineering,Australia,0.15,1.0,0.6000000000000001,0.7818181818181817,1.0,0.3333333333333333,1.0,High,2
55,Non-binary,Finance,USA,0.7666666666666665,0.64,0.3,0.7636363636363637,0.5,0.3333333333333333,0.0,Medium,0
20,Non-binary,Education,USA,0.1833333333333332,0.2,0.0,0.1090909090909091,1.0,0.0,0.3333333333333333,Medium,2
57,Female,IT,Canada,0.8333333333333334,0.58,0.8,0.6181818181818182,0.5,0.6666666666666666,1.0,Medium,1
37,Female,Finance,Other,0.5166666666666665,0.64,0.5,0.8545454545454546,0.5,0.6666666666666666,0.3333333333333333,High,0
41,Prefer not to say,Other,UK,0.9666666666666668,0.22,0.3,0.2,0.0,0.0,1.0,Low,1
53,Male,Engineering,Canada,0.0999999999999999,0.94,0.5,0.4545454545454545,0.5,0.3333333333333333,0.6666666666666666,High,1
65,Female,Finance,Canada,0.1833333333333332,0.7800000000000001,0.4,0.7272727272727273,1.0,0.0,0.3333333333333333,High,2
36,Prefer not to say,Education,Germany,0.8833333333333334,0.58,0.4,0.6727272727272727,0.5,0.6666666666666666,0.6666666666666666,High,1
36,Non-binary,Education,Canada,0.9,0.68,0.1,0.6363636363636364,0.5,0.6666666666666666,0.3333333333333333,High,0
19,Prefer not to say,Sales,Canada,0.8166666666666668,0.24,0.8,0.9272727272727272,0.0,1.0,0.3333333333333333,Low,0
36,Prefer not to say,Education,India,0.5333333333333333,0.98,0.3,0.2363636363636363,1.0,0.6666666666666666,0.0,High,2
42,Non-binary,Education,Australia,0.0499999999999999,0.8000000000000002,0.0,0.9454545454545454,0.0,0.6666666666666666,0.0,High,0
23,Male,Sales,Australia,0.4333333333333332,0.18,0.9,0.2545454545454545,0.5,1.0,0.0,Low,0
21,Non-binary,Education,Other,0.45,0.58,0.5,0.9090909090909092,1.0,0.3333333333333333,0.6666666666666666,High,2
46,Female,Other,UK,0.15,0.84,0.3,0.7090909090909091,1.0,0.0,0.6666666666666666,High,2
63,Prefer not to say,Finance,India,0.2166666666666666,0.06,0.2,0.8363636363636363,1.0,0.0,1.0,High,2
54,Non-binary,Finance,Other,0.2666666666666666,0.5400000000000001,0.1,0.1090909090909091,1.0,0.6666666666666666,0.0,High,2
19,Male,Education,Germany,0.0999999999999999,0.9,1.0,0.1272727272727272,0.5,0.3333333333333333,0.3333333333333333,Medium,0
59,Prefer not to say,Finance,Australia,0.4166666666666666,0.5200000000000001,0.0,0.2363636363636363,0.5,1.0,1.0,High,1
22,Non-binary,IT,Germany,0.4999999999999999,1.0,0.0,0.0545454545454545,0.5,0.6666666666666666,1.0,High,1
35,Non-binary,IT,USA,0.2166666666666666,0.82,0.2,0.2181818181818181,0.5,0.3333333333333333,0.3333333333333333,High,0
40,Female,Engineering,USA,0.6999999999999998,0.86,0.0,0.8181818181818182,0.0,0.6666666666666666,0.3333333333333333,High,0
42,Non-binary,IT,India,0.5166666666666665,0.98,0.7000000000000001,0.0545454545454545,0.5,0.0,0.0,Low,0
41,Non-binary,IT,India,0.0666666666666667,0.3,0.7000000000000001,0.0,0.0,0.6666666666666666,0.3333333333333333,Low,0
61,Prefer not to say,Education,Australia,0.0166666666666666,0.08,0.9,0.8,1.0,0.0,0.3333333333333333,Medium,2
46,Prefer not to say,IT,Canada,0.3166666666666667,0.7000000000000001,0.2,0.8181818181818182,0.0,0.6666666666666666,1.0,High,1
59,Female,Other,Australia,0.1833333333333332,0.32,0.5,0.7454545454545454,0.5,1.0,1.0,High,1
43,Prefer not to say,Education,USA,0.5333333333333333,0.28,0.6000000000000001,0.2,0.0,0.3333333333333333,0.0,Low,0
55,Male,IT,Canada,0.0833333333333333,0.2,0.7000000000000001,0.3454545454545454,1.0,0.0,0.6666666666666666,Medium,2
31,Non-binary,Other,Canada,0.7166666666666667,0.96,0.1,0.6909090909090909,0.5,0.3333333333333333,0.6666666666666666,High,1
50,Female,Other,Canada,0.9166666666666666,0.92,0.8,0.2363636363636363,0.5,0.0,1.0,Low,1
42,Non-binary,Sales,USA,0.85,0.98,0.5,0.1272727272727272,0.0,1.0,1.0,Medium,1
54,Prefer not to say,Education,India,0.6999999999999998,0.18,0.7000000000000001,0.7818181818181817,0.5,0.6666666666666666,0.0,Low,0
29,Prefer not to say,Other,Canada,0.2999999999999999,0.98,0.2,0.1090909090909091,1.0,0.6666666666666666,0.0,High,2
31,Male,Other,UK,0.0999999999999999,0.7400000000000001,0.7000000000000001,0.3272727272727272,1.0,1.0,0.3333333333333333,High,2
49,Non-binary,Finance,Australia,0.0999999999999999,0.44,0.7000000000000001,0.2909090909090909,0.5,0.3333333333333333,0.0,Low,0
60,Male,Finance,Australia,0.7333333333333333,0.6,0.6000000000000001,0.3636363636363636,0.0,1.0,0.6666666666666666,Medium,1
41,Prefer not to say,Other,India,0.7499999999999999,0.26,0.2,0.8181818181818182,0.5,0.0,0.6666666666666666,Medium,1
50,Male,Education,Other,0.2166666666666666,0.8000000000000002,0.1,0.9818181818181818,0.5,0.3333333333333333,1.0,High,1
64,Prefer not to say,Education,Germany,0.2833333333333333,0.32,0.5,0.6181818181818182,0.0,0.6666666666666666,0.3333333333333333,Medium,0
49,Non-binary,Sales,Australia,0.0833333333333333,0.42,0.4,1.0,0.0,1.0,0.6666666666666666,High,1
27,Prefer not to say,Engineering,Germany,0.6833333333333332,0.1,1.0,0.2545454545454545,1.0,0.3333333333333333,0.3333333333333333,Low,2
41,Non-binary,Engineering,Other,0.35,0.12,0.5,0.3090909090909091,1.0,0.6666666666666666,0.3333333333333333,Medium,2
34,Female,Other,USA,0.4166666666666666,0.92,0.2,0.3090909090909091,1.0,0.3333333333333333,1.0,High,2
52,Non-binary,Education,Other,0.9333333333333332,0.06,0.8,0.9636363636363636,0.5,0.0,0.0,Low,0
19,Male,Healthcare,UK,0.35,0.92,0.1,0.8,1.0,1.0,0.3333333333333333,High,2
39,Male,Other,India,0.4,0.66,1.0,0.7636363636363637,1.0,0.6666666666666666,0.6666666666666666,High,2
41,Female,Finance,USA,0.65,0.92,0.8,0.0727272727272727,1.0,0.0,1.0,Medium,2
46,Prefer not to say,Education,UK,0.0666666666666667,0.42,0.6000000000000001,0.0909090909090909,0.5,1.0,0.0,Medium,0
53,Prefer not to say,Engineering,UK,0.6166666666666666,0.06,0.0,0.7454545454545454,0.5,0.3333333333333333,0.6666666666666666,High,1
31,Prefer not to say,Finance,UK,0.8333333333333334,0.14,0.0,0.5636363636363636,0.5,0.3333333333333333,0.6666666666666666,Medium,1
31,Male,Healthcare,Canada,0.6666666666666666,0.1,0.2,0.8545454545454546,1.0,0.3333333333333333,0.0,Medium,2
34,Prefer not to say,Sales,India,0.9,0.04,0.9,0.1454545454545454,1.0,1.0,0.0,Low,2
33,Male,Other,Canada,0.5499999999999999,0.26,0.8,0.2363636363636363,0.5,0.3333333333333333,0.3333333333333333,Low,0
51,Non-binary,Engineering,USA,0.8000000000000002,0.98,0.8,0.6909090909090909,0.5,0.6666666666666666,1.0,High,1
52,Prefer not to say,Healthcare,Canada,0.45,0.38,0.3,0.8363636363636363,0.0,0.3333333333333333,0.6666666666666666,High,1
25,Non-binary,Other,Australia,0.65,0.18,1.0,0.3636363636363636,0.5,0.0,0.6666666666666666,Low,1
63,Non-binary,Other,Other,0.8833333333333334,0.8000000000000002,0.3,0.3272727272727272,0.0,0.3333333333333333,0.6666666666666666,Medium,1
25,Female,Education,India,0.9,0.62,0.9,0.1454545454545454,0.5,1.0,0.3333333333333333,Low,0
33,Non-binary,Sales,Australia,0.2833333333333333,0.4800000000000001,0.4,0.8363636363636363,1.0,0.3333333333333333,0.0,High,2
53,Male,Healthcare,Germany,0.2,0.62,1.0,0.9636363636363636,0.5,1.0,1.0,High,1
35,Male,Engineering,Other,0.2166666666666666,0.96,0.6000000000000001,0.9272727272727272,0.5,1.0,0.0,High,0
23,Prefer not to say,Finance,India,0.4333333333333332,0.38,0.2,0.1636363636363636,0.5,0.6666666666666666,0.0,Medium,0
51,Prefer not to say,Education,India,0.25,0.5000000000000001,0.0,0.4181818181818181,0.0,1.0,1.0,High,1
65,Prefer not to say,Sales,India,0.0499999999999999,0.92,0.1,0.3090909090909091,1.0,1.0,0.0,High,2
36,Male,Engineering,Canada,0.0499999999999999,0.6,0.0,0.2545454545454545,0.5,0.3333333333333333,0.6666666666666666,High,1
42,Female,Healthcare,Other,0.4666666666666667,0.2,1.0,0.0909090909090909,1.0,0.3333333333333333,0.3333333333333333,Low,2
52,Prefer not to say,Sales,Other,0.3666666666666666,0.14,0.5,0.9636363636363636,0.0,0.0,0.0,Low,0
53,Male,Sales,USA,0.2333333333333334,0.4600000000000001,0.2,0.8545454545454546,0.0,0.6666666666666666,0.3333333333333333,High,0
28,Male,Education,Canada,0.15,0.44,0.5,0.6727272727272727,0.0,0.3333333333333333,0.6666666666666666,High,1
63,Male,Other,Canada,0.15,1.0,0.4,0.3272727272727272,0.5,1.0,0.3333333333333333,High,0
41,Male,Other,USA,1.0,0.98,0.5,0.4,0.5,0.6666666666666666,0.0,Medium,0
20,Female,Engineering,Other,0.0999999999999999,0.12,0.2,0.9090909090909092,0.5,1.0,0.3333333333333333,High,0
43,Female,IT,Australia,0.6999999999999998,0.9,0.5,0.2727272727272727,0.0,0.0,0.0,Low,0
35,Prefer not to say,Healthcare,Canada,0.4,0.26,1.0,0.9636363636363636,0.5,0.3333333333333333,1.0,Medium,1
55,Female,Other,Other,0.5499999999999999,0.84,0.9,0.7818181818181817,1.0,1.0,0.3333333333333333,High,2
18,Non-binary,Sales,Australia,0.5333333333333333,0.68,0.5,0.9454545454545454,0.5,1.0,0.0,High,0
21,Male,Healthcare,Other,0.2833333333333333,0.5200000000000001,1.0,0.8363636363636363,0.0,0.6666666666666666,0.0,Medium,0
24,Male,Education,USA,0.3166666666666667,0.8000000000000002,0.7000000000000001,0.9272727272727272,0.5,0.3333333333333333,1.0,High,1
21,Non-binary,IT,Australia,0.5166666666666665,0.22,0.5,0.2363636363636363,1.0,0.0,0.3333333333333333,Low,2
22,Non-binary,Healthcare,Australia,0.2833333333333333,0.5000000000000001,0.0,0.509090909090909,0.5,1.0,1.0,High,1
43,Non-binary,Finance,India,0.6833333333333332,0.94,0.3,0.9454545454545454,0.0,0.6666666666666666,0.6666666666666666,High,1
60,Non-binary,Engineering,USA,0.4999999999999999,0.44,0.8,0.2,0.0,0.0,0.0,Low,0
51,Female,Other,UK,0.6,0.24,0.1,0.7454545454545454,0.5,0.3333333333333333,0.6666666666666666,High,1
50,Prefer not to say,Engineering,UK,0.8666666666666666,0.02,0.7000000000000001,0.3272727272727272,0.0,0.6666666666666666,0.3333333333333333,Low,0
39,Male,Healthcare,Canada,0.15,0.86,0.8,0.5636363636363636,0.0,0.0,0.6666666666666666,Medium,1
39,Prefer not to say,Sales,India,0.0833333333333333,0.82,0.9,0.3818181818181818,1.0,0.3333333333333333,0.3333333333333333,High,2
52,Female,Education,Australia,0.3166666666666667,0.9,0.8,0.8,1.0,0.0,0.6666666666666666,High,2
29,Prefer not to say,Education,Other,0.5833333333333334,0.82,0.1,0.0,1.0,1.0,0.0,High,2
55,Prefer not to say,Education,Germany,0.9833333333333332,0.4600000000000001,1.0,0.8363636363636363,1.0,0.3333333333333333,0.3333333333333333,Medium,2
56,Non-binary,Education,UK,0.9499999999999998,0.7200000000000001,0.5,0.3636363636363636,0.5,1.0,1.0,High,1
51,Male,Finance,Canada,0.5166666666666665,0.7200000000000001,0.0,0.7818181818181817,0.0,0.3333333333333333,0.3333333333333333,High,0
52,Non-binary,Finance,Germany,0.3666666666666666,0.06,1.0,0.2363636363636363,0.0,0.0,0.0,Low,0
37,Prefer not to say,Finance,Germany,0.2333333333333334,0.26,0.3,0.2727272727272727,0.5,0.0,0.0,Low,0
18,Male,Finance,Canada,0.0833333333333333,0.7000000000000001,0.5,0.9818181818181818,0.0,0.6666666666666666,0.3333333333333333,High,0
48,Prefer not to say,Sales,Canada,0.25,0.04,0.2,0.3636363636363636,0.0,1.0,0.0,Medium,0
59,Non-binary,Other,Other,0.0833333333333333,0.6,0.7000000000000001,0.7818181818181817,0.0,1.0,0.6666666666666666,High,1
59,Male,Healthcare,India,0.4999999999999999,0.38,0.8,0.2363636363636363,0.0,0.0,1.0,Low,1
19,Male,Other,Other,0.3333333333333333,0.5200000000000001,0.6000000000000001,0.6727272727272727,0.0,0.6666666666666666,1.0,High,1
24,Prefer not to say,Engineering,Canada,0.7166666666666667,0.7000000000000001,0.4,0.4909090909090909,1.0,0.6666666666666666,0.6666666666666666,High,2
40,Female,IT,India,0.8000000000000002,0.36,0.2,0.3454545454545454,0.5,0.6666666666666666,0.6666666666666666,High,1
19,Non-binary,Other,USA,0.5333333333333333,0.32,0.2,0.6727272727272727,1.0,0.0,0.6666666666666666,High,2
41,Female,Other,USA,0.3833333333333332,1.0,0.8,0.9272727272727272,0.5,0.6666666666666666,0.3333333333333333,High,0
32,Male,Other,Australia,0.8166666666666668,0.5000000000000001,0.1,0.2181818181818181,0.5,0.0,0.0,Low,0
38,Non-binary,Education,Other,0.8833333333333334,0.4,0.1,0.2,0.0,1.0,1.0,Medium,1
61,Prefer not to say,Finance,Australia,0.9666666666666668,0.42,0.1,0.8,1.0,1.0,0.0,High,2
42,Non-binary,Sales,India,0.6999999999999998,0.26,0.5,0.4545454545454545,0.0,0.0,0.3333333333333333,Low,0
47,Female,Other,Canada,0.2833333333333333,0.26,1.0,0.6909090909090909,1.0,0.3333333333333333,0.6666666666666666,High,2
26,Female,Sales,USA,0.5166666666666665,0.9,0.5,0.8181818181818182,0.5,1.0,0.3333333333333333,High,0
54,Male,Education,Other,0.5333333333333333,0.88,0.3,0.4,0.5,0.0,0.0,Medium,0
64,Female,Finance,Other,0.6666666666666666,0.14,0.0,0.9272727272727272,0.0,0.6666666666666666,0.3333333333333333,Medium,0
43,Female,IT,USA,0.0499999999999999,0.5599999999999999,0.2,0.9636363636363636,0.5,0.6666666666666666,0.0,High,0
31,Male,Sales,India,0.0999999999999999,0.4,0.7000000000000001,0.0909090909090909,0.0,0.3333333333333333,0.3333333333333333,Low,0
57,Male,Engineering,Other,0.0499999999999999,0.86,0.3,0.7818181818181817,0.0,0.3333333333333333,0.3333333333333333,High,0
46,Male,Healthcare,Other,0.8000000000000002,0.22,0.8,0.7090909090909091,0.5,0.6666666666666666,1.0,Medium,1
57,Non-binary,Healthcare,Canada,0.65,0.7600000000000001,1.0,0.2181818181818181,0.5,0.3333333333333333,0.6666666666666666,Medium,1
47,Female,IT,Other,0.5833333333333334,0.5400000000000001,0.0,0.4363636363636363,0.0,0.6666666666666666,0.6666666666666666,High,1
60,Prefer not to say,Engineering,India,0.4333333333333332,0.7000000000000001,0.4,0.5636363636363636,1.0,0.3333333333333333,0.6666666666666666,High,2
20,Female,IT,Other,0.7166666666666667,0.58,0.8,0.9818181818181818,0.5,1.0,0.3333333333333333,Medium,0
48,Prefer not to say,Finance,UK,0.6,0.06,0.3,0.1818181818181818,0.5,1.0,0.3333333333333333,Medium,0
23,Non-binary,Healthcare,USA,0.1833333333333332,0.7200000000000001,0.6000000000000001,0.0363636363636363,1.0,0.6666666666666666,0.0,High,2
38,Male,IT,USA,0.4166666666666666,0.4800000000000001,0.6000000000000001,0.509090909090909,1.0,0.3333333333333333,0.6666666666666666,High,2
58,Male,Education,Canada,0.8666666666666666,0.42,0.5,0.509090909090909,0.0,0.0,0.6666666666666666,Low,1
26,Prefer not to say,Sales,Australia,0.6166666666666666,0.1,0.2,0.3272727272727272,0.0,0.3333333333333333,0.0,Low,0
23,Prefer not to say,Sales,Australia,0.7166666666666667,0.36,0.5,0.5818181818181818,0.0,1.0,0.6666666666666666,Medium,1
40,Non-binary,Education,UK,0.45,0.08,1.0,0.4,0.0,0.0,0.3333333333333333,Low,0
51,Non-binary,Engineering,Other,0.7333333333333333,0.7000000000000001,0.7000000000000001,0.0363636363636363,0.0,0.0,0.0,Low,0
24,Male,Finance,Other,0.4833333333333333,0.36,0.6000000000000001,0.2727272727272727,0.5,0.3333333333333333,0.6666666666666666,Medium,1
26,Non-binary,Engineering,Australia,0.8333333333333334,0.62,0.5,0.6727272727272727,0.5,0.6666666666666666,1.0,High,1
23,Male,Finance,Canada,0.3166666666666667,0.5599999999999999,0.1,0.7090909090909091,1.0,0.3333333333333333,0.3333333333333333,High,2
21,Male,IT,Canada,0.8333333333333334,0.16,0.1,0.7454545454545454,0.5,0.0,0.0,Low,0
55,Male,Finance,USA,0.3833333333333332,0.5000000000000001,0.8,0.7818181818181817,0.0,1.0,0.3333333333333333,Medium,0
20,Male,Engineering,India,0.2,0.9,0.4,0.9636363636363636,0.0,0.0,0.0,Medium,0
24,Prefer not to say,Healthcare,Canada,0.6999999999999998,0.22,0.6000000000000001,0.890909090909091,0.0,0.0,0.3333333333333333,Low,0
52,Non-binary,Other,Australia,0.35,0.02,0.0,0.7454545454545454,0.5,1.0,0.6666666666666666,High,1
54,Prefer not to say,Finance,Other,0.9,0.88,0.0,0.5636363636363636,0.0,0.6666666666666666,0.6666666666666666,High,1
37,Prefer not to say,Finance,UK,0.5499999999999999,0.24,1.0,0.8,1.0,0.0,0.0,Low,2
34,Female,Other,Germany,0.1833333333333332,0.4600000000000001,1.0,0.8363636363636363,1.0,0.6666666666666666,0.3333333333333333,High,2
48,Female,IT,USA,1.0,0.68,0.0,0.1454545454545454,0.5,0.0,0.6666666666666666,Medium,1
41,Prefer not to say,Other,USA,0.4,0.18,0.6000000000000001,0.5818181818181818,0.0,0.6666666666666666,0.0,Low,0
35,Prefer not to say,Sales,Australia,0.2,0.88,0.2,0.0363636363636363,0.5,0.6666666666666666,1.0,High,1
39,Prefer not to say,IT,UK,0.9666666666666668,0.22,0.7000000000000001,0.6909090909090909,1.0,0.3333333333333333,0.6666666666666666,Medium,2
26,Non-binary,Education,USA,0.0333333333333333,0.8000000000000002,0.8,0.9818181818181818,1.0,0.3333333333333333,0.0,High,2
62,Female,Other,USA,0.9666666666666668,0.6,1.0,0.6727272727272727,1.0,0.0,0.0,Low,2
47,Male,IT,Germany,0.35,0.2,0.4,0.1818181818181818,0.0,0.3333333333333333,0.3333333333333333,Low,0
44,Prefer not to say,Healthcare,Canada,0.6833333333333332,0.32,0.5,0.6363636363636364,1.0,0.3333333333333333,0.0,Low,2
43,Non-binary,Engineering,USA,0.1833333333333332,0.68,0.5,0.4363636363636363,0.5,0.6666666666666666,0.0,High,0
39,Female,Other,UK,0.9333333333333332,0.36,0.9,0.1272727272727272,0.0,0.3333333333333333,0.3333333333333333,Low,0
44,Prefer not to say,Other,Canada,0.2333333333333334,0.5200000000000001,0.4,0.5454545454545454,0.5,0.6666666666666666,0.3333333333333333,High,0
33,Non-binary,Education,Other,0.3333333333333333,0.02,0.0,0.3272727272727272,0.5,0.3333333333333333,0.6666666666666666,Medium,1
24,Female,Education,India,0.5833333333333334,0.86,0.2,0.1636363636363636,0.0,0.0,0.6666666666666666,Medium,1
51,Non-binary,Healthcare,Australia,0.4166666666666666,0.4600000000000001,0.5,0.7454545454545454,0.5,0.6666666666666666,0.6666666666666666,High,1
55,Female,Education,UK,0.8166666666666668,0.04,0.2,0.8,0.5,1.0,0.0,Medium,0
38,Female,IT,Canada,0.45,0.66,0.0,0.3090909090909091,0.5,0.6666666666666666,0.3333333333333333,High,0
51,Female,Healthcare,India,0.7333333333333333,0.14,0.8,0.0181818181818181,0.0,0.6666666666666666,0.6666666666666666,Low,1
21,Female,Sales,Canada,0.0999999999999999,1.0,0.5,0.6727272727272727,0.5,0.0,1.0,High,1
61,Non-binary,IT,Other,0.7833333333333331,0.8000000000000002,0.4,0.4545454545454545,1.0,1.0,1.0,High,2
43,Non-binary,IT,Other,0.4,0.88,0.6000000000000001,0.3272727272727272,1.0,0.6666666666666666,0.6666666666666666,High,2
39,Male,IT,Australia,0.0833333333333333,0.22,0.8,0.3090909090909091,0.5,0.0,1.0,Low,1
38,Male,Education,UK,0.65,1.0,0.9,0.8181818181818182,0.5,0.3333333333333333,0.6666666666666666,High,1
58,Prefer not to say,Engineering,Other,0.35,0.6,0.9,0.3454545454545454,0.0,0.6666666666666666,0.6666666666666666,Medium,1
53,Prefer not to say,IT,Germany,0.7833333333333331,0.98,0.1,0.7454545454545454,1.0,0.6666666666666666,0.3333333333333333,High,2
23,Non-binary,Other,Other,0.65,0.66,0.0,0.3090909090909091,0.5,1.0,0.6666666666666666,High,1
65,Non-binary,Finance,Australia,0.6999999999999998,0.88,1.0,0.6181818181818182,1.0,0.0,0.6666666666666666,Medium,2
52,Prefer not to say,Sales,Canada,0.1833333333333332,0.7000000000000001,0.9,0.5272727272727272,0.5,0.3333333333333333,0.0,Medium,0
30,Non-binary,Finance,Other,0.3333333333333333,0.12,0.1,0.8363636363636363,0.5,0.6666666666666666,1.0,High,1
60,Female,Healthcare,Other,0.0999999999999999,0.42,0.7000000000000001,0.6545454545454544,1.0,1.0,1.0,High,2
61,Prefer not to say,Finance,Other,0.6833333333333332,0.38,0.1,0.9818181818181818,0.5,1.0,1.0,High,1
54,Non-binary,Other,Other,0.1166666666666667,0.64,0.8,0.2363636363636363,0.5,0.0,0.0,Low,0
46,Male,Sales,USA,0.25,1.0,0.2,0.3454545454545454,0.0,0.6666666666666666,0.3333333333333333,High,0
64,Female,Other,Canada,0.15,0.3400000000000001,0.6000000000000001,0.4909090909090909,1.0,0.0,1.0,High,2
28,Female,Engineering,Canada,0.7333333333333333,0.7800000000000001,0.1,0.509090909090909,1.0,1.0,0.6666666666666666,High,2
18,Prefer not to say,IT,Germany,0.6166666666666666,0.3,0.6000000000000001,0.8363636363636363,0.0,1.0,0.3333333333333333,Medium,0
20,Prefer not to say,Other,Germany,0.8833333333333334,0.4800000000000001,0.2,0.2727272727272727,1.0,0.0,1.0,Medium,2
54,Prefer not to say,Healthcare,Australia,0.8000000000000002,0.66,0.7000000000000001,0.5454545454545454,0.0,1.0,1.0,Medium,1
29,Female,Finance,India,0.0166666666666666,0.7200000000000001,0.6000000000000001,0.7272727272727273,0.5,0.3333333333333333,0.3333333333333333,High,0
30,Female,Healthcare,USA,0.0333333333333333,0.5599999999999999,1.0,0.8363636363636363,0.5,0.6666666666666666,1.0,High,1
34,Female,Finance,UK,0.9499999999999998,0.7600000000000001,0.1,0.509090909090909,0.5,1.0,0.6666666666666666,High,1
24,Female,Healthcare,Australia,0.6833333333333332,0.7000000000000001,0.5,0.7454545454545454,1.0,0.6666666666666666,0.0,High,2
48,Male,Sales,UK,0.5166666666666665,0.5000000000000001,0.3,0.0545454545454545,0.5,0.0,1.0,Medium,1
39,Female,Sales,Australia,0.85,0.5400000000000001,1.0,0.9636363636363636,1.0,1.0,0.0,Medium,2
64,Female,Healthcare,Australia,0.0499999999999999,0.0,0.0,0.1454545454545454,1.0,0.0,0.3333333333333333,Medium,2
28,Male,Sales,Other,0.5499999999999999,0.4600000000000001,0.1,0.8,1.0,0.3333333333333333,0.6666666666666666,High,2
64,Male,IT,UK,0.5666666666666668,0.7600000000000001,0.5,0.7090909090909091,0.5,0.6666666666666666,0.0,High,0
44,Non-binary,IT,UK,0.1166666666666667,0.7400000000000001,0.5,0.5272727272727272,0.5,0.0,0.6666666666666666,High,1
53,Female,Sales,India,0.7166666666666667,0.4600000000000001,0.4,0.6181818181818182,1.0,1.0,0.6666666666666666,High,2
64,Prefer not to say,Engineering,Other,0.15,0.7000000000000001,0.4,0.5454545454545454,1.0,0.6666666666666666,0.3333333333333333,High,2
26,Non-binary,Engineering,Germany,0.1166666666666667,0.24,1.0,0.9272727272727272,0.5,1.0,0.6666666666666666,High,1
65,Female,Finance,Other,0.5333333333333333,0.3400000000000001,0.5,0.3636363636363636,1.0,0.3333333333333333,1.0,High,2
60,Male,Healthcare,Canada,0.2166666666666666,0.04,0.0,0.509090909090909,0.0,0.0,0.0,Low,0
41,Non-binary,Sales,Australia,0.4999999999999999,0.7800000000000001,0.0,0.1272727272727272,0.0,0.3333333333333333,0.3333333333333333,Medium,0
65,Prefer not to say,Finance,Australia,0.6166666666666666,0.22,0.5,0.9454545454545454,1.0,0.3333333333333333,1.0,High,2
37,Male,Finance,Germany,0.7666666666666665,0.02,0.7000000000000001,0.2727272727272727,0.5,1.0,0.0,Low,0
31,Male,IT,Australia,0.2666666666666666,0.64,0.3,0.4727272727272728,1.0,1.0,1.0,High,2
25,Prefer not to say,Healthcare,Australia,0.4,0.4,0.7000000000000001,0.4545454545454545,0.0,0.3333333333333333,0.3333333333333333,Low,0
53,Non-binary,Education,Australia,0.6999999999999998,0.6,0.7000000000000001,0.4,1.0,0.3333333333333333,0.0,Low,2
52,Female,IT,USA,0.2999999999999999,0.4800000000000001,0.4,0.6363636363636364,1.0,1.0,1.0,High,2
40,Prefer not to say,Finance,Australia,0.8666666666666666,0.9,0.5,0.6363636363636364,0.5,0.0,1.0,Medium,1
54,Prefer not to say,IT,Australia,0.4,0.04,0.0,0.9818181818181818,0.0,0.6666666666666666,0.0,Medium,0
48,Non-binary,Education,UK,0.1166666666666667,0.42,0.4,0.8181818181818182,0.5,0.0,1.0,High,1
30,Non-binary,Sales,Other,0.3166666666666667,0.36,0.0,0.5272727272727272,0.5,0.6666666666666666,0.0,High,0
44,Non-binary,Education,Other,0.9166666666666666,0.32,0.6000000000000001,0.1454545454545454,0.0,0.0,1.0,Low,1
61,Non-binary,Finance,Canada,0.0999999999999999,0.5200000000000001,1.0,0.7090909090909091,0.5,1.0,1.0,High,1
34,Non-binary,Education,Germany,0.3166666666666667,0.82,0.9,0.6181818181818182,1.0,0.3333333333333333,0.6666666666666666,High,2
47,Prefer not to say,Healthcare,UK,0.25,0.66,0.2,0.2363636363636363,1.0,0.6666666666666666,0.6666666666666666,High,2
60,Prefer not to say,Education,India,0.7166666666666667,0.28,0.0,0.7090909090909091,1.0,0.0,0.3333333333333333,Medium,2
63,Female,Sales,UK,0.7333333333333333,0.22,1.0,0.4909090909090909,1.0,0.3333333333333333,0.0,Low,2
46,Female,Healthcare,USA,0.2666666666666666,0.3,0.5,0.509090909090909,1.0,0.6666666666666666,1.0,High,2
26,Male,Healthcare,Canada,0.2166666666666666,0.98,1.0,0.8727272727272727,0.5,0.3333333333333333,0.3333333333333333,High,0
41,Female,Education,UK,0.2,0.02,0.6000000000000001,0.1818181818181818,1.0,0.6666666666666666,1.0,High,2
54,Male,IT,India,0.9666666666666668,0.18,0.8,0.0,0.0,0.0,0.3333333333333333,Low,0
34,Male,Other,Australia,0.1166666666666667,0.3,1.0,0.0909090909090909,1.0,1.0,0.3333333333333333,Medium,2
26,Non-binary,IT,USA,0.25,0.64,0.2,0.9636363636363636,0.5,0.0,0.6666666666666666,High,1
62,Female,Healthcare,UK,0.1166666666666667,0.3400000000000001,0.2,0.8,1.0,0.6666666666666666,0.6666666666666666,High,2
65,Non-binary,Engineering,USA,0.9666666666666668,0.06,0.5,0.0545454545454545,0.5,0.0,0.0,Low,0
25,Non-binary,Education,USA,0.6333333333333332,0.02,1.0,0.2,1.0,0.6666666666666666,1.0,Medium,2
25,Female,Finance,UK,0.6166666666666666,0.98,0.0,0.3636363636363636,1.0,1.0,1.0,High,2
26,Prefer not to say,Healthcare,India,0.6,0.68,0.3,0.6181818181818182,0.5,1.0,0.3333333333333333,High,0
44,Female,Finance,India,0.6666666666666666,0.58,0.7000000000000001,0.3090909090909091,1.0,0.3333333333333333,0.0,Low,2
21,Non-binary,Engineering,Germany,0.7333333333333333,0.84,0.4,0.6363636363636364,0.0,0.0,0.0,Low,0
28,Prefer not to say,Engineering,Germany,0.1666666666666666,0.5599999999999999,0.3,0.6,1.0,0.3333333333333333,0.0,High,2
19,Prefer not to say,Sales,Canada,0.9,0.12,0.6000000000000001,0.8363636363636363,1.0,0.0,0.0,Low,2
46,Non-binary,Sales,Germany,0.1666666666666666,0.12,0.2,0.8545454545454546,0.5,0.6666666666666666,0.3333333333333333,High,0
26,Male,Finance,UK,0.7166666666666667,0.7800000000000001,0.6000000000000001,0.4181818181818181,0.0,0.3333333333333333,0.6666666666666666,Medium,1
54,Male,Other,USA,0.4999999999999999,0.16,0.5,0.4545454545454545,0.0,0.3333333333333333,0.3333333333333333,Low,0
22,Male,Engineering,Other,0.1666666666666666,0.4800000000000001,0.4,0.8181818181818182,1.0,0.0,0.3333333333333333,High,2
53,Male,Other,UK,0.3833333333333332,0.7000000000000001,0.7000000000000001,0.509090909090909,0.5,1.0,1.0,High,1
39,Female,Engineering,Canada,0.9166666666666666,0.04,0.1,0.2909090909090909,0.5,0.0,0.3333333333333333,Low,0
30,Female,IT,Other,0.4166666666666666,1.0,0.6000000000000001,0.1090909090909091,0.0,0.3333333333333333,0.0,Low,0
21,Male,Finance,Other,0.3166666666666667,0.7000000000000001,1.0,0.4363636363636363,1.0,0.6666666666666666,1.0,High,2
59,Female,Healthcare,Australia,0.2333333333333334,0.8000000000000002,0.9,0.4727272727272728,1.0,1.0,0.3333333333333333,High,2
63,Female,Other,UK,0.3833333333333332,0.4,0.4,0.6181818181818182,1.0,0.3333333333333333,0.6666666666666666,High,2
44,Prefer not to say,Other,UK,0.0333333333333333,0.7600000000000001,0.4,0.6181818181818182,0.5,0.3333333333333333,0.6666666666666666,High,1
60,Non-binary,Healthcare,Canada,0.1166666666666667,0.36,0.9,0.7818181818181817,0.0,0.6666666666666666,1.0,High,1
54,Male,Engineering,Australia,0.6,0.82,0.5,0.7636363636363637,1.0,0.6666666666666666,0.0,High,2
18,Non-binary,Education,USA,0.9333333333333332,0.3400000000000001,0.5,0.6,0.0,1.0,0.0,Low,0
21,Non-binary,IT,Australia,0.4999999999999999,0.4,0.6000000000000001,0.3454545454545454,1.0,0.0,0.3333333333333333,Medium,2
42,Non-binary,Engineering,Other,0.2166666666666666,0.82,0.3,0.509090909090909,1.0,1.0,0.6666666666666666,High,2
19,Prefer not to say,Sales,Canada,0.2166666666666666,0.42,0.2,0.890909090909091,1.0,1.0,0.0,High,2
28,Male,Healthcare,Canada,0.2333333333333334,0.32,0.1,0.2363636363636363,1.0,0.3333333333333333,0.0,Medium,2
34,Female,Healthcare,Canada,0.8833333333333334,0.22,0.5,0.5272727272727272,1.0,0.3333333333333333,0.6666666666666666,Medium,2
48,Non-binary,Sales,Other,0.1333333333333333,0.68,0.2,0.3454545454545454,0.0,0.6666666666666666,1.0,High,1
40,Non-binary,Engineering,Australia,0.8333333333333334,0.08,0.1,0.5818181818181818,1.0,1.0,0.0,Medium,2
26,Female,Sales,Germany,0.5499999999999999,0.92,0.9,0.6545454545454544,1.0,0.3333333333333333,1.0,High,2
23,Male,Engineering,UK,0.6166666666666666,0.3400000000000001,0.1,0.8727272727272727,1.0,0.0,0.6666666666666666,High,2
48,Non-binary,Finance,Australia,0.8833333333333334,0.8000000000000002,0.7000000000000001,0.7272727272727273,0.5,0.0,1.0,Medium,1
27,Non-binary,Healthcare,UK,0.9666666666666668,0.12,0.2,0.6545454545454544,1.0,1.0,1.0,High,2
43,Prefer not to say,Education,USA,0.85,0.44,0.9,0.4545454545454545,0.5,1.0,0.6666666666666666,Medium,1
30,Non-binary,Healthcare,India,0.2166666666666666,0.0,1.0,0.7272727272727273,0.5,0.6666666666666666,0.6666666666666666,High,1
57,Non-binary,IT,India,0.6666666666666666,0.1,0.1,0.8727272727272727,0.0,0.3333333333333333,0.6666666666666666,Medium,1
52,Non-binary,Other,Australia,0.3333333333333333,0.7800000000000001,0.1,0.1454545454545454,0.0,0.3333333333333333,0.3333333333333333,Medium,0
47,Prefer not to say,Sales,Other,0.9333333333333332,0.5000000000000001,0.0,0.9818181818181818,1.0,0.6666666666666666,1.0,High,2
25,Male,Other,Germany,0.9833333333333332,0.38,0.0,0.6909090909090909,0.5,0.0,0.3333333333333333,Medium,0
24,Male,Finance,UK,0.0499999999999999,0.58,0.9,0.3272727272727272,1.0,0.6666666666666666,1.0,High,2
40,Non-binary,IT,Canada,0.4833333333333333,0.1,1.0,0.9454545454545454,0.0,1.0,0.0,Low,0
45,Prefer not to say,Other,Germany,0.1333333333333333,0.84,0.2,0.8727272727272727,0.0,1.0,1.0,High,1
53,Non-binary,Education,Canada,0.8000000000000002,0.5400000000000001,0.9,0.8181818181818182,1.0,0.0,0.6666666666666666,Medium,2
32,Prefer not to say,Finance,USA,0.3833333333333332,0.5200000000000001,1.0,0.0363636363636363,0.0,1.0,0.0,Low,0
58,Non-binary,Other,Germany,0.2333333333333334,0.84,0.9,0.4363636363636363,0.0,0.0,0.0,Low,0
65,Non-binary,Education,Australia,0.3666666666666666,0.08,0.3,0.6909090909090909,0.5,0.6666666666666666,1.0,High,1
57,Female,Other,Canada,0.5333333333333333,0.96,0.2,0.9090909090909092,1.0,0.6666666666666666,0.3333333333333333,High,2
44,Non-binary,Education,Germany,0.6833333333333332,0.7200000000000001,0.2,0.4727272727272728,1.0,0.3333333333333333,0.3333333333333333,High,2
37,Non-binary,IT,Australia,0.0166666666666666,0.4800000000000001,0.1,0.1090909090909091,1.0,1.0,1.0,High,2
36,Prefer not to say,IT,India,0.0833333333333333,0.84,0.7000000000000001,0.5636363636363636,0.5,1.0,0.3333333333333333,High,0
41,Non-binary,Engineering,Canada,0.4166666666666666,0.4,0.9,0.1090909090909091,0.0,0.0,0.3333333333333333,Low,0
39,Prefer not to say,IT,Canada,0.7833333333333331,0.68,0.2,0.5272727272727272,0.5,0.6666666666666666,0.3333333333333333,High,0
64,Prefer not to say,Other,Canada,0.1166666666666667,0.5599999999999999,0.2,0.8181818181818182,1.0,0.6666666666666666,0.6666666666666666,High,2
54,Female,Finance,Canada,0.2833333333333333,0.86,1.0,0.4545454545454545,1.0,0.6666666666666666,1.0,High,2
51,Female,IT,Other,0.3666666666666666,0.28,0.0,0.8363636363636363,1.0,1.0,0.0,High,2
23,Prefer not to say,Education,Other,0.8833333333333334,0.5200000000000001,0.2,0.7454545454545454,0.0,1.0,0.0,Medium,0
31,Male,Education,India,0.6833333333333332,0.08,0.4,0.9636363636363636,1.0,0.0,1.0,Medium,2
32,Prefer not to say,Finance,Canada,0.6833333333333332,0.7600000000000001,0.2,0.1818181818181818,0.0,1.0,0.3333333333333333,Medium,0
57,Non-binary,Finance,UK,0.3833333333333332,0.88,0.9,0.3272727272727272,0.5,1.0,0.3333333333333333,Medium,0
31,Male,Finance,Other,0.1666666666666666,0.7000000000000001,0.9,0.7272727272727273,0.5,0.3333333333333333,0.6666666666666666,High,1
21,Female,Healthcare,Germany,0.1166666666666667,0.32,0.0,1.0,0.0,1.0,0.3333333333333333,High,0
64,Prefer not to say,Education,Other,0.5666666666666668,0.84,0.9,0.6909090909090909,0.0,0.6666666666666666,0.6666666666666666,High,1
21,Male,IT,UK,0.5666666666666668,0.86,0.3,0.6,1.0,0.3333333333333333,0.0,High,2
54,Female,IT,USA,0.2,0.6,1.0,0.6909090909090909,0.0,0.0,0.6666666666666666,Medium,1
42,Prefer not to say,Healthcare,USA,0.7166666666666667,0.5599999999999999,0.3,0.8545454545454546,0.0,1.0,0.0,Medium,0
18,Male,IT,India,0.8666666666666666,0.7000000000000001,0.8,0.3454545454545454,0.5,0.0,0.3333333333333333,Low,0
37,Male,Other,USA,0.0166666666666666,0.5000000000000001,0.2,0.9636363636363636,0.5,0.0,1.0,High,1
33,Male,IT,Canada,0.7666666666666665,0.08,0.4,0.2909090909090909,0.5,0.0,1.0,Low,1
18,Female,Sales,Australia,0.6999999999999998,0.5200000000000001,0.4,0.4,1.0,0.6666666666666666,1.0,High,2
52,Female,Finance,Canada,0.4166666666666666,0.5200000000000001,0.1,0.0909090909090909,0.0,1.0,0.3333333333333333,Medium,0
33,Female,Finance,Germany,0.0499999999999999,0.7200000000000001,0.5,0.2181818181818181,0.0,0.0,0.6666666666666666,Medium,1
47,Prefer not to say,Finance,Germany,0.0999999999999999,0.7800000000000001,0.1,0.3636363636363636,0.5,0.6666666666666666,0.6666666666666666,High,1
62,Male,Education,India,0.65,0.1,0.1,0.5636363636363636,1.0,1.0,0.6666666666666666,High,2
57,Female,Other,Canada,0.0666666666666667,0.1,0.8,0.3818181818181818,0.0,0.6666666666666666,1.0,Medium,1
38,Prefer not to say,Healthcare,UK,0.5666666666666668,0.36,0.6000000000000001,0.9818181818181818,0.0,0.0,0.6666666666666666,Medium,1
28,Prefer not to say,Healthcare,Canada,0.0,0.66,0.7000000000000001,0.8545454545454546,0.5,0.0,1.0,High,1
55,Male,IT,UK,0.0666666666666667,0.68,0.2,0.8545454545454546,0.0,0.0,0.3333333333333333,High,0
23,Female,Finance,Canada,0.6166666666666666,0.98,0.4,0.0727272727272727,1.0,1.0,0.6666666666666666,High,2
45,Female,IT,UK,0.5833333333333334,0.68,1.0,0.0545454545454545,0.0,1.0,0.0,Low,0
39,Prefer not to say,IT,India,0.1166666666666667,1.0,0.1,0.8727272727272727,0.0,0.3333333333333333,0.0,High,0
27,Female,Finance,India,0.1666666666666666,0.1,0.6000000000000001,0.6545454545454544,1.0,1.0,0.6666666666666666,High,2
49,Non-binary,Sales,USA,0.45,0.68,0.4,0.9090909090909092,0.5,0.6666666666666666,0.0,High,0
49,Non-binary,Education,Other,0.8666666666666666,0.02,0.6000000000000001,0.2181818181818181,0.0,0.0,0.0,Low,0
27,Male,Other,Canada,0.5166666666666665,0.92,0.3,0.6,1.0,0.3333333333333333,0.3333333333333333,High,2
35,Female,Finance,Canada,0.9166666666666666,0.6,0.0,0.8545454545454546,1.0,1.0,1.0,High,2
54,Prefer not to say,Engineering,Germany,0.4333333333333332,0.0,0.9,0.3818181818181818,0.0,0.3333333333333333,0.3333333333333333,Low,0
19,Male,Other,Germany,0.5833333333333334,0.2,0.0,0.6363636363636364,0.5,0.0,0.0,Low,0
31,Non-binary,IT,Germany,0.4666666666666667,0.44,0.8,0.3454545454545454,0.0,0.0,0.3333333333333333,Low,0
22,Non-binary,Healthcare,UK,0.8666666666666666,0.5400000000000001,0.7000000000000001,0.4181818181818181,0.5,0.3333333333333333,0.0,Low,0
35,Prefer not to say,Finance,Germany,0.45,0.4800000000000001,0.4,0.3636363636363636,1.0,0.6666666666666666,0.3333333333333333,High,2
41,Prefer not to say,Healthcare,Germany,0.4666666666666667,0.94,0.4,0.0909090909090909,0.0,0.3333333333333333,0.6666666666666666,Medium,1
38,Non-binary,Sales,Germany,0.9499999999999998,0.68,0.3,0.9090909090909092,1.0,0.6666666666666666,0.6666666666666666,High,2
62,Non-binary,Engineering,Other,0.0833333333333333,0.0,0.5,0.6181818181818182,1.0,1.0,0.3333333333333333,High,2
23,Non-binary,IT,Australia,0.7666666666666665,0.94,0.9,0.9636363636363636,0.0,0.6666666666666666,0.3333333333333333,Medium,0
49,Male,Healthcare,Germany,0.6166666666666666,0.44,0.3,0.2545454545454545,1.0,1.0,0.3333333333333333,High,2
41,Non-binary,Finance,India,0.1166666666666667,1.0,0.9,0.0727272727272727,0.5,0.6666666666666666,1.0,High,1
30,Non-binary,Other,USA,0.5499999999999999,0.88,0.8,0.6181818181818182,0.5,1.0,1.0,High,1
31,Female,Education,Australia,0.5666666666666668,0.2,0.5,0.509090909090909,1.0,1.0,0.6666666666666666,High,2
58,Male,Finance,Canada,0.15,0.68,0.3,0.8545454545454546,1.0,0.0,0.3333333333333333,High,2
43,Prefer not to say,Engineering,UK,0.3166666666666667,0.5200000000000001,0.9,0.4363636363636363,1.0,0.6666666666666666,0.6666666666666666,High,2
53,Female,Other,India,0.65,0.7600000000000001,0.1,0.0545454545454545,1.0,1.0,0.3333333333333333,High,2
43,Female,IT,India,0.9499999999999998,0.92,0.4,0.5636363636363636,0.5,1.0,1.0,High,1
53,Non-binary,Sales,USA,0.2333333333333334,0.9,0.8,0.9636363636363636,1.0,1.0,1.0,High,2
47,Non-binary,Healthcare,Germany,0.8833333333333334,0.5400000000000001,0.2,0.8,0.5,1.0,1.0,High,1
36,Male,Engineering,Germany,0.35,0.9,0.7000000000000001,0.8545454545454546,0.0,0.6666666666666666,0.6666666666666666,High,1
50,Female,Sales,Germany,0.15,0.08,0.8,0.8,1.0,1.0,1.0,High,2
53,Prefer not to say,Sales,Germany,0.7833333333333331,0.66,0.2,0.3090909090909091,1.0,0.6666666666666666,1.0,High,2
34,Female,Finance,UK,0.0166666666666666,0.82,0.4,0.9454545454545454,0.5,0.6666666666666666,0.0,High,0
63,Male,Education,Other,0.4166666666666666,0.92,0.6000000000000001,0.5454545454545454,1.0,0.0,1.0,High,2
51,Female,Education,UK,0.3666666666666666,0.04,0.6000000000000001,0.2363636363636363,0.5,0.0,0.3333333333333333,Low,0
24,Prefer not to say,Engineering,USA,0.0833333333333333,0.98,1.0,0.0363636363636363,1.0,1.0,0.6666666666666666,High,2
21,Male,Other,UK,0.5166666666666665,0.96,0.3,0.5636363636363636,0.5,1.0,1.0,High,1
23,Prefer not to say,IT,Australia,0.1166666666666667,0.7800000000000001,0.1,0.7818181818181817,0.5,0.0,1.0,High,1
56,Non-binary,Healthcare,USA,0.8666666666666666,0.58,0.0,0.509090909090909,0.5,0.6666666666666666,1.0,High,1
58,Male,Engineering,Germany,0.4166666666666666,0.24,0.2,0.5636363636363636,1.0,0.0,0.3333333333333333,Medium,2
65,Female,Other,Australia,0.9666666666666668,0.24,0.9,0.3636363636363636,0.0,0.6666666666666666,0.0,Low,0
24,Non-binary,Engineering,Other,0.25,0.8000000000000002,0.9,0.8181818181818182,0.5,0.6666666666666666,0.3333333333333333,High,0
48,Prefer not to say,Education,Other,0.3833333333333332,0.6,0.8,0.2545454545454545,0.5,0.3333333333333333,0.0,Low,0
45,Prefer not to say,Finance,Other,0.9333333333333332,0.0,0.3,0.7818181818181817,0.5,0.6666666666666666,0.6666666666666666,High,1
22,Non-binary,Other,UK,0.2666666666666666,0.4600000000000001,0.7000000000000001,0.0909090909090909,0.0,1.0,1.0,Medium,1
40,Male,Engineering,UK,0.3666666666666666,0.6,0.2,0.1636363636363636,0.5,0.6666666666666666,1.0,High,1
37,Male,Healthcare,USA,0.9166666666666666,0.18,0.4,0.0545454545454545,0.0,0.3333333333333333,1.0,Low,1
18,Female,Other,Germany,0.8333333333333334,0.94,0.7000000000000001,0.7454545454545454,0.0,0.3333333333333333,0.6666666666666666,Medium,1
35,Male,IT,India,0.9,0.42,0.9,0.9454545454545454,1.0,0.6666666666666666,0.0,Medium,2
19,Female,Healthcare,Germany,0.3833333333333332,0.8000000000000002,0.3,0.2727272727272727,0.5,0.6666666666666666,1.0,High,1
60,Non-binary,Engineering,Germany,0.8333333333333334,0.58,0.1,0.7818181818181817,0.0,0.6666666666666666,0.6666666666666666,High,1
32,Male,Sales,USA,0.4833333333333333,0.4,0.7000000000000001,0.6363636363636364,0.0,0.3333333333333333,0.0,Low,0
33,Female,IT,Australia,0.6666666666666666,0.58,1.0,0.3454545454545454,0.5,0.3333333333333333,0.3333333333333333,Low,0
45,Non-binary,Other,Australia,0.9499999999999998,0.24,1.0,0.4727272727272728,0.0,0.6666666666666666,0.0,Low,0
39,Male,Finance,Germany,0.2999999999999999,0.7400000000000001,0.5,0.4,0.5,1.0,1.0,High,1
59,Male,Finance,Canada,0.2833333333333333,0.08,0.9,0.0727272727272727,0.0,0.3333333333333333,1.0,Low,1
38,Non-binary,Sales,Other,0.0666666666666667,0.18,0.5,0.5636363636363636,0.0,0.0,0.3333333333333333,Low,0
28,Non-binary,Other,Germany,0.8333333333333334,0.66,0.8,0.7454545454545454,0.5,0.6666666666666666,1.0,High,1
36,Female,Finance,India,0.3833333333333332,0.7200000000000001,0.2,0.2181818181818181,0.5,0.6666666666666666,0.3333333333333333,High,0
26,Prefer not to say,Healthcare,Other,0.0833333333333333,0.18,1.0,0.2,0.0,0.3333333333333333,0.0,Low,0
26,Male,Education,UK,0.6333333333333332,0.22,0.8,0.509090909090909,0.0,1.0,0.3333333333333333,Low,0
60,Prefer not to say,Other,UK,0.3833333333333332,0.1,1.0,0.5272727272727272,0.0,0.3333333333333333,0.3333333333333333,Low,0
43,Female,IT,India,0.6666666666666666,0.58,0.2,0.4363636363636363,0.5,0.6666666666666666,1.0,High,1
42,Female,Sales,Australia,0.7499999999999999,0.5000000000000001,0.4,0.0545454545454545,1.0,0.0,0.3333333333333333,Low,2
44,Female,Sales,Canada,0.6999999999999998,1.0,1.0,0.3636363636363636,1.0,0.6666666666666666,1.0,High,2
56,Non-binary,Education,UK,0.2833333333333333,0.62,0.2,0.4363636363636363,1.0,0.6666666666666666,1.0,High,2
53,Prefer not to say,Education,USA,0.0499999999999999,0.5000000000000001,0.2,0.5818181818181818,1.0,0.3333333333333333,0.0,High,2
38,Male,IT,Australia,0.8166666666666668,0.96,0.4,0.6181818181818182,0.5,0.6666666666666666,1.0,High,1
59,Prefer not to say,IT,Australia,0.1166666666666667,0.32,0.4,0.4,0.0,0.6666666666666666,0.3333333333333333,Medium,0
56,Non-binary,Healthcare,Other,0.6666666666666666,0.3,0.8,0.0363636363636363,0.0,0.3333333333333333,0.6666666666666666,Low,1
52,Prefer not to say,Education,USA,0.9499999999999998,0.5000000000000001,0.9,0.9272727272727272,0.5,0.6666666666666666,0.3333333333333333,Medium,0
37,Non-binary,Finance,Other,0.0999999999999999,0.22,1.0,0.6,0.5,0.3333333333333333,0.6666666666666666,Medium,1
52,Prefer not to say,IT,Australia,0.2666666666666666,0.32,0.1,0.9818181818181818,0.5,0.0,0.6666666666666666,High,1
59,Male,Education,Australia,0.5666666666666668,0.0,0.3,0.6727272727272727,0.5,0.0,0.3333333333333333,Medium,0
49,Non-binary,Engineering,USA,0.4,0.82,0.1,0.0363636363636363,1.0,0.6666666666666666,0.3333333333333333,High,2
37,Female,Other,Other,0.3333333333333333,0.3400000000000001,0.0,0.9454545454545454,0.0,0.3333333333333333,1.0,High,1
49,Male,Other,Germany,0.5666666666666668,0.4,0.9,0.2363636363636363,0.0,0.3333333333333333,1.0,Low,1
58,Prefer not to say,Education,Canada,0.8333333333333334,0.84,0.3,0.6727272727272727,0.5,0.0,0.6666666666666666,High,1
63,Female,Healthcare,Australia,0.4333333333333332,0.08,0.2,0.8545454545454546,1.0,0.0,1.0,High,2
38,Prefer not to say,IT,UK,0.4666666666666667,0.7600000000000001,0.4,0.4545454545454545,0.0,0.6666666666666666,1.0,High,1
39,Female,IT,USA,0.3833333333333332,0.82,0.5,0.1818181818181818,0.5,0.6666666666666666,0.6666666666666666,High,1
26,Male,Other,Australia,0.8333333333333334,0.7000000000000001,0.1,0.8,0.5,0.3333333333333333,0.6666666666666666,High,1
47,Female,Sales,Canada,0.6,0.16,0.4,0.6727272727272727,1.0,0.6666666666666666,0.6666666666666666,High,2
33,Female,Sales,UK,0.6166666666666666,0.08,0.7000000000000001,0.2545454545454545,1.0,1.0,0.0,Low,2
26,Non-binary,IT,Canada,0.0166666666666666,0.98,0.3,0.7454545454545454,0.0,0.6666666666666666,0.6666666666666666,High,1
27,Prefer not to say,Finance,Australia,0.9166666666666666,0.04,0.4,0.8545454545454546,0.5,0.0,0.3333333333333333,Low,0
51,Male,Other,Other,0.6166666666666666,0.42,0.2,0.2727272727272727,0.0,0.3333333333333333,1.0,Medium,1
18,Male,Other,India,0.8666666666666666,0.68,0.1,0.9454545454545454,1.0,0.0,1.0,High,2
46,Male,Healthcare,UK,0.0833333333333333,0.2,0.1,0.6545454545454544,1.0,1.0,1.0,High,2
47,Female,Healthcare,Other,0.6833333333333332,0.4600000000000001,0.7000000000000001,0.9090909090909092,0.0,0.0,1.0,Low,1
62,Prefer not to say,Education,Germany,0.9166666666666666,0.7800000000000001,1.0,0.5272727272727272,0.5,0.3333333333333333,1.0,Medium,1
55,Male,Healthcare,Canada,0.25,0.28,0.4,0.0727272727272727,1.0,1.0,0.0,Medium,2
58,Female,Sales,Germany,0.9833333333333332,0.4600000000000001,0.3,0.8181818181818182,0.0,0.0,1.0,Medium,1
55,Male,Other,UK,0.6333333333333332,0.36,0.7000000000000001,0.4545454545454545,0.5,0.3333333333333333,1.0,Medium,1
49,Non-binary,Healthcare,Other,0.65,0.7600000000000001,0.8,0.6727272727272727,0.0,0.6666666666666666,0.6666666666666666,High,1
44,Prefer not to say,Engineering,Australia,0.3666666666666666,0.06,0.0,0.5454545454545454,0.5,0.6666666666666666,0.6666666666666666,High,1
39,Prefer not to say,Engineering,Germany,0.0833333333333333,0.62,0.8,0.7818181818181817,0.5,0.6666666666666666,1.0,High,1
65,Non-binary,IT,Other,0.0,0.94,0.6000000000000001,0.2727272727272727,1.0,0.3333333333333333,0.6666666666666666,High,2
56,Non-binary,Education,USA,0.4,0.62,0.9,0.5272727272727272,0.0,0.0,0.3333333333333333,Low,0
56,Female,Engineering,Canada,0.0499999999999999,0.68,0.5,0.4909090909090909,0.5,0.6666666666666666,0.6666666666666666,High,1
36,Female,Healthcare,Canada,0.0999999999999999,0.96,0.8,0.6545454545454544,1.0,0.3333333333333333,0.3333333333333333,High,2
44,Male,Education,Canada,0.8000000000000002,0.02,1.0,0.6545454545454544,1.0,0.0,0.0,Low,2
18,Male,Engineering,India,0.4166666666666666,0.7400000000000001,0.2,0.3636363636363636,1.0,0.0,1.0,High,2
18,Female,IT,Australia,0.5833333333333334,0.7200000000000001,0.9,0.1090909090909091,0.0,0.0,1.0,Low,1
31,Prefer not to say,Sales,Germany,0.4333333333333332,0.1,0.8,0.0,1.0,1.0,0.0,Low,2
27,Female,Sales,UK,0.4999999999999999,0.9,0.2,0.6909090909090909,0.5,1.0,1.0,High,1
63,Male,Education,Other,0.4,0.12,0.7000000000000001,0.6545454545454544,0.5,1.0,0.6666666666666666,Medium,1
21,Prefer not to say,Other,Germany,0.6833333333333332,0.98,0.6000000000000001,0.0363636363636363,0.0,0.6666666666666666,0.6666666666666666,Medium,1
50,Female,Engineering,Australia,0.35,0.5400000000000001,1.0,0.6909090909090909,1.0,1.0,0.3333333333333333,High,2
47,Female,Other,Other,0.0333333333333333,0.4,0.1,0.5272727272727272,0.5,0.3333333333333333,0.3333333333333333,High,0
26,Non-binary,Healthcare,Germany,0.4666666666666667,0.2,0.0,0.0727272727272727,1.0,0.6666666666666666,1.0,High,2
40,Non-binary,Healthcare,India,0.85,0.7200000000000001,0.9,0.3454545454545454,0.5,0.0,0.3333333333333333,Low,0
36,Female,Engineering,Germany,0.6666666666666666,0.62,0.6000000000000001,0.8,0.0,0.3333333333333333,0.6666666666666666,Medium,1
54,Male,Sales,USA,0.4833333333333333,0.5000000000000001,0.2,0.8,1.0,0.6666666666666666,0.3333333333333333,High,2
48,Female,Education,India,0.3666666666666666,0.18,1.0,0.8545454545454546,1.0,0.6666666666666666,0.6666666666666666,High,2
25,Non-binary,IT,Germany,0.4166666666666666,0.02,0.7000000000000001,0.9090909090909092,0.0,0.0,0.3333333333333333,Low,0
26,Female,Engineering,India,0.5499999999999999,0.14,0.8,0.7454545454545454,0.0,1.0,1.0,Medium,1
20,Female,Finance,India,0.3333333333333333,0.6,0.2,0.3454545454545454,1.0,0.3333333333333333,0.3333333333333333,High,2
64,Female,Healthcare,Canada,0.8000000000000002,0.5599999999999999,0.7000000000000001,0.7454545454545454,0.0,1.0,1.0,Medium,1
37,Non-binary,Other,India,0.1333333333333333,0.92,0.6000000000000001,0.7818181818181817,1.0,0.0,0.0,High,2
45,Female,Engineering,Canada,0.9833333333333332,0.92,0.7000000000000001,0.9090909090909092,0.0,0.6666666666666666,0.3333333333333333,Medium,0
46,Female,Other,Other,0.8833333333333334,0.06,0.0,0.3818181818181818,1.0,0.6666666666666666,0.6666666666666666,High,2
58,Prefer not to say,Other,India,0.5333333333333333,0.18,0.5,0.9454545454545454,0.0,0.3333333333333333,0.6666666666666666,Medium,1
62,Female,Finance,Other,0.2999999999999999,0.36,0.0,0.890909090909091,0.0,1.0,0.6666666666666666,High,1
55,Male,Finance,India,0.3833333333333332,0.84,1.0,0.9272727272727272,1.0,0.6666666666666666,0.0,High,2
53,Male,Other,Canada,0.6833333333333332,0.38,0.5,0.4363636363636363,0.0,0.0,0.0,Low,0
32,Non-binary,IT,Australia,0.7499999999999999,0.4,1.0,0.4909090909090909,0.0,0.3333333333333333,0.3333333333333333,Low,0
63,Prefer not to say,IT,Other,0.65,0.1,1.0,0.1272727272727272,0.5,0.3333333333333333,0.6666666666666666,Low,1
53,Prefer not to say,Education,UK,0.2,0.5000000000000001,0.9,0.1272727272727272,1.0,0.6666666666666666,0.6666666666666666,High,2
34,Non-binary,Healthcare,UK,0.2833333333333333,0.98,0.4,0.7090909090909091,0.5,0.6666666666666666,1.0,High,1
50,Prefer not to say,Education,Germany,0.7833333333333331,0.26,0.5,0.1090909090909091,0.0,1.0,0.6666666666666666,Low,1
58,Prefer not to say,Healthcare,India,0.2166666666666666,0.9,0.6000000000000001,0.4181818181818181,1.0,0.6666666666666666,0.3333333333333333,High,2
64,Female,Engineering,Germany,0.1833333333333332,0.82,0.8,0.9454545454545454,0.5,0.6666666666666666,0.6666666666666666,High,1
57,Prefer not to say,Finance,Australia,0.0833333333333333,0.7400000000000001,0.9,0.2545454545454545,0.0,0.3333333333333333,0.0,Low,0
43,Prefer not to say,Education,Australia,0.3333333333333333,0.44,0.2,0.5272727272727272,0.0,0.0,0.0,Low,0
48,Prefer not to say,Healthcare,UK,0.4333333333333332,0.14,0.9,0.3272727272727272,0.5,0.3333333333333333,1.0,Low,1
45,Female,IT,USA,0.25,0.02,0.3,0.7818181818181817,0.5,0.0,1.0,High,1
48,Male,Other,Australia,0.8833333333333334,0.82,0.7000000000000001,0.0,0.5,0.0,0.6666666666666666,Low,1
46,Male,Sales,USA,0.5833333333333334,0.16,0.3,0.4545454545454545,0.0,0.6666666666666666,0.3333333333333333,Medium,0
23,Female,Sales,Australia,0.6,0.7200000000000001,0.0,0.6,0.5,0.3333333333333333,1.0,High,1
52,Non-binary,Education,Germany,0.9833333333333332,0.0,0.3,0.3818181818181818,0.0,0.6666666666666666,0.0,Low,0
19,Non-binary,Other,Australia,0.4166666666666666,0.14,0.3,0.6181818181818182,0.0,0.0,0.0,Low,0
47,Male,Other,USA,0.7499999999999999,0.5599999999999999,0.0,0.6727272727272727,1.0,1.0,0.3333333333333333,High,2
43,Female,Healthcare,Germany,0.1333333333333333,0.62,0.0,0.4181818181818181,1.0,1.0,1.0,High,2
50,Female,Engineering,Australia,0.4666666666666667,0.5000000000000001,0.5,0.1636363636363636,1.0,0.3333333333333333,0.3333333333333333,Medium,2
40,Non-binary,Other,Australia,0.8166666666666668,0.5400000000000001,0.3,0.1454545454545454,0.0,0.3333333333333333,0.0,Low,0
25,Female,IT,UK,0.9333333333333332,0.36,0.2,0.6545454545454544,0.0,0.6666666666666666,0.3333333333333333,Medium,0
60,Female,Healthcare,Other,0.4333333333333332,0.3,0.2,0.9090909090909092,0.0,0.6666666666666666,1.0,High,1
44,Non-binary,Other,Canada,0.35,0.82,0.2,0.5454545454545454,0.0,1.0,0.3333333333333333,High,0
32,Male,Sales,Canada,0.2,0.0,0.4,0.1272727272727272,1.0,1.0,1.0,High,2
18,Female,Finance,India,0.0166666666666666,0.6,0.2,0.8,0.5,0.3333333333333333,0.6666666666666666,High,1
34,Female,Finance,Australia,0.5333333333333333,0.92,0.2,0.0909090909090909,1.0,1.0,1.0,High,2
42,Male,IT,Australia,0.65,0.5599999999999999,0.1,0.6,0.5,1.0,1.0,High,1
44,Prefer not to say,Finance,Germany,0.9,0.2,0.2,0.0727272727272727,0.5,0.6666666666666666,1.0,Medium,1
51,Female,Other,USA,0.0,0.82,0.7000000000000001,0.4909090909090909,1.0,0.3333333333333333,1.0,High,2
27,Male,Engineering,UK,0.2999999999999999,0.4800000000000001,0.9,0.3818181818181818,0.0,0.0,0.3333333333333333,Low,0
20,Male,Sales,Canada,0.0499999999999999,0.24,0.2,0.5818181818181818,1.0,0.3333333333333333,0.6666666666666666,High,2
49,Male,IT,Canada,0.3333333333333333,0.14,0.3,0.1818181818181818,0.5,0.6666666666666666,0.3333333333333333,Medium,0
60,Female,Engineering,India,0.4833333333333333,0.5599999999999999,0.0,0.1454545454545454,0.0,0.0,0.3333333333333333,Low,0
50,Prefer not to say,Sales,India,0.2,0.24,0.1,0.7454545454545454,1.0,0.0,1.0,High,2
35,Non-binary,Sales,Germany,1.0,0.0,0.0,0.5454545454545454,0.5,0.0,0.3333333333333333,Low,0
64,Female,Other,Australia,0.6,0.64,0.1,0.9454545454545454,1.0,0.3333333333333333,0.0,High,2
62,Non-binary,Finance,Germany,0.4833333333333333,0.82,0.5,0.5272727272727272,0.0,0.0,1.0,Medium,1
18,Female,Education,UK,0.9666666666666668,0.5400000000000001,0.7000000000000001,0.6,0.0,0.3333333333333333,0.0,Low,0
65,Male,Education,Australia,0.8166666666666668,0.14,0.9,0.890909090909091,0.0,0.0,1.0,Low,1
50,Male,Finance,Germany,0.85,0.38,0.4,0.8727272727272727,0.0,0.3333333333333333,1.0,Medium,1
57,Non-binary,Education,Australia,0.7499999999999999,0.3,0.1,0.7272727272727273,1.0,0.3333333333333333,0.0,Medium,2
33,Male,Healthcare,UK,0.9833333333333332,0.9,0.1,0.2181818181818181,1.0,1.0,0.6666666666666666,High,2
53,Prefer not to say,Healthcare,India,0.3666666666666666,0.04,0.8,0.2727272727272727,0.0,0.3333333333333333,0.0,Low,0
62,Female,IT,Australia,0.5166666666666665,0.66,0.7000000000000001,0.6181818181818182,0.0,0.0,0.3333333333333333,Low,0
37,Female,Healthcare,Other,0.1666666666666666,0.62,0.0,0.1454545454545454,1.0,0.6666666666666666,0.6666666666666666,High,2
28,Male,Other,USA,0.9499999999999998,0.28,0.1,0.7090909090909091,0.0,0.6666666666666666,0.3333333333333333,Medium,0
49,Female,Engineering,USA,0.2,0.7600000000000001,0.1,0.8363636363636363,0.0,1.0,1.0,High,1
41,Prefer not to say,Sales,USA,0.85,0.5200000000000001,0.5,0.3272727272727272,0.0,0.0,0.3333333333333333,Low,0
27,Non-binary,Other,India,0.0666666666666667,0.3400000000000001,0.6000000000000001,0.3818181818181818,1.0,0.6666666666666666,0.3333333333333333,High,2
45,Male,Other,UK,0.1833333333333332,0.94,0.3,0.8363636363636363,0.5,0.3333333333333333,0.3333333333333333,High,0
21,Male,Education,Germany,0.9833333333333332,0.42,0.5,0.1818181818181818,0.5,1.0,0.6666666666666666,Medium,1
48,Prefer not to say,Finance,USA,0.4333333333333332,0.42,0.3,0.4181818181818181,1.0,0.6666666666666666,0.0,High,2
38,Prefer not to say,IT,USA,0.5499999999999999,0.7600000000000001,0.7000000000000001,0.4545454545454545,0.5,1.0,1.0,High,1
64,Male,Finance,Other,0.7666666666666665,0.1,1.0,0.6363636363636364,0.0,0.6666666666666666,0.3333333333333333,Low,0
40,Male,Healthcare,Canada,0.4166666666666666,0.5599999999999999,0.7000000000000001,0.1818181818181818,1.0,0.0,0.3333333333333333,Low,2
59,Female,IT,Other,0.6999999999999998,0.32,1.0,0.7818181818181817,0.0,1.0,0.0,Low,0
47,Prefer not to say,Education,Australia,0.7833333333333331,0.26,0.3,0.0363636363636363,0.0,0.3333333333333333,0.0,Low,0
41,Non-binary,Healthcare,India,0.2,1.0,0.0,0.4545454545454545,1.0,1.0,0.0,High,2
38,Non-binary,Sales,Australia,0.8166666666666668,0.5000000000000001,0.3,0.3090909090909091,0.0,0.0,0.0,Low,0
18,Male,IT,Australia,0.7833333333333331,0.28,0.9,0.8545454545454546,0.0,0.3333333333333333,0.0,Low,0
52,Male,Other,USA,0.9499999999999998,0.02,1.0,1.0,0.0,0.3333333333333333,0.6666666666666666,Low,1
48,Female,Other,UK,0.85,0.36,0.8,0.5272727272727272,0.5,0.3333333333333333,0.3333333333333333,Low,0
52,Prefer not to say,IT,Germany,0.4333333333333332,0.7000000000000001,0.4,0.2545454545454545,1.0,0.0,0.3333333333333333,Medium,2
33,Prefer not to say,Finance,UK,0.4333333333333332,0.44,0.6000000000000001,0.4545454545454545,1.0,1.0,0.3333333333333333,High,2
65,Non-binary,Healthcare,Other,0.8000000000000002,0.58,0.6000000000000001,0.2545454545454545,1.0,0.3333333333333333,0.6666666666666666,Medium,2
58,Non-binary,Finance,Other,0.15,0.7000000000000001,0.0,0.4727272727272728,0.0,0.0,1.0,High,1
49,Non-binary,Sales,Germany,0.25,0.5200000000000001,0.2,0.4363636363636363,0.5,1.0,0.6666666666666666,High,1
58,Non-binary,Sales,Canada,0.0333333333333333,0.4800000000000001,0.7000000000000001,0.8,0.0,0.0,0.0,Low,0
64,Non-binary,Other,Australia,0.6666666666666666,0.32,1.0,0.6181818181818182,0.0,0.6666666666666666,0.0,Low,0
62,Male,Sales,Germany,0.0666666666666667,0.94,0.1,0.2181818181818181,1.0,0.3333333333333333,0.6666666666666666,High,2
46,Female,Healthcare,UK,0.8666666666666666,0.2,0.4,0.0909090909090909,0.0,0.0,0.3333333333333333,Low,0
19,Prefer not to say,Sales,India,0.6666666666666666,0.3400000000000001,0.3,0.7454545454545454,0.5,1.0,0.3333333333333333,High,0
21,Female,Other,Australia,0.0333333333333333,0.58,0.1,0.6,0.5,0.6666666666666666,0.3333333333333333,High,0
22,Male,Finance,Canada,0.0833333333333333,0.04,0.1,0.4,0.0,1.0,1.0,High,1
23,Prefer not to say,IT,Other,0.0833333333333333,0.98,0.4,0.5636363636363636,1.0,1.0,0.6666666666666666,High,2
40,Prefer not to say,Finance,Canada,0.5833333333333334,0.6,0.4,0.4181818181818181,1.0,1.0,0.6666666666666666,High,2
44,Female,Education,Germany,0.7833333333333331,0.22,0.9,0.1454545454545454,1.0,0.0,0.3333333333333333,Low,2
40,Female,Engineering,Australia,0.0166666666666666,0.0,0.1,0.5636363636363636,0.5,0.0,0.3333333333333333,Medium,0
61,Non-binary,Finance,Other,0.4333333333333332,0.16,0.2,0.0727272727272727,1.0,1.0,0.0,Medium,2
62,Non-binary,Sales,India,0.7666666666666665,0.2,0.3,0.2909090909090909,1.0,0.3333333333333333,0.6666666666666666,Medium,2
50,Female,Healthcare,Germany,0.4833333333333333,0.5200000000000001,0.9,0.5636363636363636,0.5,1.0,0.3333333333333333,Medium,0
65,Non-binary,IT,Other,0.3333333333333333,0.1,0.0,0.6181818181818182,0.5,0.6666666666666666,1.0,High,1
28,Non-binary,Sales,Germany,0.6166666666666666,0.12,0.0,0.4181818181818181,0.5,0.6666666666666666,0.6666666666666666,High,1
49,Male,Finance,India,0.1833333333333332,0.18,0.0,0.7272727272727273,0.0,0.6666666666666666,0.3333333333333333,High,0
22,Prefer not to say,Healthcare,Australia,0.3833333333333332,0.82,0.2,0.509090909090909,0.0,1.0,1.0,High,1
18,Male,Sales,Other,0.2666666666666666,0.8000000000000002,0.2,0.5272727272727272,1.0,0.6666666666666666,0.6666666666666666,High,2
23,Prefer not to say,Other,Australia,0.0166666666666666,0.92,0.7000000000000001,0.5272727272727272,0.5,0.6666666666666666,1.0,High,1
38,Female,Sales,India,0.4666666666666667,0.7200000000000001,1.0,0.8,0.0,0.6666666666666666,1.0,High,1
37,Female,Other,India,0.5499999999999999,0.8000000000000002,0.5,0.6727272727272727,1.0,0.3333333333333333,0.6666666666666666,High,2
60,Non-binary,Education,India,0.45,0.9,0.1,0.1818181818181818,0.5,0.0,0.3333333333333333,Medium,0
36,Non-binary,Healthcare,Germany,0.3833333333333332,0.42,0.6000000000000001,0.1090909090909091,1.0,0.6666666666666666,1.0,High,2
60,Non-binary,IT,Canada,0.45,0.7000000000000001,0.7000000000000001,0.6181818181818182,1.0,0.3333333333333333,0.0,Medium,2
43,Prefer not to say,Healthcare,UK,0.7833333333333331,0.3400000000000001,0.5,0.4181818181818181,1.0,0.0,0.0,Low,2
18,Prefer not to say,IT,USA,0.7833333333333331,0.88,0.1,0.8727272727272727,0.0,0.6666666666666666,0.3333333333333333,High,0
26,Female,Other,Canada,0.6166666666666666,0.94,0.3,0.4909090909090909,1.0,1.0,0.0,High,2
60,Prefer not to say,Finance,Canada,0.9666666666666668,0.9,0.7000000000000001,0.3272727272727272,0.5,0.0,0.6666666666666666,Low,1
42,Male,IT,Other,0.6666666666666666,0.3400000000000001,0.5,0.8181818181818182,1.0,0.6666666666666666,0.3333333333333333,High,2
54,Female,Education,Germany,0.4999999999999999,0.06,0.3,0.3454545454545454,0.5,0.0,1.0,Medium,1
42,Female,Sales,India,0.0333333333333333,0.5200000000000001,0.0,0.6727272727272727,1.0,1.0,0.0,High,2
53,Female,Other,Germany,0.2666666666666666,0.68,0.6000000000000001,0.9818181818181818,1.0,0.3333333333333333,1.0,High,2
42,Prefer not to say,IT,Australia,0.85,1.0,0.4,0.8363636363636363,0.0,0.6666666666666666,0.6666666666666666,High,1
34,Male,Other,UK,0.4166666666666666,0.88,0.0,0.8,0.0,0.6666666666666666,1.0,High,1
43,Prefer not to say,Engineering,Canada,0.3833333333333332,0.3,0.4,0.0909090909090909,0.0,0.0,0.3333333333333333,Low,0
57,Prefer not to say,Education,Other,0.7166666666666667,0.7400000000000001,0.8,0.5636363636363636,1.0,1.0,0.6666666666666666,High,2
49,Prefer not to say,Healthcare,India,0.7666666666666665,0.28,1.0,0.1636363636363636,1.0,0.6666666666666666,0.3333333333333333,Low,2
55,Female,Other,Other,0.7333333333333333,0.7400000000000001,0.1,0.8727272727272727,0.5,1.0,0.3333333333333333,High,0
34,Female,Engineering,Germany,0.2166666666666666,0.5599999999999999,0.7000000000000001,0.4,0.5,0.0,1.0,Medium,1
62,Prefer not to say,Sales,Other,0.5166666666666665,0.04,0.0,0.9272727272727272,0.0,0.0,0.0,Low,0
34,Prefer not to say,Sales,Germany,0.9499999999999998,0.44,0.3,0.7454545454545454,0.0,0.6666666666666666,0.6666666666666666,High,1
57,Male,Finance,Australia,0.0499999999999999,0.7000000000000001,0.7000000000000001,0.8363636363636363,0.5,0.0,1.0,High,1
34,Non-binary,Finance,USA,0.5499999999999999,0.5000000000000001,0.0,0.9090909090909092,1.0,0.6666666666666666,0.0,High,2
57,Female,Sales,UK,0.0333333333333333,0.06,0.2,0.7090909090909091,0.0,0.6666666666666666,1.0,High,1
26,Male,Education,Germany,0.5166666666666665,0.04,0.9,0.8363636363636363,0.5,1.0,0.3333333333333333,Medium,0
21,Female,Sales,India,0.4166666666666666,0.7600000000000001,1.0,0.7636363636363637,0.5,0.6666666666666666,0.3333333333333333,High,0
42,Prefer not to say,Other,Australia,0.7499999999999999,0.62,1.0,0.2,0.5,0.6666666666666666,0.3333333333333333,Low,0
56,Non-binary,Sales,Australia,0.4833333333333333,0.7000000000000001,0.3,0.0545454545454545,1.0,0.3333333333333333,0.3333333333333333,High,2
51,Female,Engineering,UK,0.5333333333333333,0.64,0.8,0.3636363636363636,1.0,0.0,0.6666666666666666,Medium,2
40,Non-binary,Sales,Canada,0.85,0.5599999999999999,0.0,0.4,0.0,0.6666666666666666,0.3333333333333333,Medium,0
64,Male,Other,UK,0.2666666666666666,0.98,0.3,0.8363636363636363,0.0,1.0,0.0,High,0
44,Prefer not to say,Sales,Germany,0.6833333333333332,0.26,0.0,0.8727272727272727,1.0,0.6666666666666666,1.0,High,2
26,Prefer not to say,Healthcare,Other,0.4999999999999999,0.68,0.2,0.0545454545454545,1.0,0.6666666666666666,0.3333333333333333,High,2
24,Male,Education,Australia,0.3333333333333333,0.04,0.1,0.2363636363636363,1.0,0.3333333333333333,0.3333333333333333,Medium,2
63,Non-binary,Education,Germany,0.5499999999999999,0.88,0.8,0.8363636363636363,1.0,0.0,1.0,High,2
19,Male,Education,Canada,0.7833333333333331,0.82,0.2,0.9818181818181818,0.0,1.0,1.0,High,1
21,Prefer not to say,Finance,Other,0.4,0.5400000000000001,0.9,0.6727272727272727,0.5,0.0,0.6666666666666666,Medium,1
47,Prefer not to say,Finance,UK,0.5666666666666668,0.7600000000000001,0.2,0.8727272727272727,0.5,0.6666666666666666,0.6666666666666666,High,1
58,Non-binary,Finance,UK,0.0999999999999999,0.82,0.1,0.7636363636363637,0.0,0.0,0.3333333333333333,High,0
64,Female,Engineering,Canada,0.0499999999999999,0.82,0.3,0.7090909090909091,0.0,0.6666666666666666,1.0,High,1
26,Female,Sales,Germany,0.0999999999999999,0.5599999999999999,0.7000000000000001,0.0909090909090909,1.0,0.6666666666666666,0.0,Medium,2
23,Female,Engineering,USA,0.9,0.5400000000000001,0.1,0.8727272727272727,0.5,0.0,0.3333333333333333,Medium,0
26,Non-binary,Sales,Australia,0.2666666666666666,0.68,0.6000000000000001,0.6,1.0,1.0,0.0,High,2
27,Male,Sales,India,0.0666666666666667,0.3,0.4,0.6,1.0,1.0,1.0,High,2
36,Non-binary,Other,Australia,0.0333333333333333,0.96,0.8,0.7454545454545454,1.0,0.6666666666666666,0.0,High,2
62,Female,Sales,Germany,0.2333333333333334,0.5599999999999999,0.8,0.8,1.0,1.0,0.3333333333333333,High,2
61,Male,Sales,USA,0.2,0.98,0.7000000000000001,0.8727272727272727,0.0,0.6666666666666666,0.6666666666666666,High,1
62,Prefer not to say,Education,Other,0.4333333333333332,0.22,0.0,0.9454545454545454,0.5,0.6666666666666666,0.3333333333333333,High,0
31,Male,Healthcare,Australia,0.9333333333333332,0.7200000000000001,0.1,0.7636363636363637,0.0,1.0,0.3333333333333333,High,0
28,Non-binary,Healthcare,Canada,0.6166666666666666,0.18,0.6000000000000001,0.8181818181818182,0.0,0.3333333333333333,0.0,Low,0
23,Non-binary,Sales,UK,0.1833333333333332,0.7600000000000001,0.0,0.7090909090909091,0.5,0.0,1.0,High,1
19,Female,Finance,Other,0.8333333333333334,0.36,0.3,0.0909090909090909,0.0,1.0,0.0,Low,0
45,Non-binary,Healthcare,Germany,0.2,0.84,0.2,0.2,0.5,0.0,0.0,Medium,0
18,Non-binary,Healthcare,UK,0.35,0.8000000000000002,0.0,0.4545454545454545,0.0,0.6666666666666666,0.3333333333333333,High,0
23,Non-binary,Other,Canada,0.2166666666666666,0.58,0.8,0.9636363636363636,1.0,0.0,0.6666666666666666,High,2
42,Non-binary,IT,India,0.4999999999999999,0.18,0.4,0.7454545454545454,0.0,0.3333333333333333,0.6666666666666666,Medium,1
21,Male,Engineering,UK,0.4333333333333332,0.08,0.2,0.2545454545454545,1.0,1.0,1.0,High,2
28,Prefer not to say,Other,Canada,0.5833333333333334,0.94,0.8,0.7090909090909091,1.0,0.0,1.0,High,2
47,Female,Education,Other,0.2333333333333334,0.62,0.4,0.9454545454545454,0.5,0.0,0.0,Medium,0
46,Prefer not to say,Healthcare,Canada,0.0166666666666666,0.18,0.6000000000000001,0.0545454545454545,0.0,1.0,1.0,Medium,1
60,Male,Other,USA,0.0,0.18,0.4,0.8545454545454546,1.0,0.6666666666666666,0.0,High,2
55,Female,Engineering,India,0.25,0.62,0.6000000000000001,0.2181818181818181,1.0,1.0,0.3333333333333333,High,2
20,Female,Sales,Australia,0.0999999999999999,0.6,0.5,0.4181818181818181,0.5,0.6666666666666666,1.0,High,1
61,Male,IT,India,0.15,0.5200000000000001,0.8,0.3272727272727272,0.0,1.0,1.0,Medium,1
40,Non-binary,Healthcare,Other,0.5666666666666668,0.82,0.5,0.4363636363636363,0.0,1.0,1.0,High,1
29,Female,Other,Other,0.0833333333333333,0.6,0.3,0.9272727272727272,1.0,0.0,0.6666666666666666,High,2
35,Female,Healthcare,Australia,0.8833333333333334,0.24,0.1,0.9090909090909092,0.0,1.0,0.3333333333333333,Medium,0
48,Prefer not to say,Sales,Australia,0.5499999999999999,0.84,0.1,0.5636363636363636,0.0,0.0,0.3333333333333333,Medium,0
62,Non-binary,IT,Other,0.7833333333333331,0.7800000000000001,0.1,0.1818181818181818,0.0,0.3333333333333333,1.0,Medium,1
41,Male,Engineering,USA,0.9333333333333332,0.1,0.3,0.2727272727272727,0.5,0.0,1.0,Low,1
56,Prefer not to say,Sales,Canada,0.9833333333333332,1.0,0.2,0.7636363636363637,0.0,0.3333333333333333,0.0,Medium,0
33,Female,IT,USA,0.5166666666666665,0.5000000000000001,0.1,0.2181818181818181,0.5,0.0,0.6666666666666666,Medium,1
20,Female,Engineering,Australia,0.7333333333333333,0.5400000000000001,1.0,0.0181818181818181,0.5,0.0,0.3333333333333333,Low,0
33,Prefer not to say,Finance,Canada,0.9666666666666668,0.12,1.0,0.2545454545454545,1.0,0.3333333333333333,0.0,Low,2
52,Female,Sales,Australia,0.4666666666666667,0.66,0.1,0.4,0.0,1.0,0.3333333333333333,High,0
36,Male,Sales,Germany,0.0166666666666666,0.0,0.0,0.1090909090909091,0.5,0.0,1.0,Medium,1
20,Male,Other,India,0.9166666666666666,0.98,0.7000000000000001,0.6181818181818182,1.0,0.3333333333333333,0.3333333333333333,Medium,2
55,Non-binary,Sales,Australia,0.2833333333333333,0.7800000000000001,0.0,0.5636363636363636,0.0,1.0,1.0,High,1
33,Female,Engineering,Germany,0.4999999999999999,0.7200000000000001,0.7000000000000001,0.7454545454545454,0.5,1.0,1.0,High,1
61,Male,Other,India,0.0999999999999999,0.08,0.5,0.6,1.0,0.3333333333333333,1.0,High,2
43,Female,Education,UK,0.1333333333333333,0.7400000000000001,0.4,0.6909090909090909,1.0,0.0,0.6666666666666666,High,2
26,Non-binary,IT,Canada,0.7166666666666667,0.5000000000000001,0.5,0.5272727272727272,0.0,0.0,0.3333333333333333,Low,0
39,Prefer not to say,Education,Canada,0.1666666666666666,0.7600000000000001,0.6000000000000001,0.0727272727272727,0.0,1.0,1.0,High,1
56,Male,IT,Other,0.2833333333333333,0.44,0.9,0.8,0.0,0.0,0.0,Low,0
50,Male,Healthcare,Germany,0.4999999999999999,0.4800000000000001,0.5,0.9636363636363636,0.5,0.6666666666666666,0.6666666666666666,High,1
50,Female,IT,USA,0.35,0.3400000000000001,1.0,0.5636363636363636,1.0,1.0,0.0,Medium,2
52,Female,Education,UK,0.1166666666666667,0.5599999999999999,0.7000000000000001,0.5454545454545454,1.0,0.3333333333333333,1.0,High,2
27,Non-binary,Sales,Other,0.7499999999999999,0.26,0.6000000000000001,0.0727272727272727,0.0,0.0,0.0,Low,0
54,Prefer not to say,Education,Germany,0.85,0.7800000000000001,0.6000000000000001,0.8727272727272727,0.0,1.0,0.6666666666666666,High,1
53,Non-binary,Engineering,Canada,0.8666666666666666,0.42,0.8,0.1454545454545454,0.0,0.3333333333333333,1.0,Low,1
27,Prefer not to say,Finance,Germany,0.4999999999999999,0.88,0.8,0.8363636363636363,1.0,1.0,0.3333333333333333,High,2
21,Non-binary,Healthcare,Canada,0.3166666666666667,0.7400000000000001,0.2,0.9636363636363636,0.0,1.0,0.0,High,0
60,Female,Sales,Other,0.15,0.42,0.9,0.1272727272727272,0.0,0.0,1.0,Low,1
29,Non-binary,IT,USA,0.2333333333333334,0.92,0.6000000000000001,0.5636363636363636,1.0,0.6666666666666666,1.0,High,2
55,Non-binary,Other,USA,0.9166666666666666,0.1,1.0,0.8727272727272727,1.0,0.6666666666666666,0.3333333333333333,Medium,2
43,Female,Education,Germany,0.4999999999999999,0.64,0.6000000000000001,0.509090909090909,1.0,0.3333333333333333,0.6666666666666666,High,2
36,Female,Healthcare,Other,0.65,0.86,0.6000000000000001,0.0,1.0,1.0,0.3333333333333333,High,2
49,Prefer not to say,IT,Other,0.2666666666666666,0.96,0.8,0.6181818181818182,0.0,1.0,0.6666666666666666,High,1
59,Non-binary,Sales,UK,0.0833333333333333,0.08,0.7000000000000001,0.1636363636363636,0.0,0.6666666666666666,0.3333333333333333,Low,0
27,Female,Finance,Canada,0.0833333333333333,0.24,0.0,0.6545454545454544,1.0,0.6666666666666666,0.0,High,2
58,Non-binary,Education,Canada,0.3333333333333333,0.16,0.9,0.5272727272727272,0.5,0.0,0.6666666666666666,Low,1
49,Male,Finance,Canada,0.7166666666666667,0.7400000000000001,0.9,0.6909090909090909,0.0,0.0,0.3333333333333333,Low,0
25,Female,Education,Australia,0.6666666666666666,0.5400000000000001,0.9,0.8,1.0,0.6666666666666666,0.6666666666666666,High,2
60,Male,IT,India,0.9333333333333332,0.86,0.9,0.7272727272727273,0.0,0.3333333333333333,1.0,Medium,1
57,Prefer not to say,Engineering,UK,0.8000000000000002,0.14,0.0,0.3454545454545454,0.5,0.3333333333333333,0.0,Low,0
33,Male,Education,Canada,0.0333333333333333,0.08,0.0,0.0181818181818181,0.5,0.6666666666666666,0.0,Medium,0
59,Female,Sales,Other,0.2166666666666666,0.38,0.3,0.4363636363636363,0.0,1.0,0.3333333333333333,High,0
32,Female,Other,India,0.5166666666666665,0.98,0.6000000000000001,0.8727272727272727,1.0,1.0,1.0,High,2
57,Prefer not to say,Other,India,0.4666666666666667,0.2,0.8,0.4545454545454545,0.0,0.0,0.3333333333333333,Low,0
20,Female,Other,USA,0.1333333333333333,0.7000000000000001,0.6000000000000001,0.1090909090909091,0.5,1.0,0.6666666666666666,High,1
62,Non-binary,Education,Germany,0.7333333333333333,0.62,0.3,0.8727272727272727,0.5,1.0,1.0,High,1
31,Prefer not to say,Sales,Other,0.8166666666666668,0.58,0.2,0.2727272727272727,1.0,0.0,0.0,Low,2
30,Female,Healthcare,USA,0.3166666666666667,0.58,0.2,0.7454545454545454,0.5,0.0,1.0,High,1
30,Prefer not to say,Sales,Australia,0.5166666666666665,0.92,0.9,0.4,1.0,0.6666666666666666,1.0,High,2
52,Male,Finance,Other,0.1166666666666667,0.4800000000000001,0.6000000000000001,0.5272727272727272,0.5,0.3333333333333333,0.0,Medium,0
62,Male,Education,USA,0.3166666666666667,0.42,0.1,0.8363636363636363,0.5,0.6666666666666666,1.0,High,1
36,Non-binary,Education,UK,0.45,0.7800000000000001,0.9,0.7818181818181817,1.0,1.0,0.0,High,2
36,Non-binary,Finance,UK,0.0,0.06,0.2,0.8727272727272727,0.5,1.0,0.6666666666666666,High,1
51,Female,Finance,Germany,0.6666666666666666,0.3,0.7000000000000001,0.2727272727272727,0.5,0.3333333333333333,0.3333333333333333,Low,0
42,Non-binary,Engineering,Germany,0.6999999999999998,0.0,0.5,0.509090909090909,0.0,0.0,0.3333333333333333,Low,0
52,Non-binary,Education,India,0.1166666666666667,0.32,0.0,0.890909090909091,0.5,0.6666666666666666,1.0,High,1
18,Prefer not to say,IT,UK,0.7833333333333331,0.6,0.2,0.0363636363636363,0.5,1.0,0.3333333333333333,Medium,0
42,Male,Healthcare,Other,0.3166666666666667,0.98,0.5,0.5818181818181818,1.0,1.0,0.3333333333333333,High,2
60,Female,Healthcare,UK,0.7666666666666665,0.62,0.3,0.6545454545454544,0.0,0.6666666666666666,0.3333333333333333,Medium,0
28,Prefer not to say,Sales,Australia,0.5333333333333333,0.44,0.2,0.3818181818181818,1.0,0.0,0.6666666666666666,High,2
45,Non-binary,Sales,USA,0.4,0.3,0.0,0.0363636363636363,0.5,0.3333333333333333,0.6666666666666666,Medium,1
48,Female,Finance,Germany,0.3666666666666666,0.7200000000000001,0.2,0.6363636363636364,0.0,1.0,0.3333333333333333,High,0
20,Male,Healthcare,USA,0.3666666666666666,0.26,0.2,0.7090909090909091,1.0,0.3333333333333333,0.6666666666666666,High,2
20,Non-binary,Education,Canada,0.7666666666666665,0.08,1.0,0.2181818181818181,0.0,0.6666666666666666,0.6666666666666666,Low,1
61,Non-binary,Sales,India,0.5166666666666665,0.04,0.4,0.3454545454545454,0.5,0.6666666666666666,0.3333333333333333,Medium,0
24,Male,Healthcare,UK,0.5166666666666665,0.7000000000000001,0.1,0.9454545454545454,0.5,1.0,0.3333333333333333,High,0
56,Prefer not to say,Healthcare,Germany,0.85,0.2,0.3,0.2727272727272727,0.0,0.6666666666666666,0.3333333333333333,Low,0
20,Prefer not to say,Other,Canada,0.7333333333333333,0.98,0.2,0.6181818181818182,0.5,0.6666666666666666,0.3333333333333333,High,0
19,Female,Other,Canada,0.9833333333333332,0.18,0.5,0.8363636363636363,0.5,1.0,0.3333333333333333,Medium,0
31,Non-binary,IT,Australia,0.15,0.7800000000000001,0.3,0.1454545454545454,0.0,1.0,1.0,High,1
22,Male,Engineering,India,0.0499999999999999,0.16,0.5,0.9090909090909092,1.0,0.3333333333333333,0.3333333333333333,High,2
32,Male,Engineering,Canada,0.6833333333333332,0.64,0.7000000000000001,0.3454545454545454,0.0,0.6666666666666666,0.0,Low,0
29,Female,Finance,Other,0.0666666666666667,0.5000000000000001,0.3,0.3272727272727272,0.5,0.3333333333333333,0.6666666666666666,High,1
63,Male,Engineering,Germany,0.4833333333333333,0.66,0.0,0.9818181818181818,0.5,1.0,0.0,High,0
52,Prefer not to say,Finance,USA,0.0666666666666667,0.68,0.7000000000000001,0.6909090909090909,0.0,0.6666666666666666,1.0,High,1
48,Male,Other,UK,0.2,0.0,0.2,0.7818181818181817,0.5,0.6666666666666666,0.3333333333333333,High,0
33,Prefer not to say,IT,Other,0.7833333333333331,0.5400000000000001,0.8,0.0181818181818181,0.0,0.3333333333333333,0.6666666666666666,Low,1
43,Non-binary,Sales,UK,0.6999999999999998,0.32,0.9,0.9272727272727272,0.0,0.0,0.0,Low,0
33,Prefer not to say,Sales,UK,0.85,0.04,0.9,0.7818181818181817,1.0,0.0,0.0,Low,2
22,Non-binary,Finance,Germany,0.7166666666666667,0.7200000000000001,0.4,0.4545454545454545,0.5,0.0,0.0,Low,0
53,Prefer not to say,Other,Australia,0.1833333333333332,0.36,0.3,0.8181818181818182,1.0,0.0,0.0,High,2
46,Non-binary,Engineering,Australia,0.5333333333333333,0.38,0.7000000000000001,0.4727272727272728,0.0,1.0,1.0,Medium,1
34,Female,Other,Other,0.2,0.16,0.3,0.2181818181818181,1.0,0.6666666666666666,1.0,High,2
60,Male,Education,Australia,0.3166666666666667,0.28,0.0,0.0545454545454545,1.0,1.0,1.0,High,2
39,Prefer not to say,Other,USA,0.35,0.0,0.8,0.2545454545454545,0.0,0.6666666666666666,0.3333333333333333,Low,0
32,Prefer not to say,IT,Canada,0.3166666666666667,0.66,0.5,0.4545454545454545,0.0,0.0,0.3333333333333333,Medium,0
34,Prefer not to say,Healthcare,Other,0.0333333333333333,0.82,0.2,0.2363636363636363,1.0,0.3333333333333333,0.3333333333333333,High,2
28,Male,Other,Other,0.2999999999999999,0.28,0.9,0.1454545454545454,1.0,0.0,0.3333333333333333,Low,2
40,Male,IT,Canada,0.4166666666666666,0.08,0.3,0.4181818181818181,0.5,1.0,0.0,Medium,0
64,Prefer not to say,Sales,India,0.0,0.2,0.5,0.2,0.0,1.0,1.0,Medium,1
59,Non-binary,Engineering,UK,0.9833333333333332,0.3400000000000001,0.2,0.2363636363636363,0.5,0.3333333333333333,0.0,Low,0
40,Non-binary,Finance,Canada,0.5166666666666665,0.22,0.3,0.0727272727272727,1.0,1.0,0.0,Medium,2
39,Prefer not to say,IT,Other,0.5166666666666665,0.7200000000000001,0.2,0.4181818181818181,0.5,0.0,0.0,Medium,0
26,Male,Finance,India,0.7166666666666667,0.5599999999999999,0.1,0.1818181818181818,1.0,0.6666666666666666,0.6666666666666666,High,2
45,Female,IT,India,0.3833333333333332,0.14,0.2,0.6181818181818182,1.0,0.3333333333333333,0.0,Medium,2
23,Non-binary,IT,Australia,0.9,0.1,0.4,0.2,0.0,1.0,0.3333333333333333,Low,0
25,Non-binary,Engineering,India,0.4666666666666667,1.0,0.0,0.4545454545454545,0.5,0.0,0.0,Medium,0
27,Female,Finance,Germany,0.6,0.42,1.0,0.6,1.0,0.0,0.0,Low,2
46,Female,Other,UK,0.8666666666666666,0.82,0.6000000000000001,0.5272727272727272,0.0,0.6666666666666666,0.3333333333333333,Medium,0
42,Male,Other,USA,0.4,0.7800000000000001,0.2,0.2,0.5,0.3333333333333333,1.0,High,1
55,Male,Education,UK,0.1833333333333332,0.1,0.9,0.0909090909090909,0.5,0.0,0.0,Low,0
48,Female,Sales,USA,0.2166666666666666,0.5000000000000001,0.9,0.1090909090909091,0.0,0.0,1.0,Low,1
52,Non-binary,Healthcare,Other,0.3333333333333333,0.7400000000000001,0.1,0.6727272727272727,0.0,0.3333333333333333,0.3333333333333333,High,0
43,Prefer not to say,IT,Canada,0.3333333333333333,0.5000000000000001,0.1,0.8545454545454546,0.5,0.0,1.0,High,1
64,Prefer not to say,Education,Canada,0.9499999999999998,0.2,0.4,0.0909090909090909,1.0,0.0,0.3333333333333333,Low,2
62,Prefer not to say,Engineering,Australia,0.9333333333333332,0.86,1.0,0.2,0.5,1.0,0.0,Low,0
27,Non-binary,Healthcare,Canada,0.2833333333333333,0.24,0.0,0.8,1.0,0.3333333333333333,0.6666666666666666,High,2
37,Female,Engineering,USA,0.3833333333333332,0.04,1.0,0.5818181818181818,0.5,1.0,1.0,Medium,1
42,Prefer not to say,Education,Other,0.0999999999999999,0.4,0.8,0.5636363636363636,0.0,0.3333333333333333,1.0,Medium,1
32,Female,Engineering,Australia,0.5166666666666665,0.84,0.6000000000000001,0.6727272727272727,1.0,0.6666666666666666,1.0,High,2
57,Male,Sales,Canada,0.85,0.6,0.2,0.1636363636363636,1.0,0.6666666666666666,0.6666666666666666,High,2
42,Male,IT,Canada,0.6666666666666666,0.3,0.3,0.8545454545454546,0.5,0.0,0.0,Low,0
61,Prefer not to say,Education,USA,0.7333333333333333,0.4600000000000001,0.4,0.0545454545454545,0.0,0.3333333333333333,0.6666666666666666,Low,1
59,Non-binary,Other,Australia,0.25,0.22,0.6000000000000001,0.6545454545454544,0.0,0.0,0.3333333333333333,Low,0
32,Male,Other,USA,0.25,0.8000000000000002,0.3,0.6,0.0,1.0,0.3333333333333333,High,0
26,Female,Sales,Australia,0.2,0.96,0.5,0.7818181818181817,1.0,0.6666666666666666,0.0,High,2
43,Female,Healthcare,Germany,0.4166666666666666,0.8000000000000002,1.0,0.2,1.0,0.6666666666666666,0.0,Medium,2
37,Prefer not to say,Engineering,UK,0.5333333333333333,0.08,0.1,0.890909090909091,1.0,0.0,0.6666666666666666,High,2
64,Female,Engineering,Germany,0.4333333333333332,0.5000000000000001,0.2,0.6545454545454544,1.0,0.0,1.0,High,2
24,Female,Sales,Germany,0.1333333333333333,0.08,0.6000000000000001,0.9272727272727272,0.0,1.0,0.0,Medium,0
41,Female,Other,USA,0.1666666666666666,0.06,0.7000000000000001,0.1272727272727272,0.5,0.3333333333333333,0.3333333333333333,Low,0
55,Female,IT,India,0.85,0.02,0.6000000000000001,0.6181818181818182,0.0,0.6666666666666666,0.3333333333333333,Low,0
26,Male,Other,India,0.3166666666666667,0.5599999999999999,0.7000000000000001,0.8545454545454546,1.0,1.0,0.3333333333333333,High,2
25,Female,Finance,USA,0.6666666666666666,0.4,0.3,0.6727272727272727,1.0,0.6666666666666666,1.0,High,2
19,Female,Sales,Australia,0.25,0.8000000000000002,0.7000000000000001,0.9090909090909092,1.0,0.0,1.0,High,2
37,Prefer not to say,Sales,India,0.9166666666666666,0.08,0.6000000000000001,0.4545454545454545,1.0,0.3333333333333333,0.6666666666666666,Medium,2
57,Female,Other,India,0.1333333333333333,0.5400000000000001,0.5,0.3090909090909091,1.0,0.0,0.3333333333333333,Medium,2
29,Non-binary,Other,Other,0.8333333333333334,0.5599999999999999,0.8,0.5818181818181818,1.0,1.0,0.3333333333333333,Medium,2
60,Prefer not to say,Other,Other,0.3833333333333332,0.28,0.6000000000000001,0.2181818181818181,0.0,0.3333333333333333,1.0,Low,1
21,Prefer not to say,Engineering,Canada,0.2666666666666666,0.12,0.1,0.2545454545454545,1.0,0.6666666666666666,0.3333333333333333,High,2
37,Female,Healthcare,UK,0.6999999999999998,0.98,0.2,0.3818181818181818,0.0,0.0,0.0,Low,0
55,Female,Engineering,India,0.2666666666666666,0.68,0.1,0.2909090909090909,0.5,0.3333333333333333,0.3333333333333333,High,0
32,Male,Education,Australia,0.9833333333333332,0.82,0.3,0.0,0.0,0.3333333333333333,0.0,Low,0
39,Prefer not to say,IT,UK,0.4666666666666667,0.1,0.4,0.2909090909090909,0.0,0.6666666666666666,0.0,Low,0
29,Female,Sales,USA,0.1833333333333332,0.38,0.0,0.5454545454545454,0.5,0.6666666666666666,1.0,High,1
57,Female,Other,Canada,0.6333333333333332,0.02,0.8,0.9818181818181818,1.0,0.0,1.0,Medium,2
19,Male,Finance,Other,0.0999999999999999,0.7800000000000001,0.3,0.9090909090909092,0.5,0.3333333333333333,0.3333333333333333,High,0
52,Non-binary,Finance,Other,0.2,0.68,0.5,0.4727272727272728,1.0,0.3333333333333333,0.6666666666666666,High,2
50,Male,Education,Canada,0.1166666666666667,0.24,0.0,0.9818181818181818,1.0,1.0,0.3333333333333333,High,2
37,Female,Education,UK,0.5833333333333334,0.42,0.1,0.9090909090909092,0.0,0.3333333333333333,0.0,Medium,0
29,Non-binary,Education,India,0.35,0.44,0.6000000000000001,0.0181818181818181,0.5,0.3333333333333333,0.6666666666666666,Medium,1
53,Prefer not to say,Engineering,India,0.4666666666666667,0.62,0.4,0.6909090909090909,0.0,0.6666666666666666,0.6666666666666666,High,1
30,Prefer not to say,Other,Canada,0.2333333333333334,0.88,0.5,0.7090909090909091,1.0,0.6666666666666666,1.0,High,2
37,Female,IT,Germany,0.0833333333333333,0.1,0.6000000000000001,0.7272727272727273,1.0,1.0,0.6666666666666666,High,2
36,Female,IT,UK,0.7333333333333333,0.5400000000000001,0.0,0.4909090909090909,0.5,0.6666666666666666,1.0,High,1
20,Non-binary,Finance,UK,0.7833333333333331,0.7800000000000001,0.0,0.4,1.0,0.3333333333333333,1.0,High,2
26,Prefer not to say,Healthcare,UK,0.65,0.7600000000000001,0.5,0.509090909090909,0.0,0.0,0.0,Low,0
33,Female,IT,India,0.4666666666666667,0.08,0.6000000000000001,0.4,0.0,1.0,0.0,Low,0
65,Female,Other,Canada,0.25,0.12,0.2,0.6363636363636364,0.5,0.3333333333333333,0.0,Medium,0
56,Male,Sales,Germany,0.8000000000000002,0.9,0.9,0.2727272727272727,1.0,0.6666666666666666,0.3333333333333333,Medium,2
38,Prefer not to say,IT,USA,0.8000000000000002,0.18,0.0,0.9272727272727272,0.0,0.3333333333333333,0.6666666666666666,Medium,1
32,Prefer not to say,Education,Australia,0.45,0.7800000000000001,0.5,0.6545454545454544,0.5,0.3333333333333333,0.6666666666666666,High,1
36,Non-binary,Healthcare,Canada,0.2,0.08,0.2,0.6727272727272727,0.5,0.3333333333333333,0.3333333333333333,High,0
50,Non-binary,IT,Other,0.8333333333333334,0.04,0.6000000000000001,0.4909090909090909,0.5,0.3333333333333333,0.0,Low,0
33,Male,Sales,UK,0.9166666666666666,0.32,0.8,0.3090909090909091,0.0,0.6666666666666666,1.0,Low,1
56,Non-binary,Education,USA,0.8833333333333334,0.0,0.6000000000000001,0.8727272727272727,0.0,0.0,0.3333333333333333,Low,0
30,Prefer not to say,Engineering,Canada,0.0,0.2,0.7000000000000001,0.2,0.5,0.0,0.6666666666666666,Low,1
39,Prefer not to say,Sales,Canada,0.6,0.2,0.1,0.3636363636363636,1.0,1.0,0.3333333333333333,High,2
35,Female,IT,Other,0.0166666666666666,0.7200000000000001,0.5,0.2909090909090909,0.5,0.3333333333333333,1.0,High,1
34,Prefer not to say,Finance,Canada,0.8166666666666668,0.2,0.9,0.2,0.0,0.0,0.0,Low,0
45,Male,Other,Other,0.8333333333333334,0.14,0.2,0.9636363636363636,1.0,0.6666666666666666,0.3333333333333333,High,2
19,Prefer not to say,Finance,Australia,0.2166666666666666,0.7000000000000001,1.0,0.6545454545454544,0.0,0.0,1.0,Medium,1
54,Male,Finance,USA,0.1666666666666666,0.5200000000000001,0.0,0.4,1.0,1.0,0.3333333333333333,High,2
53,Non-binary,Finance,Other,0.6166666666666666,0.08,0.6000000000000001,0.1272727272727272,0.5,0.6666666666666666,0.0,Low,0
53,Male,Finance,Australia,0.5666666666666668,0.8000000000000002,0.5,0.6,0.5,0.3333333333333333,0.0,Medium,0
46,Non-binary,Healthcare,India,0.6666666666666666,0.18,0.4,0.1272727272727272,0.0,1.0,0.6666666666666666,Low,1
56,Female,IT,Germany,0.5833333333333334,0.0,0.8,0.4727272727272728,0.5,0.6666666666666666,0.6666666666666666,Medium,1
44,Non-binary,Engineering,USA,0.4833333333333333,0.7600000000000001,0.3,0.9090909090909092,0.5,1.0,1.0,High,1
22,Male,IT,UK,0.9,0.82,0.0,0.5272727272727272,1.0,0.0,0.6666666666666666,High,2
24,Prefer not to say,Healthcare,UK,0.0166666666666666,0.0,0.3,0.0545454545454545,0.0,0.3333333333333333,0.0,Low,0
41,Female,IT,Other,0.15,0.36,1.0,0.2,1.0,0.0,0.0,Low,2
53,Non-binary,Engineering,Germany,0.0499999999999999,0.92,0.7000000000000001,0.7090909090909091,1.0,1.0,0.0,High,2
51,Non-binary,Sales,Canada,0.0333333333333333,0.1,0.1,0.4,1.0,1.0,0.3333333333333333,High,2
30,Female,Education,Other,0.35,0.82,0.7000000000000001,0.3090909090909091,1.0,0.0,0.0,Low,2
40,Male,Other,India,0.25,0.32,0.4,0.6909090909090909,0.5,0.6666666666666666,0.6666666666666666,High,1
42,Female,Education,Germany,0.6,0.6,1.0,0.4545454545454545,0.0,0.3333333333333333,0.3333333333333333,Low,0
49,Male,Engineering,Germany,0.9499999999999998,0.3,1.0,0.1818181818181818,0.5,1.0,1.0,Low,1
22,Female,Engineering,India,0.9666666666666668,0.96,0.3,0.3454545454545454,0.5,0.6666666666666666,0.3333333333333333,High,0
53,Female,Healthcare,Australia,0.1333333333333333,0.4800000000000001,0.1,0.9636363636363636,0.0,0.0,0.0,Medium,0
20,Prefer not to say,Education,Australia,0.6666666666666666,0.0,0.5,0.6909090909090909,0.5,1.0,0.3333333333333333,Medium,0
61,Non-binary,Other,Germany,0.6666666666666666,0.38,0.3,0.3272727272727272,1.0,1.0,0.6666666666666666,High,2
58,Female,Engineering,USA,0.2,0.84,0.0,0.890909090909091,0.5,0.0,1.0,High,1
23,Male,Finance,Other,0.4166666666666666,0.98,0.8,0.2727272727272727,0.5,0.3333333333333333,0.0,Low,0
45,Male,Healthcare,Germany,0.0666666666666667,0.7400000000000001,0.3,0.7090909090909091,1.0,0.3333333333333333,1.0,High,2
20,Male,IT,USA,0.3333333333333333,0.4600000000000001,0.8,0.7090909090909091,0.0,1.0,0.3333333333333333,Medium,0
25,Non-binary,Sales,Australia,0.7833333333333331,0.3,0.2,0.0727272727272727,0.0,0.3333333333333333,0.6666666666666666,Low,1
57,Prefer not to say,Healthcare,Other,0.9,0.7800000000000001,0.0,0.0727272727272727,0.0,1.0,0.3333333333333333,Medium,0
33,Male,Healthcare,UK,0.35,0.84,0.9,1.0,1.0,1.0,0.0,High,2
49,Female,Other,Australia,0.7166666666666667,1.0,0.2,0.8,1.0,0.0,1.0,High,2
24,Male,Healthcare,Canada,0.7666666666666665,0.8000000000000002,0.0,0.6363636363636364,0.5,0.3333333333333333,1.0,High,1
34,Non-binary,Sales,Australia,0.2,0.7400000000000001,1.0,0.9090909090909092,1.0,1.0,0.3333333333333333,High,2
18,Male,Education,UK,0.2166666666666666,0.82,0.9,0.8,1.0,0.0,1.0,High,2
42,Non-binary,Other,Canada,0.0,0.1,0.2,0.3818181818181818,1.0,0.0,0.6666666666666666,High,2
29,Non-binary,Sales,Other,0.4333333333333332,0.38,0.4,0.4363636363636363,0.5,0.0,0.0,Low,0
46,Prefer not to say,Sales,USA,0.3333333333333333,0.98,0.8,0.7818181818181817,0.0,0.6666666666666666,0.0,Medium,0
54,Non-binary,Sales,UK,0.7333333333333333,0.66,0.7000000000000001,0.0909090909090909,0.0,1.0,0.0,Low,0
52,Female,Other,USA,0.3833333333333332,0.88,0.7000000000000001,0.7454545454545454,0.5,0.3333333333333333,1.0,High,1
35,Female,Sales,India,0.2333333333333334,0.8000000000000002,0.8,0.9090909090909092,0.5,1.0,0.3333333333333333,High,0
56,Female,Sales,Canada,0.6166666666666666,0.8000000000000002,0.1,0.4909090909090909,0.0,0.6666666666666666,1.0,High,1
30,Male,Finance,India,0.45,0.3,0.9,0.0727272727272727,0.5,0.6666666666666666,0.0,Low,0
64,Female,Finance,Australia,0.85,0.24,0.9,0.5636363636363636,0.0,0.0,0.6666666666666666,Low,1
42,Male,Education,Other,0.4166666666666666,0.5599999999999999,0.4,0.8727272727272727,1.0,1.0,0.0,High,2
41,Male,IT,Australia,0.8000000000000002,0.4,0.3,0.4727272727272728,0.0,0.0,0.0,Low,0
18,Male,Sales,USA,0.1333333333333333,0.66,0.2,0.1454545454545454,1.0,0.6666666666666666,1.0,High,2
31,Male,Sales,Germany,0.9833333333333332,0.16,0.4,0.7818181818181817,0.0,1.0,1.0,Medium,1
23,Male,Sales,India,0.15,0.42,1.0,0.890909090909091,1.0,1.0,0.3333333333333333,High,2
39,Male,Sales,Other,0.0333333333333333,0.7200000000000001,0.5,0.6909090909090909,1.0,0.3333333333333333,0.3333333333333333,High,2
37,Male,IT,India,0.5833333333333334,0.3400000000000001,0.5,0.8363636363636363,0.5,0.3333333333333333,1.0,High,1
26,Female,Engineering,Germany,0.45,0.24,0.8,0.509090909090909,0.0,1.0,0.3333333333333333,Low,0
26,Female,Finance,India,0.6833333333333332,0.5200000000000001,0.7000000000000001,0.2727272727272727,1.0,0.6666666666666666,0.6666666666666666,Medium,2
24,Female,Finance,Canada,0.8000000000000002,0.26,0.1,0.9454545454545454,0.5,0.6666666666666666,0.0,Medium,0
57,Male,Other,India,0.6333333333333332,0.04,0.9,0.9454545454545454,0.0,0.6666666666666666,0.6666666666666666,Medium,1
33,Female,Healthcare,USA,0.2999999999999999,0.32,0.5,0.8545454545454546,1.0,1.0,0.3333333333333333,High,2
40,Non-binary,IT,Australia,0.2333333333333334,0.42,0.0,0.7090909090909091,0.5,0.3333333333333333,0.6666666666666666,High,1
40,Female,Education,Germany,0.1666666666666666,0.68,0.5,0.8727272727272727,0.5,1.0,1.0,High,1
21,Female,Engineering,UK,0.1833333333333332,0.24,0.4,0.9818181818181818,0.5,0.6666666666666666,0.3333333333333333,High,0
29,Female,Engineering,UK,0.7499999999999999,1.0,0.0,0.7636363636363637,0.5,0.0,0.6666666666666666,High,1
25,Non-binary,Finance,Canada,0.3333333333333333,0.84,0.3,0.4363636363636363,1.0,0.0,0.6666666666666666,High,2
55,Female,IT,USA,0.0999999999999999,0.04,0.5,0.6181818181818182,0.5,0.6666666666666666,0.0,Medium,0
55,Female,Finance,India,0.3333333333333333,0.44,1.0,0.0363636363636363,0.0,0.0,1.0,Low,1
23,Prefer not to say,Finance,India,0.4833333333333333,0.6,0.0,0.2363636363636363,1.0,0.6666666666666666,1.0,High,2
61,Prefer not to say,Other,Other,0.9833333333333332,0.14,0.1,0.8,1.0,1.0,0.6666666666666666,High,2
45,Prefer not to say,Other,Australia,0.45,0.7800000000000001,0.5,0.8727272727272727,0.5,1.0,0.0,High,0
46,Female,Other,Australia,0.3166666666666667,0.5200000000000001,1.0,0.2181818181818181,0.0,0.0,0.6666666666666666,Low,1
34,Non-binary,Other,UK,0.2333333333333334,0.66,0.6000000000000001,0.7636363636363637,1.0,0.6666666666666666,0.3333333333333333,High,2
57,Female,Healthcare,USA,0.9,0.5000000000000001,0.0,0.2909090909090909,1.0,0.6666666666666666,0.0,Medium,2
31,Prefer not to say,IT,Germany,0.25,0.7800000000000001,0.4,0.7090909090909091,0.5,0.3333333333333333,0.6666666666666666,High,1
54,Female,IT,Other,0.0333333333333333,0.26,0.3,0.4545454545454545,1.0,0.0,0.0,Medium,2
46,Male,IT,UK,0.5333333333333333,0.8000000000000002,0.9,0.5454545454545454,0.5,0.6666666666666666,0.0,Medium,0
27,Female,Healthcare,India,0.4999999999999999,0.86,0.9,0.2727272727272727,0.5,0.6666666666666666,0.3333333333333333,Medium,0
49,Prefer not to say,Education,Canada,0.6999999999999998,0.12,0.5,0.8363636363636363,1.0,1.0,0.6666666666666666,High,2
62,Male,IT,Canada,0.0833333333333333,0.9,0.1,0.9818181818181818,0.5,0.3333333333333333,1.0,High,1
27,Prefer not to say,Other,Other,0.9,0.38,0.6000000000000001,0.0545454545454545,0.5,0.3333333333333333,0.0,Low,0
46,Female,Finance,Germany,0.7333333333333333,0.98,0.5,0.4181818181818181,0.5,1.0,0.0,Medium,0
57,Prefer not to say,Finance,Germany,0.6166666666666666,0.16,1.0,0.7636363636363637,0.0,0.0,0.6666666666666666,Low,1
22,Male,Sales,India,0.8833333333333334,0.0,0.4,0.0545454545454545,0.5,0.3333333333333333,0.3333333333333333,Low,0
55,Prefer not to say,Engineering,Canada,0.7666666666666665,0.9,0.0,0.9818181818181818,1.0,0.6666666666666666,1.0,High,2
62,Female,Engineering,Germany,0.7166666666666667,0.7200000000000001,1.0,0.1090909090909091,1.0,0.6666666666666666,0.3333333333333333,Medium,2
39,Female,IT,USA,0.15,0.8000000000000002,0.6000000000000001,0.1636363636363636,0.0,0.6666666666666666,0.6666666666666666,High,1
19,Male,Engineering,Australia,0.9833333333333332,0.64,0.4,0.3272727272727272,0.0,0.6666666666666666,0.3333333333333333,Low,0
42,Non-binary,IT,India,0.6166666666666666,0.5599999999999999,0.4,0.4545454545454545,1.0,0.0,0.3333333333333333,Medium,2
41,Prefer not to say,Other,Other,0.5166666666666665,0.02,0.4,0.1818181818181818,0.0,1.0,0.0,Low,0
61,Prefer not to say,Engineering,India,0.0833333333333333,0.28,1.0,0.2545454545454545,0.0,0.3333333333333333,0.6666666666666666,Low,1
43,Non-binary,Education,Germany,0.8833333333333334,0.7000000000000001,1.0,0.6909090909090909,1.0,1.0,0.3333333333333333,High,2
29,Female,Other,UK,0.3333333333333333,0.3400000000000001,1.0,0.0363636363636363,0.5,0.6666666666666666,0.0,Low,0
37,Prefer not to say,Education,Australia,0.65,0.8000000000000002,0.3,0.4363636363636363,1.0,0.3333333333333333,0.0,High,2
53,Female,Education,Germany,0.3666666666666666,0.4600000000000001,0.1,0.6545454545454544,1.0,0.6666666666666666,0.0,High,2
43,Male,Other,UK,0.1166666666666667,0.24,0.1,0.8181818181818182,0.5,0.6666666666666666,1.0,High,1
19,Non-binary,Engineering,India,0.0833333333333333,0.14,0.6000000000000001,0.7090909090909091,0.5,0.3333333333333333,0.0,Medium,0
55,Prefer not to say,Healthcare,UK,0.5666666666666668,0.66,0.4,0.4909090909090909,0.0,0.6666666666666666,0.0,Medium,0
65,Prefer not to say,Finance,Germany,0.7666666666666665,0.84,0.6000000000000001,0.9636363636363636,1.0,0.6666666666666666,1.0,High,2
47,Non-binary,IT,Australia,0.8166666666666668,0.22,0.0,0.0181818181818181,0.5,1.0,1.0,Medium,1
43,Female,Education,Germany,0.9333333333333332,0.68,0.4,0.6909090909090909,1.0,0.6666666666666666,0.3333333333333333,High,2
55,Female,IT,Other,0.15,0.5200000000000001,0.2,0.4,0.5,0.3333333333333333,0.6666666666666666,High,1
24,Non-binary,IT,Australia,0.1166666666666667,0.58,0.0,0.2181818181818181,0.0,0.0,1.0,Medium,1
58,Prefer not to say,Healthcare,Canada,0.0999999999999999,0.7600000000000001,0.3,0.4727272727272728,0.5,0.3333333333333333,1.0,High,1
37,Male,Education,Australia,0.9333333333333332,0.32,0.4,0.7090909090909091,1.0,0.0,1.0,Medium,2
63,Male,Finance,UK,0.0833333333333333,0.22,0.4,0.6181818181818182,0.5,0.0,0.6666666666666666,Medium,1
42,Male,Finance,Australia,0.2833333333333333,0.82,0.2,0.2727272727272727,0.5,0.6666666666666666,0.6666666666666666,High,1
30,Prefer not to say,Sales,Germany,0.8166666666666668,0.7200000000000001,0.4,0.4909090909090909,1.0,1.0,1.0,High,2
63,Female,Education,Australia,0.7833333333333331,0.64,0.3,0.1090909090909091,0.0,0.6666666666666666,0.0,Low,0
32,Prefer not to say,IT,USA,0.45,0.94,0.9,0.5636363636363636,0.5,0.0,1.0,Medium,1
44,Female,Sales,Canada,0.5166666666666665,0.82,0.9,0.0,1.0,0.0,1.0,Medium,2
62,Prefer not to say,Other,USA,0.0666666666666667,0.94,0.2,0.4363636363636363,1.0,0.0,0.6666666666666666,High,2
26,Male,Education,Canada,0.2166666666666666,0.5200000000000001,0.8,0.5636363636363636,1.0,0.3333333333333333,0.6666666666666666,High,2
40,Non-binary,Engineering,Australia,0.6333333333333332,0.5599999999999999,0.6000000000000001,0.8181818181818182,1.0,0.6666666666666666,0.6666666666666666,High,2
64,Prefer not to say,Engineering,USA,0.3166666666666667,0.5200000000000001,0.0,0.2909090909090909,0.0,0.6666666666666666,0.0,Medium,0
30,Prefer not to say,Sales,India,0.6999999999999998,0.26,0.9,0.3090909090909091,1.0,0.0,0.3333333333333333,Low,2
26,Non-binary,Education,UK,0.2666666666666666,0.7200000000000001,0.8,0.0727272727272727,1.0,0.0,0.3333333333333333,Medium,2
62,Prefer not to say,Education,Germany,0.7499999999999999,0.3400000000000001,0.8,0.0545454545454545,0.0,0.3333333333333333,0.0,Low,0
59,Female,Sales,Other,0.9833333333333332,0.22,0.8,0.5818181818181818,1.0,0.0,0.3333333333333333,Low,2
53,Male,Healthcare,Canada,0.4166666666666666,0.64,0.1,0.8727272727272727,0.0,0.3333333333333333,0.6666666666666666,High,1
60,Non-binary,Finance,Germany,0.9499999999999998,0.6,0.3,0.0545454545454545,0.0,1.0,1.0,Medium,1
31,Male,IT,India,0.0499999999999999,0.5400000000000001,0.5,0.5454545454545454,0.5,0.3333333333333333,0.6666666666666666,High,1
49,Non-binary,Sales,UK,0.7833333333333331,0.36,0.6000000000000001,0.7454545454545454,1.0,1.0,0.6666666666666666,High,2
40,Female,Education,Germany,0.4333333333333332,1.0,0.2,0.2909090909090909,1.0,0.6666666666666666,0.0,High,2
20,Male,Sales,Other,0.0999999999999999,0.16,0.4,0.2181818181818181,0.5,1.0,0.3333333333333333,Medium,0
33,Prefer not to say,Healthcare,Australia,0.8666666666666666,0.7400000000000001,0.5,0.8363636363636363,0.0,0.6666666666666666,0.6666666666666666,High,1
44,Female,Engineering,Germany,0.4333333333333332,0.8000000000000002,0.1,0.2363636363636363,0.0,1.0,1.0,High,1
32,Female,Healthcare,Canada,0.3666666666666666,0.12,1.0,0.0545454545454545,0.0,1.0,0.0,Low,0
33,Prefer not to say,Healthcare,Germany,0.35,0.42,0.0,0.4363636363636363,0.0,0.6666666666666666,0.0,Medium,0
46,Prefer not to say,Sales,Other,0.8166666666666668,0.08,0.7000000000000001,0.7272727272727273,1.0,0.0,0.0,Low,2
42,Male,Other,Australia,0.5499999999999999,0.5200000000000001,0.3,0.6909090909090909,0.0,0.6666666666666666,0.3333333333333333,High,0
60,Female,Other,UK,0.0666666666666667,0.82,1.0,0.8363636363636363,0.0,0.6666666666666666,1.0,High,1
62,Female,Other,UK,0.6,0.7400000000000001,0.5,0.0545454545454545,0.0,0.3333333333333333,0.6666666666666666,Medium,1
19,Prefer not to say,Other,India,0.2166666666666666,0.12,0.2,0.8727272727272727,1.0,0.0,0.6666666666666666,High,2
23,Prefer not to say,IT,USA,0.2666666666666666,0.28,0.9,0.0545454545454545,0.5,0.0,0.0,Low,0
19,Male,Finance,Other,0.3333333333333333,0.28,0.6000000000000001,0.509090909090909,0.0,1.0,1.0,Medium,1
57,Female,Healthcare,Canada,0.9666666666666668,0.32,0.7000000000000001,0.9090909090909092,1.0,0.0,0.0,Low,2
56,Female,Sales,Australia,0.2833333333333333,0.98,0.5,0.1272727272727272,1.0,1.0,0.0,High,2
37,Female,Education,USA,0.1666666666666666,0.28,0.5,0.8181818181818182,1.0,1.0,0.0,High,2
22,Non-binary,Other,Other,0.5333333333333333,0.84,0.1,0.4727272727272728,1.0,0.0,1.0,High,2
57,Male,Other,Other,0.4666666666666667,0.0,0.2,0.5636363636363636,1.0,0.6666666666666666,0.6666666666666666,High,2
42,Female,IT,UK,0.2833333333333333,0.12,1.0,0.8545454545454546,1.0,1.0,1.0,High,2
28,Prefer not to say,Other,Germany,0.5833333333333334,0.86,0.3,0.6181818181818182,0.5,1.0,1.0,High,1
46,Prefer not to say,IT,UK,0.2166666666666666,0.18,0.1,0.5272727272727272,0.0,0.6666666666666666,1.0,High,1
31,Non-binary,Sales,Australia,0.2999999999999999,0.96,0.0,0.9272727272727272,0.0,0.0,1.0,High,1
26,Prefer not to say,Healthcare,UK,0.4999999999999999,0.4800000000000001,0.1,0.6909090909090909,1.0,0.6666666666666666,0.6666666666666666,High,2
23,Prefer not to say,Engineering,UK,0.4166666666666666,0.04,0.0,0.7090909090909091,1.0,0.0,1.0,High,2
45,Non-binary,Engineering,Australia,0.9166666666666666,0.5599999999999999,0.5,0.3818181818181818,0.0,0.3333333333333333,0.0,Low,0
18,Female,Sales,Australia,0.5166666666666665,0.8000000000000002,0.9,0.7272727272727273,0.0,1.0,0.6666666666666666,High,1
40,Non-binary,Finance,Canada,0.85,0.5400000000000001,0.0,0.0181818181818181,0.0,0.6666666666666666,0.0,Low,0
39,Prefer not to say,IT,Other,0.0333333333333333,0.06,0.7000000000000001,0.9454545454545454,0.5,0.3333333333333333,0.3333333333333333,Medium,0
37,Prefer not to say,Sales,Australia,0.6833333333333332,0.08,0.0,0.3818181818181818,1.0,0.6666666666666666,1.0,High,2
62,Male,Education,Germany,0.6833333333333332,0.3400000000000001,0.8,0.8545454545454546,0.5,0.3333333333333333,0.0,Low,0
24,Non-binary,Engineering,Germany,0.3666666666666666,0.16,0.3,0.0545454545454545,0.0,0.3333333333333333,0.0,Low,0
47,Prefer not to say,Healthcare,USA,0.0833333333333333,0.08,1.0,0.9636363636363636,1.0,1.0,0.3333333333333333,High,2
47,Non-binary,Healthcare,UK,0.0999999999999999,0.98,1.0,0.4909090909090909,0.0,0.0,0.0,Low,0
25,Prefer not to say,Finance,Canada,0.7833333333333331,0.96,0.0,0.2363636363636363,1.0,0.0,0.3333333333333333,Medium,2
57,Female,Other,Germany,0.1666666666666666,0.8000000000000002,0.9,0.3818181818181818,1.0,0.3333333333333333,0.3333333333333333,High,2
48,Male,Healthcare,Germany,0.3833333333333332,0.7400000000000001,0.5,0.5636363636363636,0.5,1.0,0.3333333333333333,High,0
51,Non-binary,Sales,UK,0.8166666666666668,0.7200000000000001,0.3,0.4363636363636363,0.5,0.3333333333333333,0.6666666666666666,High,1
41,Male,Other,USA,0.6333333333333332,0.64,0.5,0.3818181818181818,0.0,0.0,0.0,Low,0
50,Male,IT,Canada,0.65,0.86,0.9,0.890909090909091,1.0,0.3333333333333333,0.6666666666666666,High,2
32,Male,Education,Australia,1.0,0.6,0.0,0.1272727272727272,1.0,0.0,0.0,Low,2
34,Male,Engineering,Germany,0.7666666666666665,0.86,0.2,0.8,1.0,0.6666666666666666,1.0,High,2
51,Prefer not to say,Finance,India,0.2333333333333334,0.18,0.2,0.6727272727272727,0.5,0.3333333333333333,1.0,High,1
20,Non-binary,IT,USA,0.1166666666666667,0.66,0.7000000000000001,0.6909090909090909,0.5,0.6666666666666666,0.0,High,0
43,Female,IT,UK,0.9833333333333332,0.04,0.9,0.1818181818181818,0.5,0.0,0.6666666666666666,Low,1
50,Male,Finance,Australia,0.4333333333333332,0.32,0.4,0.3818181818181818,0.0,0.6666666666666666,1.0,Medium,1
39,Non-binary,Engineering,UK,0.1333333333333333,0.7000000000000001,0.5,0.7272727272727273,1.0,1.0,0.0,High,2
56,Non-binary,Sales,India,0.9,0.38,0.8,0.4909090909090909,0.5,0.6666666666666666,1.0,Medium,1
47,Non-binary,Healthcare,India,0.4333333333333332,0.7000000000000001,0.0,0.4727272727272728,0.0,1.0,0.3333333333333333,High,0
37,Male,Engineering,India,0.1833333333333332,0.5400000000000001,0.8,0.7818181818181817,0.0,1.0,0.6666666666666666,High,1
48,Male,Finance,Germany,0.0666666666666667,0.94,0.7000000000000001,0.8,0.5,1.0,0.6666666666666666,High,1
30,Prefer not to say,Education,Canada,0.3666666666666666,0.14,0.0,0.509090909090909,0.0,0.3333333333333333,0.6666666666666666,Medium,1
60,Female,Other,Other,0.6999999999999998,0.04,0.3,0.1272727272727272,0.0,0.0,1.0,Low,1
46,Male,Other,Australia,0.45,0.02,0.9,0.3272727272727272,0.5,0.3333333333333333,0.3333333333333333,Low,0
40,Non-binary,Education,Germany,0.9166666666666666,0.7800000000000001,0.2,0.5272727272727272,0.0,0.0,0.6666666666666666,Medium,1
46,Male,Finance,USA,0.9499999999999998,0.92,0.0,0.6545454545454544,1.0,0.0,0.0,Medium,2
56,Prefer not to say,Sales,USA,0.85,0.04,0.0,0.6545454545454544,1.0,0.0,1.0,Medium,2
51,Male,Other,Other,0.2,0.8000000000000002,0.6000000000000001,0.6545454545454544,1.0,0.3333333333333333,0.0,High,2
59,Non-binary,Other,Canada,0.7166666666666667,0.38,0.0,0.8545454545454546,0.5,0.3333333333333333,0.0,Medium,0
57,Male,Sales,Other,0.3666666666666666,0.02,0.4,0.3090909090909091,0.0,0.3333333333333333,1.0,Low,1
49,Prefer not to say,Other,USA,0.6833333333333332,0.58,1.0,0.1636363636363636,1.0,0.0,1.0,Low,2
33,Female,Engineering,Germany,0.9,0.3400000000000001,0.0,0.7636363636363637,1.0,0.3333333333333333,0.6666666666666666,High,2
23,Non-binary,Engineering,USA,0.3166666666666667,0.7000000000000001,0.2,0.3090909090909091,1.0,1.0,0.6666666666666666,High,2
56,Prefer not to say,Education,USA,0.6333333333333332,1.0,0.6000000000000001,0.2363636363636363,0.5,0.6666666666666666,0.0,Medium,0
38,Female,Healthcare,Australia,0.2999999999999999,0.86,0.0,0.6181818181818182,0.5,0.3333333333333333,0.3333333333333333,High,0
33,Male,Healthcare,Australia,0.0833333333333333,0.4800000000000001,0.7000000000000001,0.4727272727272728,1.0,0.3333333333333333,0.6666666666666666,High,2
47,Non-binary,Finance,UK,0.2833333333333333,0.5400000000000001,0.6000000000000001,0.7636363636363637,0.0,0.6666666666666666,0.6666666666666666,High,1
61,Prefer not to say,Sales,Canada,0.6166666666666666,0.26,0.0,0.9272727272727272,0.5,0.3333333333333333,0.0,Medium,0
35,Prefer not to say,IT,Other,0.4999999999999999,0.88,0.1,0.2363636363636363,0.0,0.0,0.0,Low,0
43,Male,IT,UK,0.65,0.68,0.4,0.2909090909090909,0.0,1.0,0.3333333333333333,Medium,0
37,Prefer not to say,IT,Other,0.9333333333333332,0.5599999999999999,0.1,0.6,0.0,0.0,0.0,Low,0
58,Male,IT,Germany,0.4999999999999999,0.82,0.7000000000000001,0.2909090909090909,1.0,1.0,0.0,Medium,2
28,Prefer not to say,IT,Other,0.0666666666666667,0.4800000000000001,0.9,0.8363636363636363,0.0,0.6666666666666666,0.6666666666666666,High,1
43,Male,Engineering,UK,0.2333333333333334,0.12,0.0,0.2,0.0,0.6666666666666666,0.3333333333333333,Medium,0
24,Female,IT,Canada,0.0333333333333333,0.22,0.9,0.0909090909090909,0.5,1.0,0.0,Low,0
58,Non-binary,Other,Canada,0.65,0.5400000000000001,0.1,0.6909090909090909,1.0,0.3333333333333333,0.0,High,2
18,Female,Sales,USA,0.9833333333333332,0.7200000000000001,0.7000000000000001,0.2545454545454545,1.0,1.0,0.3333333333333333,Medium,2
21,Prefer not to say,Finance,Other,0.45,0.68,0.6000000000000001,0.2545454545454545,0.0,0.3333333333333333,0.0,Low,0
20,Prefer not to say,IT,UK,0.6666666666666666,0.12,0.9,0.6181818181818182,1.0,0.3333333333333333,0.3333333333333333,Low,2
54,Female,Healthcare,Australia,0.9499999999999998,0.3400000000000001,1.0,0.3636363636363636,0.0,0.6666666666666666,0.0,Low,0
56,Male,Healthcare,UK,0.85,0.36,0.4,0.8181818181818182,1.0,0.0,0.3333333333333333,Medium,2
33,Prefer not to say,Sales,Other,0.0333333333333333,0.1,0.6000000000000001,0.9272727272727272,1.0,1.0,0.3333333333333333,High,2
62,Male,Education,Other,0.4833333333333333,0.2,0.6000000000000001,0.4,0.0,1.0,1.0,Medium,1
18,Prefer not to say,Education,Germany,0.3333333333333333,0.4600000000000001,0.7000000000000001,0.2909090909090909,0.0,1.0,0.0,Low,0
48,Female,Healthcare,Canada,0.3833333333333332,0.7200000000000001,1.0,0.5818181818181818,1.0,1.0,1.0,High,2
28,Non-binary,Engineering,UK,0.0333333333333333,0.92,0.1,0.2909090909090909,0.0,0.0,0.3333333333333333,Medium,0
32,Prefer not to say,Other,Other,0.2333333333333334,0.86,0.2,0.0727272727272727,1.0,0.0,0.3333333333333333,High,2
23,Female,Education,UK,0.5666666666666668,0.8000000000000002,0.0,0.5454545454545454,1.0,0.6666666666666666,0.0,High,2
65,Female,Sales,Germany,0.25,0.4800000000000001,0.5,0.8545454545454546,1.0,0.0,1.0,High,2
46,Male,IT,Canada,0.6833333333333332,0.7400000000000001,0.0,0.4909090909090909,1.0,0.3333333333333333,1.0,High,2
29,Female,Education,Germany,0.4333333333333332,0.16,1.0,0.1454545454545454,0.0,0.0,0.6666666666666666,Low,1
48,Prefer not to say,Engineering,Germany,0.5166666666666665,0.22,0.1,0.8181818181818182,0.5,0.3333333333333333,1.0,High,1
35,Male,IT,Australia,0.0833333333333333,0.5400000000000001,0.6000000000000001,0.1636363636363636,1.0,0.6666666666666666,0.3333333333333333,High,2
53,Non-binary,Other,Germany,0.6833333333333332,0.26,0.4,0.6363636363636364,0.5,0.0,0.6666666666666666,Low,1
34,Female,Healthcare,USA,0.1333333333333333,0.32,0.3,0.1272727272727272,0.0,0.0,0.0,Low,0
30,Non-binary,Sales,Canada,0.6999999999999998,0.3400000000000001,0.1,0.6545454545454544,0.5,0.6666666666666666,0.6666666666666666,High,1
27,Non-binary,Other,UK,0.7333333333333333,0.92,0.1,0.6727272727272727,0.5,0.6666666666666666,0.6666666666666666,High,1
57,Non-binary,Education,UK,0.1666666666666666,0.88,0.3,0.1454545454545454,1.0,0.6666666666666666,0.6666666666666666,High,2
21,Prefer not to say,IT,India,0.0333333333333333,0.26,0.1,0.6727272727272727,1.0,0.3333333333333333,0.6666666666666666,High,2
28,Non-binary,Other,Canada,0.85,0.66,0.0,0.8181818181818182,0.0,0.6666666666666666,0.6666666666666666,High,1
62,Male,Healthcare,Other,0.5166666666666665,0.18,1.0,0.5636363636363636,0.0,0.0,0.0,Low,0
56,Female,Finance,USA,0.6,0.96,0.3,0.3818181818181818,1.0,1.0,0.6666666666666666,High,2
18,Female,Sales,UK,0.4833333333333333,0.2,0.6000000000000001,0.6545454545454544,1.0,0.3333333333333333,0.3333333333333333,Medium,2
47,Male,Engineering,UK,0.0666666666666667,0.64,0.0,0.7636363636363637,1.0,0.3333333333333333,0.6666666666666666,High,2
26,Female,Sales,USA,0.4999999999999999,0.02,1.0,0.3272727272727272,1.0,0.0,0.3333333333333333,Low,2
57,Female,Education,Canada,0.65,0.42,0.0,0.6545454545454544,1.0,0.0,0.0,Medium,2
21,Female,Engineering,Other,0.7166666666666667,1.0,0.9,0.7636363636363637,1.0,0.3333333333333333,0.6666666666666666,High,2
45,Male,Education,India,0.6333333333333332,1.0,0.7000000000000001,0.4727272727272728,0.5,0.3333333333333333,0.3333333333333333,Medium,0
61,Male,Sales,Australia,0.5166666666666665,0.28,0.4,0.1454545454545454,0.5,0.6666666666666666,0.0,Low,0
29,Male,Finance,Canada,0.6999999999999998,0.08,0.1,0.3454545454545454,0.0,1.0,0.0,Low,0
64,Male,Education,USA,0.4333333333333332,1.0,0.1,0.0909090909090909,1.0,0.0,0.0,Medium,2
54,Prefer not to say,Sales,UK,0.2333333333333334,0.86,0.6000000000000001,0.3090909090909091,0.0,0.6666666666666666,0.0,Medium,0
24,Male,Sales,India,0.8333333333333334,0.18,0.1,0.5272727272727272,1.0,1.0,0.6666666666666666,High,2
65,Non-binary,Engineering,UK,0.5333333333333333,0.92,0.3,0.3090909090909091,1.0,0.3333333333333333,1.0,High,2
29,Prefer not to say,Sales,India,0.8166666666666668,0.3400000000000001,0.7000000000000001,0.6727272727272727,0.0,1.0,1.0,Medium,1
25,Prefer not to say,Finance,Canada,0.2833333333333333,0.3,0.9,0.0727272727272727,0.5,1.0,0.6666666666666666,Medium,1
19,Female,Healthcare,USA,0.4999999999999999,0.58,0.6000000000000001,0.509090909090909,1.0,0.6666666666666666,0.3333333333333333,High,2
18,Female,Healthcare,USA,0.2833333333333333,0.94,0.2,0.4363636363636363,0.5,0.3333333333333333,0.6666666666666666,High,1
44,Prefer not to say,Finance,Germany,0.0833333333333333,0.7200000000000001,0.1,0.0363636363636363,0.0,1.0,0.3333333333333333,High,0
59,Male,Education,Australia,0.2,0.4600000000000001,0.7000000000000001,0.890909090909091,0.5,0.3333333333333333,0.6666666666666666,High,1
63,Non-binary,Finance,Other,0.1666666666666666,0.7400000000000001,0.4,0.9636363636363636,1.0,0.6666666666666666,0.3333333333333333,High,2
24,Non-binary,IT,Australia,0.0499999999999999,0.3400000000000001,0.0,0.9272727272727272,1.0,1.0,0.0,High,2
58,Male,Sales,Germany,0.9166666666666666,0.2,1.0,0.9272727272727272,0.5,1.0,0.0,Low,0
33,Prefer not to say,Other,UK,0.0666666666666667,0.36,0.4,0.3454545454545454,0.5,1.0,1.0,High,1
29,Female,Finance,Other,0.6166666666666666,0.82,0.0,0.0363636363636363,1.0,1.0,0.0,High,2
20,Male,Other,India,0.1833333333333332,0.26,0.4,0.8,0.0,0.3333333333333333,0.3333333333333333,Medium,0
41,Prefer not to say,Healthcare,USA,0.45,0.88,0.3,0.9090909090909092,1.0,0.0,1.0,High,2
44,Prefer not to say,Finance,USA,0.2166666666666666,0.86,0.8,0.7818181818181817,1.0,0.3333333333333333,0.3333333333333333,High,2
23,Male,Education,Canada,0.1666666666666666,0.12,0.1,0.9818181818181818,0.0,0.3333333333333333,0.6666666666666666,High,1
45,Female,IT,UK,0.5666666666666668,0.2,0.1,0.0181818181818181,0.0,1.0,0.6666666666666666,Medium,1
23,Male,Sales,Other,0.9,0.5599999999999999,0.5,0.1454545454545454,1.0,0.3333333333333333,1.0,Medium,2
52,Prefer not to say,Healthcare,Australia,0.6833333333333332,0.9,1.0,0.3636363636363636,0.0,0.0,1.0,Low,1
59,Male,Education,India,0.15,0.28,0.4,0.3818181818181818,1.0,0.6666666666666666,0.3333333333333333,High,2
38,Female,Other,Australia,0.15,0.7200000000000001,0.0,0.0909090909090909,0.0,1.0,0.3333333333333333,High,0
38,Prefer not to say,Education,USA,0.15,0.5400000000000001,0.6000000000000001,0.6727272727272727,0.0,1.0,1.0,High,1
41,Prefer not to say,Engineering,Germany,0.5499999999999999,0.66,0.4,0.6727272727272727,0.5,0.0,1.0,High,1
26,Female,Engineering,Other,0.2999999999999999,0.24,1.0,0.0,0.5,0.3333333333333333,0.0,Low,0
36,Non-binary,IT,Canada,0.2,0.26,0.3,0.2909090909090909,1.0,0.6666666666666666,0.6666666666666666,High,2
34,Non-binary,Engineering,UK,0.0333333333333333,0.66,0.7000000000000001,0.6181818181818182,1.0,0.0,0.0,Medium,2
36,Prefer not to say,Healthcare,Australia,0.9666666666666668,0.18,0.7000000000000001,0.0727272727272727,0.0,0.3333333333333333,1.0,Low,1
45,Non-binary,Sales,USA,0.2666666666666666,0.14,0.1,0.8363636363636363,0.0,0.3333333333333333,0.6666666666666666,High,1
27,Female,IT,UK,0.6833333333333332,0.6,0.9,0.4909090909090909,0.5,0.0,0.0,Low,0
51,Male,IT,Canada,0.9333333333333332,0.26,0.5,0.0909090909090909,0.5,0.0,0.3333333333333333,Low,0
40,Male,Healthcare,Germany,0.1333333333333333,0.26,0.5,0.5818181818181818,0.0,0.3333333333333333,0.6666666666666666,Medium,1
31,Male,Education,Canada,0.0333333333333333,1.0,0.4,0.7818181818181817,1.0,0.0,1.0,High,2
35,Non-binary,Education,USA,0.4999999999999999,1.0,0.7000000000000001,0.8727272727272727,0.5,0.6666666666666666,0.3333333333333333,High,0
59,Male,Other,Germany,0.1833333333333332,0.5400000000000001,0.5,0.2363636363636363,0.0,0.0,0.0,Low,0
30,Male,Other,Canada,0.4333333333333332,0.02,0.5,0.5272727272727272,0.0,1.0,0.6666666666666666,Medium,1
24,Prefer not to say,Sales,Germany,0.7833333333333331,0.7000000000000001,0.0,0.6181818181818182,1.0,1.0,0.3333333333333333,High,2
63,Male,Engineering,Germany,0.25,0.88,0.2,0.5636363636363636,1.0,0.0,1.0,High,2
36,Female,Sales,USA,0.6666666666666666,0.12,0.4,0.4545454545454545,0.0,0.6666666666666666,0.0,Low,0
42,Non-binary,Education,Other,0.4333333333333332,0.86,0.0,0.8727272727272727,0.5,0.6666666666666666,0.0,High,0
58,Male,Education,USA,0.4833333333333333,0.5000000000000001,0.6000000000000001,0.3636363636363636,0.5,1.0,1.0,High,1
56,Non-binary,Finance,Canada,0.2,0.24,0.0,0.9636363636363636,1.0,0.3333333333333333,0.3333333333333333,High,2
58,Non-binary,Healthcare,Other,0.8666666666666666,0.94,0.4,0.1454545454545454,0.0,0.3333333333333333,0.3333333333333333,Low,0
44,Non-binary,Other,Australia,0.9833333333333332,0.1,0.5,0.8545454545454546,1.0,0.6666666666666666,1.0,High,2
35,Non-binary,Other,India,0.4,0.4600000000000001,0.9,0.6,1.0,0.6666666666666666,0.0,Medium,2
58,Female,Education,Australia,0.8333333333333334,0.26,1.0,0.7272727272727273,1.0,0.0,0.0,Low,2
65,Female,Sales,USA,0.5333333333333333,0.42,0.0,0.1090909090909091,0.0,0.3333333333333333,1.0,Medium,1
34,Prefer not to say,Other,Australia,0.9833333333333332,0.28,0.8,0.4,1.0,0.3333333333333333,0.3333333333333333,Low,2
36,Male,IT,USA,0.1666666666666666,0.7400000000000001,0.7000000000000001,0.4181818181818181,0.5,0.6666666666666666,0.3333333333333333,High,0
53,Non-binary,Finance,Germany,0.9499999999999998,0.5200000000000001,0.0,0.7272727272727273,0.0,0.3333333333333333,0.3333333333333333,Medium,0
64,Non-binary,IT,Australia,0.9666666666666668,0.36,0.6000000000000001,0.3636363636363636,1.0,0.0,0.6666666666666666,Medium,2
45,Male,Education,Canada,0.2666666666666666,0.3,0.2,0.4,1.0,0.0,1.0,High,2
44,Male,Sales,Australia,1.0,0.22,0.7000000000000001,0.4727272727272728,1.0,0.0,0.0,Low,2
63,Female,Sales,Australia,0.3833333333333332,0.38,0.0,0.6181818181818182,1.0,0.3333333333333333,0.3333333333333333,High,2
25,Non-binary,Healthcare,UK,0.6666666666666666,0.58,0.9,0.0909090909090909,0.0,1.0,0.0,Low,0
29,Prefer not to say,Finance,Germany,0.5499999999999999,0.36,0.2,0.6545454545454544,0.0,0.0,0.0,Low,0
46,Prefer not to say,Other,Canada,0.6166666666666666,0.16,0.8,0.5818181818181818,0.5,0.6666666666666666,0.0,Low,0
52,Male,Other,India,0.2,0.2,0.0,0.8727272727272727,0.0,0.6666666666666666,0.6666666666666666,High,1
23,Female,Finance,India,0.8666666666666666,0.12,0.1,0.8,0.5,1.0,0.0,Medium,0
39,Female,Sales,USA,0.9,0.1,0.3,0.9636363636363636,1.0,1.0,0.6666666666666666,High,2
38,Prefer not to say,IT,Germany,0.4166666666666666,0.6,0.4,0.5454545454545454,0.0,1.0,0.3333333333333333,Medium,0
25,Non-binary,Education,Germany,0.9,0.3400000000000001,1.0,0.2363636363636363,0.5,1.0,0.0,Low,0
33,Female,Other,Other,0.2666666666666666,0.16,0.9,0.8363636363636363,1.0,0.6666666666666666,1.0,High,2
55,Male,Education,Other,0.0999999999999999,0.26,0.5,0.9272727272727272,0.0,0.0,0.6666666666666666,Medium,1
22,Prefer not to say,Education,Germany,0.5833333333333334,0.1,0.0,0.6727272727272727,0.5,0.6666666666666666,1.0,High,1
28,Non-binary,Healthcare,Other,0.2333333333333334,0.68,1.0,0.4,1.0,0.0,0.0,Medium,2
52,Male,Finance,India,0.3166666666666667,0.44,1.0,0.8,0.5,0.3333333333333333,0.6666666666666666,High,1
30,Non-binary,Other,USA,0.85,0.68,0.5,0.4181818181818181,0.0,0.0,0.0,Low,0
63,Prefer not to say,Education,Other,0.3666666666666666,0.88,0.5,0.8181818181818182,0.5,0.6666666666666666,1.0,High,1
19,Prefer not to say,Other,UK,0.35,0.02,1.0,0.2181818181818181,0.5,0.3333333333333333,1.0,Low,1
60,Non-binary,Other,India,1.0,0.82,0.1,0.9454545454545454,0.5,0.0,0.6666666666666666,High,1
55,Male,Healthcare,USA,0.0499999999999999,0.26,0.2,0.4,0.5,0.3333333333333333,0.0,Medium,0
53,Female,Other,UK,0.3166666666666667,0.7000000000000001,0.2,0.7454545454545454,0.5,1.0,0.0,High,0
30,Male,Engineering,UK,0.0999999999999999,0.96,0.0,0.5636363636363636,0.0,1.0,0.3333333333333333,High,0
37,Non-binary,IT,India,0.5499999999999999,0.42,0.0,0.7818181818181817,0.0,0.6666666666666666,0.3333333333333333,High,0
44,Female,Healthcare,USA,0.5333333333333333,0.94,0.2,0.5818181818181818,1.0,1.0,0.3333333333333333,High,2
22,Prefer not to say,Engineering,USA,0.8666666666666666,0.5000000000000001,0.6000000000000001,0.2363636363636363,1.0,0.3333333333333333,0.6666666666666666,Medium,2
30,Female,Education,Canada,0.25,0.14,0.9,0.7454545454545454,1.0,0.6666666666666666,0.6666666666666666,High,2
33,Female,Other,Australia,0.1666666666666666,0.18,0.4,0.4909090909090909,0.5,0.6666666666666666,1.0,High,1
63,Female,Engineering,Germany,0.4,0.08,1.0,0.7636363636363637,0.0,1.0,0.6666666666666666,Medium,1
41,Female,Education,USA,0.0833333333333333,0.0,0.8,0.890909090909091,0.0,0.3333333333333333,0.6666666666666666,Medium,1
65,Male,Finance,UK,0.0999999999999999,0.16,0.9,0.2545454545454545,0.0,0.3333333333333333,0.0,Low,0
65,Male,Other,Australia,0.1833333333333332,0.3,0.8,0.0545454545454545,0.0,0.0,0.0,Low,0
21,Non-binary,Healthcare,USA,0.2833333333333333,0.38,0.8,0.2545454545454545,0.0,1.0,0.6666666666666666,Medium,1
65,Prefer not to say,IT,India,0.2333333333333334,0.7200000000000001,0.3,0.890909090909091,0.5,1.0,0.0,High,0
55,Prefer not to say,Engineering,USA,0.8666666666666666,0.5000000000000001,0.9,0.4181818181818181,1.0,0.3333333333333333,1.0,Medium,2
28,Prefer not to say,Sales,USA,0.5833333333333334,0.36,0.9,0.8181818181818182,0.5,0.0,1.0,Medium,1
31,Female,Other,USA,0.9,0.7600000000000001,0.2,0.3454545454545454,1.0,0.0,0.6666666666666666,High,2
33,Non-binary,Sales,UK,0.9,0.86,0.6000000000000001,0.7090909090909091,1.0,0.6666666666666666,0.3333333333333333,High,2
45,Male,IT,Other,0.5166666666666665,0.88,0.1,0.6,1.0,0.0,0.6666666666666666,High,2
20,Female,Engineering,Canada,0.9166666666666666,0.02,0.7000000000000001,0.5818181818181818,0.0,0.3333333333333333,0.6666666666666666,Low,1
30,Female,Healthcare,Canada,0.3166666666666667,0.5599999999999999,0.5,0.3818181818181818,0.5,1.0,1.0,High,1
42,Prefer not to say,Finance,USA,0.1166666666666667,0.22,1.0,0.3818181818181818,0.5,0.6666666666666666,0.3333333333333333,Medium,0
54,Non-binary,Engineering,Australia,0.7499999999999999,0.08,0.3,0.0909090909090909,0.0,0.0,0.6666666666666666,Low,1
29,Prefer not to say,Finance,UK,0.4833333333333333,0.7800000000000001,0.8,0.5454545454545454,0.0,0.0,0.0,Low,0
41,Prefer not to say,Other,Germany,0.65,0.32,1.0,0.8363636363636363,1.0,1.0,1.0,High,2
30,Prefer not to say,Engineering,Canada,0.6333333333333332,0.4600000000000001,1.0,0.6181818181818182,1.0,0.0,0.0,Low,2
21,Female,IT,UK,0.7333333333333333,0.2,1.0,0.4181818181818181,1.0,0.6666666666666666,0.6666666666666666,Medium,2
43,Non-binary,Finance,Canada,0.5833333333333334,0.7200000000000001,0.5,0.6363636363636364,1.0,1.0,0.0,High,2
41,Non-binary,Finance,Canada,0.3166666666666667,0.18,0.8,0.0181818181818181,0.0,0.0,0.0,Low,0
35,Prefer not to say,IT,Other,0.8333333333333334,0.5200000000000001,0.6000000000000001,0.2363636363636363,0.5,1.0,1.0,Medium,1
55,Female,Other,UK,0.2999999999999999,0.9,1.0,0.0,0.5,0.6666666666666666,0.0,Medium,0
25,Prefer not to say,Other,Other,0.4,0.4800000000000001,0.9,0.2,0.0,0.0,0.3333333333333333,Low,0
56,Female,Sales,USA,0.6333333333333332,0.68,0.4,0.4181818181818181,1.0,0.6666666666666666,0.6666666666666666,High,2
45,Prefer not to say,Finance,USA,0.1166666666666667,0.82,1.0,0.0363636363636363,0.0,0.3333333333333333,0.0,Low,0
32,Prefer not to say,Finance,UK,0.1166666666666667,0.7200000000000001,0.7000000000000001,0.0545454545454545,1.0,0.3333333333333333,1.0,High,2
47,Prefer not to say,Finance,India,0.8000000000000002,0.02,0.6000000000000001,0.5636363636363636,0.5,0.0,1.0,Low,1
46,Female,Finance,India,0.3833333333333332,0.96,0.7000000000000001,0.4181818181818181,0.5,1.0,0.0,Medium,0
56,Female,IT,UK,0.4166666666666666,0.22,0.2,0.1636363636363636,0.5,0.6666666666666666,0.3333333333333333,Medium,0
32,Prefer not to say,Engineering,Other,0.7666666666666665,0.58,0.5,0.0909090909090909,1.0,0.3333333333333333,0.0,Low,2
28,Female,Engineering,USA,0.35,0.42,0.9,0.2545454545454545,0.0,0.3333333333333333,0.6666666666666666,Low,1
19,Non-binary,Other,Germany,0.2166666666666666,0.4,0.5,0.890909090909091,1.0,0.3333333333333333,1.0,High,2
32,Female,Education,India,0.7166666666666667,0.4,0.9,0.5636363636363636,0.5,0.3333333333333333,0.3333333333333333,Low,0
65,Prefer not to say,Education,Australia,0.7333333333333333,0.3,0.5,0.3454545454545454,0.5,0.0,0.0,Low,0
26,Female,Sales,Germany,0.3666666666666666,0.7800000000000001,0.4,0.6545454545454544,1.0,0.6666666666666666,1.0,High,2
45,Female,IT,UK,0.0666666666666667,0.84,0.7000000000000001,0.890909090909091,0.5,1.0,0.3333333333333333,High,0
31,Non-binary,Sales,India,0.7333333333333333,0.82,0.2,0.9272727272727272,0.5,1.0,0.6666666666666666,High,1
38,Female,Sales,Australia,0.5499999999999999,0.3400000000000001,0.2,0.7272727272727273,1.0,0.6666666666666666,0.0,High,2
28,Prefer not to say,Other,India,0.3666666666666666,0.86,0.6000000000000001,0.9636363636363636,0.0,1.0,0.6666666666666666,High,1
24,Female,Finance,UK,0.3166666666666667,0.1,0.5,0.0545454545454545,1.0,0.3333333333333333,0.3333333333333333,Medium,2
33,Female,Education,Germany,0.65,0.28,0.0,0.4545454545454545,0.0,0.3333333333333333,0.0,Low,0
34,Non-binary,Healthcare,Australia,0.0666666666666667,0.7000000000000001,0.6000000000000001,0.4727272727272728,0.5,0.0,0.0,Medium,0
52,Female,Education,USA,0.3833333333333332,0.6,0.7000000000000001,0.7454545454545454,0.5,0.0,1.0,Medium,1
44,Non-binary,Healthcare,Australia,0.0166666666666666,0.2,0.1,1.0,0.0,1.0,0.3333333333333333,High,0
55,Female,Other,Australia,0.5499999999999999,0.04,0.8,0.5272727272727272,0.5,0.0,0.3333333333333333,Low,0
27,Female,Finance,India,0.7833333333333331,0.14,0.6000000000000001,0.6,0.5,0.6666666666666666,0.6666666666666666,Medium,1
47,Non-binary,Finance,UK,0.4,0.94,0.8,0.1272727272727272,0.0,0.6666666666666666,0.6666666666666666,Medium,1
19,Male,Other,Germany,0.9833333333333332,0.7400000000000001,0.4,0.509090909090909,0.5,0.0,0.6666666666666666,Medium,1
28,Female,Education,UK,1.0,0.66,0.6000000000000001,0.5272727272727272,1.0,0.3333333333333333,0.6666666666666666,High,2
33,Male,Education,Other,0.6666666666666666,0.96,0.8,0.1818181818181818,0.0,0.3333333333333333,0.6666666666666666,Low,1
23,Female,Education,India,0.6166666666666666,0.7000000000000001,0.0,0.890909090909091,0.0,0.0,0.6666666666666666,High,1
54,Female,Sales,Australia,0.9499999999999998,0.86,0.7000000000000001,0.3636363636363636,1.0,0.6666666666666666,0.0,Medium,2
63,Non-binary,Finance,Canada,0.4666666666666667,0.38,0.1,0.0,0.5,0.0,0.6666666666666666,Medium,1
28,Non-binary,Other,Other,0.0999999999999999,0.7200000000000001,0.2,0.0727272727272727,0.0,0.3333333333333333,0.6666666666666666,High,1
53,Non-binary,Engineering,Australia,0.6666666666666666,0.7400000000000001,0.3,0.1454545454545454,0.5,0.0,0.0,Low,0
30,Male,Healthcare,Australia,0.0333333333333333,0.44,0.6000000000000001,0.5272727272727272,1.0,1.0,0.3333333333333333,High,2
39,Male,Engineering,Other,0.4,0.32,0.7000000000000001,0.9818181818181818,0.5,0.0,0.3333333333333333,Low,0
61,Female,Engineering,India,0.0,0.12,0.7000000000000001,0.2727272727272727,0.5,1.0,0.6666666666666666,Medium,1
33,Non-binary,Finance,Germany,0.0166666666666666,0.04,0.9,0.1090909090909091,1.0,0.3333333333333333,1.0,Medium,2
40,Prefer not to say,Healthcare,USA,0.4833333333333333,0.7200000000000001,0.8,0.2545454545454545,1.0,0.6666666666666666,0.6666666666666666,High,2
64,Prefer not to say,Education,Australia,0.6,0.08,0.9,0.1636363636363636,0.0,1.0,0.6666666666666666,Low,1
22,Prefer not to say,Healthcare,Germany,0.0333333333333333,0.86,0.4,0.7818181818181817,0.0,0.0,0.0,Medium,0
26,Male,Finance,India,0.8666666666666666,0.22,0.9,0.2545454545454545,0.0,0.0,1.0,Low,1
35,Male,Education,USA,0.5166666666666665,0.06,0.2,0.1090909090909091,0.0,0.3333333333333333,0.0,Low,0
51,Female,IT,Australia,0.9333333333333332,0.94,0.2,0.8363636363636363,1.0,0.6666666666666666,0.6666666666666666,High,2
44,Female,Other,India,0.2833333333333333,0.98,0.1,0.9090909090909092,0.0,0.3333333333333333,0.3333333333333333,High,0
27,Non-binary,Engineering,Germany,0.5166666666666665,0.06,0.8,0.890909090909091,1.0,0.0,0.0,Low,2
18,Male,Engineering,USA,0.0833333333333333,0.38,0.3,0.0363636363636363,0.5,0.0,0.3333333333333333,Medium,0
35,Female,Healthcare,Canada,0.2666666666666666,0.64,0.4,0.3818181818181818,0.5,1.0,0.6666666666666666,High,1
24,Male,Engineering,Other,0.85,0.58,0.8,0.4363636363636363,0.5,0.0,0.6666666666666666,Low,1
38,Non-binary,Finance,Canada,0.7166666666666667,0.16,0.7000000000000001,0.3272727272727272,0.0,0.3333333333333333,0.0,Low,0
27,Female,IT,USA,0.0666666666666667,0.62,1.0,0.0909090909090909,1.0,0.6666666666666666,1.0,High,2
22,Prefer not to say,Education,USA,0.2333333333333334,0.5400000000000001,0.2,0.9272727272727272,0.0,0.6666666666666666,0.0,High,0
34,Female,Education,Australia,0.2833333333333333,0.2,0.0,0.9090909090909092,0.0,0.6666666666666666,0.3333333333333333,High,0
52,Female,Other,Canada,0.9,0.22,0.4,0.6,0.5,0.0,1.0,Low,1
36,Non-binary,IT,India,0.2999999999999999,0.38,0.3,0.6545454545454544,1.0,0.0,1.0,High,2
38,Male,Finance,UK,0.6666666666666666,0.32,0.9,0.6545454545454544,1.0,1.0,1.0,Medium,2
39,Non-binary,Sales,USA,0.0833333333333333,0.08,0.8,0.3090909090909091,0.5,0.3333333333333333,0.0,Low,0
45,Prefer not to say,Sales,India,0.1666666666666666,0.02,0.6000000000000001,0.8,1.0,0.3333333333333333,0.3333333333333333,High,2
65,Prefer not to say,Finance,USA,0.1333333333333333,0.36,0.8,0.3090909090909091,1.0,1.0,0.0,Medium,2
35,Male,Sales,UK,0.9333333333333332,0.0,0.7000000000000001,0.0363636363636363,0.5,0.6666666666666666,1.0,Low,1
48,Prefer not to say,Sales,USA,0.9166666666666666,0.84,0.1,0.8727272727272727,0.0,0.3333333333333333,1.0,High,1
53,Prefer not to say,Education,India,0.0499999999999999,0.7800000000000001,0.5,0.9636363636363636,0.5,1.0,0.3333333333333333,High,0
33,Prefer not to say,Education,USA,0.4999999999999999,0.5599999999999999,0.7000000000000001,0.6909090909090909,0.5,1.0,1.0,High,1
47,Non-binary,Healthcare,Germany,0.0666666666666667,0.7400000000000001,0.4,0.3454545454545454,0.5,0.6666666666666666,1.0,High,1
57,Female,Other,UK,0.4166666666666666,0.7600000000000001,0.3,0.7636363636363637,0.0,1.0,0.6666666666666666,High,1
34,Prefer not to say,IT,USA,0.2333333333333334,0.42,0.1,0.2909090909090909,1.0,0.6666666666666666,0.0,High,2
46,Male,Sales,Other,0.8333333333333334,0.7000000000000001,0.7000000000000001,0.5454545454545454,1.0,0.0,0.6666666666666666,Medium,2
50,Prefer not to say,Finance,Australia,0.7333333333333333,0.1,0.5,0.6363636363636364,1.0,1.0,0.3333333333333333,Medium,2
37,Prefer not to say,Sales,India,0.7666666666666665,1.0,0.7000000000000001,0.3272727272727272,0.0,0.3333333333333333,0.6666666666666666,Low,1
41,Prefer not to say,Education,Canada,0.45,0.9,0.2,0.8181818181818182,0.5,0.6666666666666666,0.6666666666666666,High,1
35,Non-binary,Healthcare,Australia,0.6999999999999998,0.02,0.9,0.2727272727272727,0.5,0.6666666666666666,1.0,Low,1
26,Female,Education,India,0.15,0.5599999999999999,1.0,0.3818181818181818,0.0,1.0,0.3333333333333333,Medium,0
51,Non-binary,IT,USA,0.2833333333333333,0.26,1.0,0.1090909090909091,1.0,0.3333333333333333,1.0,Medium,2
31,Non-binary,Other,UK,0.1166666666666667,0.08,0.4,0.890909090909091,1.0,0.6666666666666666,0.3333333333333333,High,2
46,Non-binary,IT,USA,0.1166666666666667,0.7000000000000001,0.3,0.9818181818181818,0.0,0.0,1.0,High,1
19,Female,Healthcare,Other,0.2,0.24,0.4,0.9272727272727272,1.0,1.0,1.0,High,2
21,Prefer not to say,Other,Other,0.7166666666666667,0.06,0.8,0.2545454545454545,0.5,0.0,0.0,Low,0
23,Female,Other,USA,0.5166666666666665,0.44,0.4,0.4363636363636363,0.5,0.6666666666666666,0.6666666666666666,High,1
37,Prefer not to say,Education,Germany,0.6666666666666666,0.6,0.9,0.5272727272727272,0.5,1.0,1.0,Medium,1
38,Non-binary,Education,USA,0.35,0.94,0.2,0.7454545454545454,0.0,0.6666666666666666,0.3333333333333333,High,0
65,Female,Other,India,0.2166666666666666,0.28,0.1,0.8545454545454546,0.5,1.0,1.0,High,1
33,Male,Finance,Australia,0.1166666666666667,0.3,0.6000000000000001,0.8545454545454546,0.0,0.6666666666666666,0.0,Medium,0
28,Non-binary,Other,UK,0.8833333333333334,0.5000000000000001,0.1,0.6909090909090909,0.5,1.0,1.0,High,1
19,Non-binary,Engineering,UK,0.2166666666666666,0.44,0.6000000000000001,0.8,0.5,0.0,1.0,High,1
41,Female,Finance,USA,0.3166666666666667,0.84,0.4,0.8545454545454546,0.5,0.3333333333333333,0.0,High,0
54,Prefer not to say,Education,Germany,0.9333333333333332,0.0,0.0,0.890909090909091,1.0,0.3333333333333333,1.0,High,2
60,Prefer not to say,Sales,USA,0.7166666666666667,0.62,0.9,0.4727272727272728,1.0,1.0,0.3333333333333333,Medium,2
19,Prefer not to say,Education,Australia,0.6,0.32,0.3,0.6909090909090909,1.0,0.6666666666666666,1.0,High,2
48,Prefer not to say,Sales,Other,0.0333333333333333,0.5400000000000001,0.2,0.6909090909090909,0.0,0.6666666666666666,0.6666666666666666,High,1
62,Prefer not to say,Finance,Germany,0.1166666666666667,0.88,0.0,0.3090909090909091,1.0,0.3333333333333333,1.0,High,2
59,Male,Education,Canada,0.1833333333333332,0.5599999999999999,0.4,0.890909090909091,0.5,1.0,0.0,High,0
31,Prefer not to say,Other,India,0.8666666666666666,0.42,0.2,0.6909090909090909,0.5,0.6666666666666666,1.0,High,1
37,Male,Engineering,Germany,0.8166666666666668,0.86,0.4,0.8181818181818182,0.0,1.0,0.6666666666666666,High,1
63,Male,Education,India,0.65,0.08,0.8,0.1454545454545454,1.0,0.0,0.3333333333333333,Low,2
45,Prefer not to say,Other,India,0.25,0.58,0.2,0.6363636363636364,1.0,0.0,1.0,High,2
40,Non-binary,Finance,Other,0.2,0.9,1.0,0.2909090909090909,0.0,1.0,0.3333333333333333,Medium,0
63,Prefer not to say,Healthcare,India,0.7833333333333331,0.02,0.1,0.7090909090909091,1.0,1.0,0.6666666666666666,High,2
31,Female,Sales,Germany,0.8666666666666666,0.28,0.0,0.6545454545454544,0.0,1.0,0.6666666666666666,Medium,1
45,Non-binary,IT,India,0.6999999999999998,0.36,1.0,0.1454545454545454,0.5,0.6666666666666666,0.3333333333333333,Low,0
20,Prefer not to say,Other,Canada,0.9499999999999998,0.12,0.1,0.0181818181818181,0.5,1.0,1.0,Medium,1
20,Male,Education,Canada,0.0333333333333333,0.5000000000000001,0.1,0.2909090909090909,0.0,0.0,0.6666666666666666,Medium,1
34,Non-binary,IT,Australia,0.3166666666666667,0.5200000000000001,0.9,0.9090909090909092,0.5,0.3333333333333333,0.6666666666666666,High,1
30,Female,Education,Australia,0.5333333333333333,0.3400000000000001,0.2,0.7272727272727273,1.0,1.0,0.6666666666666666,High,2
65,Prefer not to say,Sales,Other,0.65,0.16,0.8,0.4727272727272728,0.5,0.3333333333333333,0.0,Low,0
38,Prefer not to say,Sales,USA,0.2,0.14,1.0,0.5818181818181818,0.5,1.0,0.3333333333333333,Medium,0
36,Female,Sales,UK,0.0,0.6,0.0,0.3636363636363636,0.5,1.0,0.6666666666666666,High,1
64,Male,Sales,Germany,0.9499999999999998,0.94,0.3,0.1454545454545454,0.5,0.6666666666666666,1.0,High,1
53,Male,Finance,India,0.9833333333333332,0.7600000000000001,0.2,0.2909090909090909,1.0,0.3333333333333333,0.6666666666666666,High,2
54,Female,Finance,Canada,0.5333333333333333,0.64,0.2,0.0363636363636363,0.5,1.0,1.0,High,1
45,Female,IT,UK,0.1666666666666666,0.24,0.1,0.6727272727272727,1.0,1.0,0.0,High,2
21,Male,Other,USA,0.3666666666666666,0.66,0.2,0.5454545454545454,1.0,1.0,0.0,High,2
52,Female,Engineering,Australia,0.6,0.62,0.5,0.7818181818181817,0.0,0.6666666666666666,0.0,Medium,0
49,Female,Healthcare,Germany,0.8833333333333334,0.4,1.0,0.5636363636363636,0.5,0.0,0.0,Low,0
65,Prefer not to say,Engineering,Other,0.4666666666666667,0.42,0.9,0.4909090909090909,0.5,0.6666666666666666,0.3333333333333333,Medium,0
28,Prefer not to say,Finance,Germany,0.2833333333333333,0.86,0.5,0.6909090909090909,1.0,0.6666666666666666,0.6666666666666666,High,2
44,Male,Education,India,0.9,0.44,0.6000000000000001,0.8,1.0,0.3333333333333333,0.0,Medium,2
53,Male,IT,India,0.5833333333333334,0.14,0.8,0.2,0.0,0.3333333333333333,0.0,Low,0
59,Prefer not to say,Education,USA,0.9333333333333332,0.32,0.9,0.3636363636363636,0.5,0.6666666666666666,0.3333333333333333,Low,0
65,Non-binary,Engineering,Australia,0.1833333333333332,0.82,0.3,0.509090909090909,0.5,1.0,0.6666666666666666,High,1
51,Female,Education,Australia,0.2999999999999999,0.96,0.5,0.0545454545454545,1.0,0.6666666666666666,0.6666666666666666,High,2
30,Non-binary,Engineering,Other,0.5499999999999999,0.98,0.6000000000000001,0.6727272727272727,0.5,1.0,0.3333333333333333,High,0
24,Female,IT,Australia,0.6666666666666666,0.58,1.0,0.2363636363636363,0.5,0.3333333333333333,0.3333333333333333,Low,0
61,Female,Other,India,0.0,0.12,0.0,0.9090909090909092,0.5,0.6666666666666666,1.0,High,1
49,Non-binary,Healthcare,Germany,0.6666666666666666,0.7600000000000001,0.7000000000000001,0.4727272727272728,1.0,0.0,1.0,Medium,2
24,Prefer not to say,IT,UK,0.0833333333333333,0.02,0.6000000000000001,0.5636363636363636,1.0,0.6666666666666666,0.3333333333333333,High,2
54,Female,IT,UK,0.1166666666666667,0.08,0.1,0.7272727272727273,0.5,1.0,0.3333333333333333,High,0
64,Male,Other,USA,0.65,0.12,0.1,0.9636363636363636,0.5,0.3333333333333333,0.0,Medium,0
20,Male,Other,Australia,0.8166666666666668,0.62,0.3,0.1090909090909091,1.0,0.0,1.0,Medium,2
64,Non-binary,IT,Germany,0.2,0.08,0.1,0.6545454545454544,0.5,1.0,0.6666666666666666,High,1
48,Male,Education,UK,0.45,0.88,0.3,0.4727272727272728,1.0,0.6666666666666666,1.0,High,2
34,Female,Sales,India,0.2666666666666666,0.64,0.4,0.3090909090909091,1.0,1.0,0.3333333333333333,High,2
60,Non-binary,IT,Other,1.0,0.7600000000000001,0.4,0.3272727272727272,0.5,1.0,0.3333333333333333,Medium,0
59,Non-binary,Finance,UK,0.1666666666666666,0.58,0.2,0.7090909090909091,0.0,0.6666666666666666,0.0,High,0
45,Prefer not to say,Other,UK,0.2166666666666666,0.6,0.4,0.9636363636363636,0.0,0.6666666666666666,1.0,High,1
47,Non-binary,Other,Germany,0.45,0.38,1.0,0.3272727272727272,0.5,0.6666666666666666,0.6666666666666666,Medium,1
46,Prefer not to say,Sales,USA,0.9166666666666666,0.24,0.5,0.6363636363636364,0.5,1.0,0.6666666666666666,Medium,1
53,Non-binary,Other,UK,0.9333333333333332,0.4800000000000001,0.6000000000000001,0.2727272727272727,0.5,1.0,1.0,Medium,1
25,Male,IT,Australia,0.9166666666666666,0.7600000000000001,0.0,0.6727272727272727,0.5,0.6666666666666666,1.0,High,1
64,Female,Finance,USA,0.2,0.32,0.9,0.9818181818181818,0.5,0.0,1.0,Medium,1
27,Male,Healthcare,Australia,0.45,0.88,0.7000000000000001,0.2727272727272727,0.0,1.0,1.0,Medium,1
22,Prefer not to say,Sales,UK,0.45,0.7400000000000001,0.0,0.3636363636363636,0.5,0.6666666666666666,0.6666666666666666,High,1
39,Male,Healthcare,UK,0.8000000000000002,0.02,0.4,0.1454545454545454,0.0,0.6666666666666666,0.0,Low,0
35,Prefer not to say,Engineering,UK,0.2666666666666666,0.7400000000000001,0.8,0.7090909090909091,0.0,0.3333333333333333,0.0,Medium,0
27,Prefer not to say,Finance,Canada,0.2166666666666666,0.24,0.9,0.5454545454545454,1.0,0.6666666666666666,0.0,Medium,2
48,Prefer not to say,Finance,Australia,0.4333333333333332,0.7800000000000001,0.1,0.7818181818181817,0.0,0.3333333333333333,1.0,High,1
32,Non-binary,Engineering,Other,0.3166666666666667,0.7800000000000001,0.4,0.3454545454545454,0.5,1.0,0.3333333333333333,High,0
56,Non-binary,Finance,Other,0.4333333333333332,0.98,0.7000000000000001,0.0545454545454545,0.0,1.0,0.6666666666666666,Medium,1
26,Male,Finance,UK,0.8666666666666666,0.7200000000000001,0.9,0.0545454545454545,0.0,0.0,1.0,Low,1
20,Female,Sales,Other,0.7333333333333333,0.2,0.3,0.2,0.5,0.0,0.0,Low,0
22,Female,Healthcare,Australia,0.2666666666666666,0.68,0.9,0.5636363636363636,1.0,1.0,0.0,High,2
26,Male,IT,Canada,0.7333333333333333,0.92,0.0,0.7454545454545454,0.5,0.6666666666666666,0.0,High,0
27,Prefer not to say,Other,India,0.0333333333333333,0.0,1.0,0.1272727272727272,1.0,0.3333333333333333,0.0,Low,2
64,Female,IT,India,0.5333333333333333,0.5400000000000001,0.6000000000000001,0.0363636363636363,0.5,0.3333333333333333,0.6666666666666666,Medium,1
30,Prefer not to say,Other,Germany,0.15,0.5000000000000001,0.5,0.5272727272727272,0.5,0.3333333333333333,0.6666666666666666,High,1
46,Female,Sales,India,0.3833333333333332,0.9,0.8,0.5636363636363636,0.5,1.0,0.0,Medium,0
46,Male,Healthcare,USA,0.15,0.7800000000000001,0.4,0.6181818181818182,1.0,1.0,0.0,High,2
54,Female,Healthcare,Other,0.6666666666666666,0.0,0.8,0.2909090909090909,1.0,0.6666666666666666,0.3333333333333333,Low,2
52,Prefer not to say,Education,Germany,0.7666666666666665,0.86,0.4,0.8727272727272727,0.5,0.6666666666666666,0.3333333333333333,High,0
35,Non-binary,Engineering,Australia,0.4833333333333333,0.4,0.7000000000000001,0.7818181818181817,1.0,0.3333333333333333,0.0,Medium,2
61,Non-binary,Healthcare,India,0.7499999999999999,1.0,0.2,0.9454545454545454,1.0,1.0,0.0,High,2
22,Non-binary,Education,USA,0.3666666666666666,0.22,0.3,0.1090909090909091,1.0,0.6666666666666666,0.6666666666666666,High,2
24,Male,Sales,Canada,0.8666666666666666,0.2,0.1,0.4545454545454545,1.0,0.0,0.0,Low,2
20,Non-binary,IT,Other,0.4166666666666666,0.7800000000000001,1.0,0.4909090909090909,1.0,0.6666666666666666,1.0,High,2
59,Non-binary,IT,Australia,0.25,0.28,0.7000000000000001,0.1090909090909091,0.5,0.6666666666666666,0.6666666666666666,Medium,1
42,Male,Healthcare,Australia,0.65,0.68,0.1,1.0,0.0,1.0,0.3333333333333333,High,0
64,Male,Engineering,UK,0.35,0.92,0.3,0.6545454545454544,1.0,1.0,0.6666666666666666,High,2
64,Male,Sales,India,0.0999999999999999,0.14,0.1,0.4909090909090909,0.5,1.0,1.0,High,1
37,Non-binary,Sales,USA,0.3166666666666667,0.7600000000000001,0.4,0.6,1.0,0.3333333333333333,1.0,High,2
58,Prefer not to say,Finance,Australia,0.5166666666666665,0.1,1.0,0.6,1.0,1.0,0.3333333333333333,Medium,2
50,Non-binary,Healthcare,Canada,0.4333333333333332,0.96,0.3,0.8363636363636363,0.0,0.0,1.0,High,1
50,Non-binary,Engineering,India,0.9666666666666668,0.36,0.8,0.8727272727272727,0.0,0.3333333333333333,0.0,Low,0
57,Prefer not to say,Finance,Australia,0.3333333333333333,0.82,0.1,0.3454545454545454,0.5,0.3333333333333333,0.6666666666666666,High,1
19,Female,Healthcare,UK,0.4666666666666667,0.62,1.0,0.2363636363636363,0.0,1.0,0.0,Low,0
41,Prefer not to say,Sales,USA,0.0666666666666667,0.66,0.0,0.8545454545454546,1.0,0.3333333333333333,0.3333333333333333,High,2
60,Male,IT,USA,0.4,0.14,0.5,0.4727272727272728,0.0,0.0,0.0,Low,0
55,Male,Sales,Canada,0.6666666666666666,0.68,0.7000000000000001,0.1818181818181818,0.0,0.6666666666666666,0.3333333333333333,Low,0
41,Prefer not to say,Engineering,Australia,0.5666666666666668,0.58,0.1,0.9818181818181818,0.0,1.0,1.0,High,1
62,Male,Finance,India,0.45,0.32,0.5,0.4727272727272728,0.5,0.0,0.3333333333333333,Low,0
38,Prefer not to say,IT,USA,0.2833333333333333,0.3,0.4,0.2909090909090909,0.0,0.6666666666666666,0.0,Low,0
49,Female,Education,Canada,0.8666666666666666,0.28,0.5,0.2181818181818181,0.0,0.0,0.3333333333333333,Low,0
29,Non-binary,IT,USA,0.6,0.88,0.1,0.9090909090909092,0.0,0.3333333333333333,1.0,High,1
62,Female,Engineering,Canada,0.8000000000000002,0.44,0.9,0.2,0.5,0.3333333333333333,0.3333333333333333,Low,0
52,Male,Education,Germany,0.0,0.4800000000000001,0.6000000000000001,0.8545454545454546,0.0,1.0,0.6666666666666666,High,1
44,Female,Other,USA,0.6833333333333332,0.92,0.8,0.2363636363636363,1.0,0.6666666666666666,0.3333333333333333,Medium,2
36,Non-binary,Engineering,India,0.3666666666666666,0.5400000000000001,0.0,0.4363636363636363,1.0,0.3333333333333333,0.3333333333333333,High,2
60,Male,Other,UK,0.9833333333333332,0.4800000000000001,0.1,0.9272727272727272,0.5,0.3333333333333333,1.0,High,1
20,Prefer not to say,Sales,Other,0.35,0.32,0.9,0.5818181818181818,0.0,0.0,0.0,Low,0
55,Prefer not to say,Healthcare,Other,0.8666666666666666,0.38,0.4,0.0727272727272727,0.0,1.0,0.3333333333333333,Low,0
30,Female,Education,Australia,0.6999999999999998,0.7800000000000001,0.6000000000000001,0.2363636363636363,1.0,1.0,0.0,Medium,2
41,Male,Other,Canada,0.7499999999999999,0.26,0.9,0.5272727272727272,1.0,0.0,1.0,Low,2
35,Female,Other,India,0.35,0.42,0.9,0.0,0.0,0.0,0.6666666666666666,Low,1
56,Non-binary,Sales,Germany,0.15,0.14,0.6000000000000001,0.4363636363636363,1.0,1.0,1.0,High,2
35,Prefer not to say,Healthcare,Other,0.9666666666666668,0.16,0.1,0.1818181818181818,0.0,0.0,0.0,Low,0
46,Prefer not to say,IT,Other,0.0166666666666666,0.5599999999999999,1.0,0.7272727272727273,0.0,1.0,0.0,Medium,0
61,Female,Education,India,0.2833333333333333,0.38,0.0,0.0181818181818181,1.0,1.0,0.3333333333333333,High,2
31,Female,IT,UK,0.6666666666666666,0.16,0.1,0.1454545454545454,1.0,0.0,0.3333333333333333,Low,2
63,Non-binary,Sales,Germany,0.9499999999999998,0.96,0.5,0.4,1.0,0.6666666666666666,0.3333333333333333,High,2
48,Female,Finance,Canada,0.6833333333333332,0.88,0.2,0.0727272727272727,1.0,1.0,0.6666666666666666,High,2
54,Male,Other,UK,0.0166666666666666,0.02,0.2,0.8727272727272727,0.0,0.6666666666666666,0.3333333333333333,High,0
36,Prefer not to say,Engineering,USA,0.9166666666666666,0.5200000000000001,0.2,0.9090909090909092,1.0,0.6666666666666666,1.0,High,2
32,Male,Finance,Germany,0.9833333333333332,0.7600000000000001,0.2,0.4363636363636363,1.0,0.0,0.0,Medium,2
35,Female,Engineering,Germany,0.6333333333333332,0.04,1.0,0.0,1.0,0.0,0.3333333333333333,Low,2
45,Male,Sales,USA,0.6999999999999998,0.4,0.3,0.9272727272727272,1.0,0.6666666666666666,1.0,High,2
61,Prefer not to say,Other,Other,0.0833333333333333,0.88,0.0,0.3636363636363636,1.0,0.0,0.6666666666666666,High,2
44,Prefer not to say,Healthcare,Australia,0.7333333333333333,0.7200000000000001,0.4,0.3272727272727272,0.5,1.0,0.3333333333333333,Medium,0
21,Male,Finance,Canada,0.2833333333333333,0.16,0.1,0.2909090909090909,1.0,0.6666666666666666,1.0,High,2
25,Female,Healthcare,Australia,0.7666666666666665,0.88,0.5,0.4909090909090909,0.5,0.0,1.0,Medium,1
30,Male,Sales,Germany,0.6,0.44,0.3,0.7636363636363637,1.0,0.3333333333333333,1.0,High,2
28,Prefer not to say,Sales,Canada,0.5166666666666665,0.32,0.5,0.2727272727272727,0.5,1.0,1.0,Medium,1
18,Male,Education,UK,0.0833333333333333,0.92,0.6000000000000001,0.1090909090909091,1.0,0.3333333333333333,1.0,High,2
58,Non-binary,Healthcare,UK,0.65,0.18,0.6000000000000001,0.4727272727272728,0.0,0.0,0.0,Low,0
59,Prefer not to say,Education,UK,0.15,0.1,0.5,0.1090909090909091,0.0,1.0,0.6666666666666666,Medium,1
54,Female,Engineering,India,0.5666666666666668,0.16,0.6000000000000001,0.6545454545454544,0.0,0.6666666666666666,0.0,Low,0
35,Male,Healthcare,Australia,0.9499999999999998,0.24,0.8,0.3818181818181818,1.0,0.6666666666666666,1.0,Medium,2
42,Female,Engineering,Germany,0.8000000000000002,0.42,0.1,0.9636363636363636,1.0,0.0,0.6666666666666666,High,2
41,Male,Other,Other,0.9833333333333332,0.9,0.9,0.9818181818181818,0.5,0.3333333333333333,0.3333333333333333,Medium,0
38,Non-binary,Other,Canada,0.4166666666666666,0.16,0.8,0.1272727272727272,0.5,0.3333333333333333,0.0,Low,0
20,Female,IT,USA,0.9833333333333332,0.5200000000000001,0.9,0.8363636363636363,0.0,0.0,0.6666666666666666,Low,1
60,Female,Engineering,UK,0.4333333333333332,0.9,0.4,0.8181818181818182,1.0,0.3333333333333333,0.6666666666666666,High,2
25,Prefer not to say,Sales,Canada,0.5166666666666665,0.2,1.0,0.6545454545454544,0.0,0.6666666666666666,0.3333333333333333,Low,0
65,Prefer not to say,Other,Germany,0.6833333333333332,0.4600000000000001,0.8,0.4363636363636363,0.0,0.3333333333333333,0.3333333333333333,Low,0
48,Female,Sales,USA,0.4166666666666666,0.7000000000000001,1.0,0.6727272727272727,1.0,0.6666666666666666,1.0,High,2
21,Male,Finance,Australia,0.7666666666666665,0.68,0.2,0.0181818181818181,1.0,0.6666666666666666,1.0,High,2
49,Male,Finance,Canada,0.3833333333333332,0.4800000000000001,0.8,0.2545454545454545,0.0,0.0,0.0,Low,0
50,Non-binary,Engineering,India,0.8000000000000002,0.86,0.4,0.2,0.0,0.3333333333333333,0.3333333333333333,Low,0
32,Male,Healthcare,UK,0.2833333333333333,0.7800000000000001,0.3,0.3454545454545454,0.5,0.3333333333333333,0.6666666666666666,High,1
26,Prefer not to say,Education,USA,0.0999999999999999,0.38,0.3,0.6,1.0,0.3333333333333333,0.6666666666666666,High,2
18,Male,Other,Other,0.65,0.62,0.9,0.2545454545454545,1.0,0.3333333333333333,0.6666666666666666,Medium,2
42,Female,Engineering,Australia,0.0333333333333333,0.96,0.2,0.9818181818181818,0.5,0.6666666666666666,0.6666666666666666,High,1
56,Male,Finance,Canada,0.1166666666666667,0.88,0.0,0.3454545454545454,0.5,0.3333333333333333,1.0,High,1
48,Female,Engineering,Germany,0.7833333333333331,0.06,1.0,0.2,0.5,1.0,0.6666666666666666,Low,1
47,Male,Other,India,0.1833333333333332,0.5000000000000001,0.8,0.8545454545454546,0.0,0.6666666666666666,0.0,Medium,0
23,Male,Other,India,0.4666666666666667,0.2,0.2,0.8363636363636363,0.0,0.0,1.0,Medium,1
63,Male,Education,Germany,0.65,0.14,0.3,0.1454545454545454,0.0,1.0,0.0,Low,0
52,Non-binary,Sales,Germany,0.9,0.08,0.3,0.2909090909090909,0.5,0.0,0.3333333333333333,Low,0
40,Prefer not to say,Healthcare,Germany,0.0833333333333333,0.12,0.2,0.0545454545454545,0.5,0.3333333333333333,0.3333333333333333,Medium,0
50,Male,Education,India,0.3333333333333333,0.08,0.7000000000000001,0.0727272727272727,0.0,0.3333333333333333,0.0,Low,0
39,Non-binary,Healthcare,Germany,0.2,0.04,0.8,0.9454545454545454,1.0,1.0,0.6666666666666666,High,2
39,Non-binary,Healthcare,Canada,0.1666666666666666,0.26,0.9,0.5454545454545454,0.5,0.0,0.0,Low,0
36,Male,Education,Germany,0.2333333333333334,0.4800000000000001,0.3,0.1454545454545454,0.0,0.3333333333333333,0.3333333333333333,Medium,0
27,Prefer not to say,IT,UK,0.9333333333333332,0.06,0.1,0.1818181818181818,1.0,1.0,0.3333333333333333,Medium,2
50,Non-binary,Education,UK,0.7666666666666665,0.26,0.8,0.1272727272727272,0.0,0.6666666666666666,0.3333333333333333,Low,0
26,Male,Finance,Germany,0.8666666666666666,0.58,0.2,0.4,0.0,0.3333333333333333,0.6666666666666666,Medium,1
63,Male,Sales,USA,0.2333333333333334,0.62,0.9,0.2363636363636363,1.0,0.6666666666666666,1.0,High,2
51,Prefer not to say,Other,USA,0.2666666666666666,0.4,0.3,0.7818181818181817,1.0,1.0,0.6666666666666666,High,2
40,Non-binary,Education,USA,0.8000000000000002,0.58,0.0,0.4909090909090909,0.5,0.6666666666666666,1.0,High,1
37,Prefer not to say,IT,UK,0.9833333333333332,0.3400000000000001,0.2,0.5454545454545454,1.0,0.0,0.3333333333333333,Medium,2
62,Non-binary,Engineering,USA,0.0999999999999999,0.2,0.2,0.6909090909090909,1.0,0.6666666666666666,0.6666666666666666,High,2
41,Male,Engineering,USA,0.0833333333333333,0.08,0.1,0.8363636363636363,0.0,0.3333333333333333,1.0,High,1
36,Male,Education,India,0.7666666666666665,1.0,0.5,0.7636363636363637,0.5,1.0,0.3333333333333333,High,0
61,Female,Engineering,Other,0.2666666666666666,0.4600000000000001,0.5,0.6181818181818182,0.5,0.6666666666666666,0.3333333333333333,High,0
44,Female,IT,Other,0.6999999999999998,0.44,0.5,0.1454545454545454,0.0,0.0,0.3333333333333333,Low,0
33,Non-binary,Sales,Other,0.4666666666666667,0.22,0.2,0.3090909090909091,0.0,0.0,0.3333333333333333,Low,0
32,Male,Sales,USA,0.7166666666666667,0.94,0.1,0.2181818181818181,0.5,0.6666666666666666,1.0,High,1
58,Female,IT,USA,0.6166666666666666,0.7800000000000001,0.6000000000000001,0.8727272727272727,0.0,0.3333333333333333,0.6666666666666666,High,1
24,Non-binary,Engineering,USA,0.85,0.7400000000000001,0.5,0.2363636363636363,0.0,1.0,0.0,Low,0
19,Prefer not to say,Other,Other,0.1666666666666666,0.0,0.8,0.5454545454545454,1.0,0.6666666666666666,0.6666666666666666,High,2
44,Prefer not to say,Finance,Canada,0.4166666666666666,0.64,0.2,0.890909090909091,0.0,0.6666666666666666,1.0,High,1
56,Non-binary,Finance,Germany,0.3833333333333332,0.8000000000000002,0.3,0.8545454545454546,0.5,1.0,1.0,High,1
57,Non-binary,Finance,Canada,0.3666666666666666,1.0,1.0,0.6545454545454544,0.5,1.0,1.0,High,1
28,Female,Sales,Germany,0.0999999999999999,0.3400000000000001,0.8,0.3818181818181818,1.0,1.0,0.6666666666666666,High,2
51,Non-binary,Healthcare,Germany,0.3166666666666667,0.86,0.0,0.4363636363636363,1.0,0.0,0.6666666666666666,High,2
48,Non-binary,Other,USA,0.7499999999999999,0.16,0.7000000000000001,0.2363636363636363,1.0,0.3333333333333333,0.6666666666666666,Low,2
42,Female,Healthcare,Germany,0.9333333333333332,0.64,0.8,0.509090909090909,0.0,0.3333333333333333,0.6666666666666666,Low,1
63,Non-binary,Finance,Germany,0.35,0.04,0.0,0.7636363636363637,0.0,0.6666666666666666,0.6666666666666666,High,1
41,Non-binary,Education,Other,0.0666666666666667,0.04,0.3,0.890909090909091,1.0,0.0,1.0,High,2
19,Non-binary,Healthcare,USA,0.45,0.3400000000000001,0.1,0.8363636363636363,0.0,0.3333333333333333,0.0,Medium,0
50,Prefer not to say,Sales,UK,0.2999999999999999,0.26,0.7000000000000001,0.3454545454545454,0.5,0.3333333333333333,0.0,Low,0
39,Prefer not to say,Engineering,UK,0.35,0.92,0.2,0.6545454545454544,0.0,0.6666666666666666,0.6666666666666666,High,1
35,Female,Engineering,Other,0.8666666666666666,0.04,0.7000000000000001,0.0909090909090909,0.5,1.0,0.3333333333333333,Low,0
45,Non-binary,Finance,Canada,0.6999999999999998,0.24,0.9,0.1272727272727272,0.0,1.0,0.3333333333333333,Low,0
48,Male,Education,Canada,0.6999999999999998,0.7600000000000001,0.2,0.0545454545454545,0.5,1.0,1.0,High,1
55,Male,Healthcare,India,0.6666666666666666,0.06,0.9,0.509090909090909,0.5,0.6666666666666666,0.0,Low,0
49,Non-binary,Sales,Germany,0.2666666666666666,0.82,1.0,0.5636363636363636,0.0,0.6666666666666666,1.0,High,1
60,Prefer not to say,Healthcare,Germany,0.9833333333333332,0.92,0.1,0.509090909090909,1.0,1.0,0.6666666666666666,High,2
59,Male,Other,USA,0.9833333333333332,0.7600000000000001,0.7000000000000001,0.0181818181818181,0.5,0.3333333333333333,0.0,Low,0
62,Male,Healthcare,Canada,0.6833333333333332,0.62,0.4,0.1818181818181818,0.0,1.0,0.0,Low,0
26,Male,Healthcare,Canada,0.2,0.04,0.9,0.0909090909090909,0.0,1.0,0.3333333333333333,Low,0
40,Male,Education,USA,0.3833333333333332,0.32,0.3,0.7818181818181817,1.0,0.0,0.0,Medium,2
18,Female,Other,Germany,0.5333333333333333,0.02,0.8,0.2,0.5,0.0,0.3333333333333333,Low,0
58,Female,Finance,Other,0.2333333333333334,0.7200000000000001,0.8,0.6545454545454544,1.0,1.0,0.0,High,2
47,Non-binary,Healthcare,Australia,0.3166666666666667,0.88,0.6000000000000001,0.4,0.5,0.0,0.6666666666666666,High,1
28,Female,Other,Other,0.3833333333333332,0.3,0.4,0.6909090909090909,0.5,0.6666666666666666,1.0,High,1
51,Prefer not to say,Education,Canada,0.7499999999999999,1.0,0.6000000000000001,0.5636363636363636,1.0,0.6666666666666666,0.3333333333333333,High,2
27,Female,Healthcare,Germany,0.5166666666666665,0.06,0.7000000000000001,0.2909090909090909,1.0,0.3333333333333333,0.0,Low,2
50,Female,Healthcare,USA,0.45,0.88,0.3,0.6181818181818182,0.5,0.0,0.6666666666666666,High,1
33,Female,Education,Other,0.3333333333333333,0.2,0.1,0.1454545454545454,0.0,1.0,0.6666666666666666,Medium,1
55,Female,Healthcare,Australia,0.1333333333333333,0.44,0.4,0.4181818181818181,0.0,0.3333333333333333,0.3333333333333333,Medium,0
63,Non-binary,Finance,Germany,0.4999999999999999,0.26,0.5,0.2545454545454545,0.5,0.0,0.0,Low,0
37,Female,Education,UK,0.4166666666666666,0.96,0.0,0.2181818181818181,0.5,0.6666666666666666,0.6666666666666666,High,1
42,Non-binary,Finance,Germany,0.1833333333333332,0.64,0.1,0.8181818181818182,0.0,1.0,0.6666666666666666,High,1
38,Non-binary,Education,Australia,0.8833333333333334,0.5400000000000001,0.9,0.9272727272727272,1.0,0.0,0.0,Low,2
49,Female,Sales,Other,0.6833333333333332,0.3400000000000001,0.5,0.509090909090909,0.0,1.0,0.0,Low,0
55,Prefer not to say,Engineering,Germany,0.4999999999999999,0.7200000000000001,0.6000000000000001,0.3272727272727272,1.0,0.3333333333333333,0.0,Medium,2
48,Female,Healthcare,UK,0.35,0.96,0.3,0.4727272727272728,0.5,1.0,1.0,High,1
23,Female,Finance,India,0.65,0.7800000000000001,0.8,0.7636363636363637,1.0,0.6666666666666666,0.3333333333333333,High,2
57,Male,IT,UK,0.85,0.7200000000000001,0.0,0.0727272727272727,0.0,0.3333333333333333,1.0,Medium,1
61,Male,Finance,Canada,0.8333333333333334,0.0,0.9,0.9636363636363636,0.5,1.0,0.0,Low,0
28,Female,IT,India,0.8333333333333334,0.26,0.8,0.5454545454545454,0.0,1.0,1.0,Low,1
23,Prefer not to say,Engineering,India,0.0333333333333333,0.38,0.4,0.8181818181818182,0.0,1.0,1.0,High,1
51,Non-binary,Healthcare,Canada,0.5333333333333333,0.36,0.4,0.5272727272727272,1.0,0.3333333333333333,0.6666666666666666,High,2
43,Non-binary,Sales,India,0.1333333333333333,0.84,0.9,0.4363636363636363,0.0,0.0,0.6666666666666666,Medium,1
42,Non-binary,Finance,Germany,0.2833333333333333,0.04,0.0,0.4727272727272728,0.5,0.3333333333333333,0.6666666666666666,High,1
27,Female,Sales,Germany,0.8333333333333334,0.32,1.0,0.3272727272727272,1.0,1.0,0.0,Low,2
49,Female,Healthcare,USA,0.2999999999999999,0.18,0.9,0.8727272727272727,0.5,0.0,0.6666666666666666,Medium,1
20,Male,Healthcare,USA,0.3833333333333332,0.38,0.1,0.7454545454545454,0.0,0.6666666666666666,0.3333333333333333,High,0
53,Non-binary,Sales,Germany,0.9,0.12,0.6000000000000001,0.3272727272727272,0.0,0.3333333333333333,0.3333333333333333,Low,0
60,Prefer not to say,IT,Canada,0.3166666666666667,0.7400000000000001,0.2,0.3636363636363636,0.0,0.6666666666666666,1.0,High,1
57,Male,Finance,Australia,0.6,0.58,0.6000000000000001,0.3272727272727272,0.5,0.3333333333333333,0.0,Low,0
52,Female,Healthcare,Germany,0.85,0.84,0.3,0.1636363636363636,0.5,0.3333333333333333,0.3333333333333333,Medium,0
54,Prefer not to say,Sales,India,0.9333333333333332,0.28,0.9,0.8545454545454546,0.0,0.0,0.6666666666666666,Low,1
31,Prefer not to say,Finance,Australia,0.5333333333333333,0.84,0.0,0.6909090909090909,0.5,0.0,1.0,High,1
22,Male,Other,Australia,0.7333333333333333,0.84,0.8,0.2,1.0,0.0,0.0,Low,2
38,Non-binary,IT,Australia,0.9499999999999998,0.04,0.4,0.2,1.0,0.6666666666666666,0.0,Low,2
27,Female,Finance,USA,0.6166666666666666,0.22,0.3,0.2727272727272727,0.5,0.0,0.3333333333333333,Low,0
38,Non-binary,Engineering,UK,0.4833333333333333,0.08,0.0,0.8727272727272727,1.0,0.0,0.0,Medium,2
26,Female,Sales,UK,0.0333333333333333,0.5599999999999999,0.2,0.1818181818181818,0.5,0.6666666666666666,0.3333333333333333,High,0
57,Prefer not to say,Engineering,India,0.5166666666666665,0.7800000000000001,0.9,0.1636363636363636,0.0,0.6666666666666666,0.6666666666666666,Medium,1
51,Female,Other,Other,0.1833333333333332,0.5200000000000001,0.6000000000000001,0.4545454545454545,0.0,0.6666666666666666,1.0,High,1
63,Male,IT,UK,0.3666666666666666,0.7600000000000001,1.0,0.7090909090909091,1.0,1.0,0.3333333333333333,High,2
33,Prefer not to say,Other,Canada,0.2666666666666666,0.6,0.7000000000000001,0.8181818181818182,1.0,1.0,1.0,High,2
52,Non-binary,IT,Canada,0.0833333333333333,0.9,0.9,0.9636363636363636,0.5,0.6666666666666666,0.0,High,0
54,Female,Engineering,Germany,0.2666666666666666,1.0,0.3,0.8,0.5,0.0,0.3333333333333333,High,0
33,Prefer not to say,Education,UK,0.8333333333333334,0.88,0.3,0.0363636363636363,0.5,1.0,0.6666666666666666,High,1
29,Non-binary,IT,Other,0.4833333333333333,0.64,1.0,0.8545454545454546,0.5,0.0,0.6666666666666666,Medium,1
42,Female,Finance,UK,0.8333333333333334,0.7600000000000001,0.8,0.2727272727272727,0.5,0.6666666666666666,0.0,Low,0
23,Male,Finance,Canada,0.3166666666666667,0.86,0.9,0.9636363636363636,1.0,0.3333333333333333,0.0,High,2
52,Female,IT,UK,0.85,0.22,0.5,0.1818181818181818,0.5,0.3333333333333333,0.0,Low,0
32,Female,Healthcare,USA,0.45,0.6,0.6000000000000001,0.6727272727272727,1.0,1.0,0.3333333333333333,High,2
28,Female,Engineering,India,0.1833333333333332,0.98,0.7000000000000001,0.7818181818181817,0.5,1.0,1.0,High,1
24,Non-binary,Education,Other,0.5499999999999999,0.22,0.3,0.8545454545454546,0.0,0.0,0.0,Low,0
38,Non-binary,Sales,USA,0.4833333333333333,0.38,0.3,0.1454545454545454,0.5,0.0,1.0,Medium,1
20,Prefer not to say,Other,UK,0.2,0.02,0.0,0.8181818181818182,1.0,0.0,1.0,High,2
48,Female,IT,India,0.0333333333333333,0.32,0.6000000000000001,0.1090909090909091,1.0,1.0,1.0,High,2
19,Male,Education,Australia,0.5666666666666668,0.24,0.3,0.890909090909091,0.5,0.3333333333333333,0.6666666666666666,High,1
54,Male,Education,Other,0.9666666666666668,0.4600000000000001,0.7000000000000001,0.2,1.0,0.3333333333333333,0.3333333333333333,Low,2
24,Prefer not to say,Sales,Australia,0.9499999999999998,0.66,0.9,0.4181818181818181,0.5,1.0,0.3333333333333333,Medium,0
26,Female,Engineering,Australia,0.7333333333333333,0.06,0.8,0.7818181818181817,0.0,0.3333333333333333,0.3333333333333333,Low,0
29,Non-binary,Finance,Other,0.5333333333333333,0.2,0.5,0.8363636363636363,1.0,0.6666666666666666,0.3333333333333333,High,2
56,Female,Other,Canada,0.7166666666666667,0.2,0.6000000000000001,0.0545454545454545,1.0,0.0,1.0,Low,2
38,Prefer not to say,Healthcare,Germany,0.9333333333333332,0.28,0.6000000000000001,0.9090909090909092,0.5,0.0,0.3333333333333333,Low,0
29,Prefer not to say,IT,India,0.7833333333333331,0.18,0.4,0.5454545454545454,0.5,0.0,1.0,Low,1
39,Male,Finance,Australia,0.8666666666666666,0.0,1.0,0.5636363636363636,1.0,1.0,1.0,Medium,2
44,Female,Sales,USA,0.9499999999999998,0.38,0.7000000000000001,0.1090909090909091,0.5,0.0,0.3333333333333333,Low,0
65,Male,Finance,Canada,0.4999999999999999,0.28,0.5,0.5272727272727272,0.0,0.0,0.3333333333333333,Low,0
22,Prefer not to say,Sales,Canada,0.1166666666666667,0.42,1.0,0.890909090909091,1.0,0.0,0.6666666666666666,High,2
48,Non-binary,Finance,Germany,0.5833333333333334,0.3,0.4,0.2727272727272727,0.5,0.0,0.3333333333333333,Low,0
43,Male,Other,UK,0.2,0.14,0.0,0.3090909090909091,1.0,1.0,0.3333333333333333,High,2
39,Male,Healthcare,Germany,0.5833333333333334,0.82,0.5,0.890909090909091,0.0,0.3333333333333333,1.0,High,1
32,Prefer not to say,Engineering,Australia,0.1666666666666666,0.5599999999999999,0.0,0.0363636363636363,1.0,0.0,0.0,Medium,2
24,Non-binary,Education,USA,0.6999999999999998,0.7000000000000001,0.2,0.6727272727272727,0.0,0.6666666666666666,0.3333333333333333,High,0
31,Prefer not to say,Healthcare,Canada,0.35,0.88,0.5,0.7090909090909091,1.0,1.0,0.0,High,2
34,Male,Sales,USA,0.8000000000000002,0.2,0.1,1.0,0.0,0.6666666666666666,0.3333333333333333,Medium,0
27,Male,Other,India,0.4833333333333333,0.36,0.5,0.5272727272727272,0.0,0.3333333333333333,0.6666666666666666,Medium,1
43,Prefer not to say,Education,India,0.35,0.96,1.0,0.3272727272727272,0.0,0.0,1.0,Low,1
29,Male,Finance,Other,0.1833333333333332,0.5400000000000001,0.7000000000000001,0.5272727272727272,0.0,0.3333333333333333,0.0,Low,0
33,Female,Engineering,India,0.5666666666666668,0.68,0.0,0.4363636363636363,0.0,0.6666666666666666,1.0,High,1
44,Male,Finance,USA,0.1666666666666666,0.08,0.3,0.8363636363636363,1.0,0.0,0.6666666666666666,High,2
44,Male,Sales,Canada,0.0,0.3,0.9,0.8,0.0,0.3333333333333333,0.6666666666666666,Medium,1
62,Non-binary,Finance,Australia,1.0,0.68,0.0,0.7454545454545454,0.5,1.0,1.0,High,1
32,Male,IT,Canada,0.7833333333333331,0.38,1.0,0.1090909090909091,0.0,0.0,0.0,Low,0
53,Prefer not to say,Finance,Canada,0.85,0.92,0.7000000000000001,0.3090909090909091,0.0,0.6666666666666666,0.0,Low,0
63,Prefer not to say,Other,USA,0.9333333333333332,0.62,0.0,0.7818181818181817,0.0,1.0,1.0,High,1
41,Female,Engineering,Germany,0.4333333333333332,0.38,0.8,0.890909090909091,0.5,0.0,0.0,Low,0
18,Non-binary,Other,Australia,0.5166666666666665,0.08,0.4,0.1272727272727272,0.0,0.6666666666666666,0.3333333333333333,Low,0
50,Non-binary,Education,Australia,0.25,0.44,0.1,0.5818181818181818,0.5,0.6666666666666666,0.0,High,0
56,Male,Education,Other,0.7499999999999999,0.4600000000000001,0.7000000000000001,0.8,1.0,0.0,0.0,Low,2
37,Non-binary,Sales,UK,0.0833333333333333,0.4800000000000001,0.0,0.3636363636363636,1.0,0.3333333333333333,0.0,High,2
29,Male,Sales,UK,0.2999999999999999,0.4600000000000001,0.5,0.0,1.0,0.3333333333333333,0.6666666666666666,High,2
64,Female,Education,India,0.9,0.38,0.0,0.6545454545454544,1.0,1.0,0.3333333333333333,High,2
35,Male,Engineering,Australia,0.35,0.5200000000000001,0.9,0.890909090909091,1.0,0.3333333333333333,1.0,High,2
19,Non-binary,Healthcare,Canada,0.5166666666666665,0.04,0.5,0.1636363636363636,0.0,0.6666666666666666,0.0,Low,0
31,Male,Sales,Canada,0.0166666666666666,0.5400000000000001,0.7000000000000001,0.7636363636363637,1.0,0.0,0.6666666666666666,High,2
55,Male,Finance,Other,0.2999999999999999,0.9,0.8,0.5636363636363636,1.0,0.0,0.6666666666666666,High,2
50,Male,Engineering,USA,0.3166666666666667,0.62,0.3,0.7272727272727273,0.0,0.0,0.0,Medium,0
49,Non-binary,Healthcare,Australia,0.4666666666666667,0.32,0.8,0.7636363636363637,1.0,1.0,1.0,High,2
44,Female,Other,USA,0.3666666666666666,0.96,0.6000000000000001,0.4727272727272728,0.5,1.0,0.3333333333333333,High,0
65,Male,Finance,Other,0.4333333333333332,0.8000000000000002,0.4,0.3636363636363636,0.0,1.0,1.0,High,1
24,Male,Education,Germany,0.2333333333333334,0.5599999999999999,0.1,0.6,1.0,0.0,1.0,High,2
31,Female,Healthcare,Canada,0.0666666666666667,0.06,0.2,0.9818181818181818,0.0,0.3333333333333333,0.0,Medium,0
35,Prefer not to say,Sales,Australia,0.4333333333333332,0.6,0.6000000000000001,0.2909090909090909,0.0,0.0,0.6666666666666666,Low,1
62,Non-binary,Education,UK,0.2333333333333334,0.5200000000000001,0.7000000000000001,0.9636363636363636,1.0,0.6666666666666666,0.3333333333333333,High,2
53,Female,Healthcare,Germany,0.0666666666666667,0.16,0.2,0.7090909090909091,1.0,0.3333333333333333,0.6666666666666666,High,2
61,Male,Sales,Australia,0.9166666666666666,0.6,0.3,0.509090909090909,1.0,0.0,0.3333333333333333,Medium,2
59,Male,Sales,Canada,0.9,0.4600000000000001,0.3,0.8363636363636363,1.0,0.0,1.0,High,2
50,Non-binary,Engineering,Germany,0.2833333333333333,0.4600000000000001,0.5,0.8181818181818182,1.0,0.3333333333333333,0.3333333333333333,High,2
23,Male,Healthcare,Canada,0.8333333333333334,0.7400000000000001,0.0,0.4363636363636363,1.0,0.6666666666666666,1.0,High,2
41,Male,Other,Other,0.7166666666666667,0.66,0.1,0.4727272727272728,0.5,0.3333333333333333,1.0,High,1
42,Female,Sales,Canada,0.9833333333333332,0.58,0.2,0.1818181818181818,0.0,0.3333333333333333,0.3333333333333333,Low,0
49,Non-binary,Sales,UK,0.8833333333333334,0.2,1.0,0.2545454545454545,0.0,0.6666666666666666,0.0,Low,0
20,Female,Other,USA,0.7166666666666667,0.38,0.8,0.1454545454545454,1.0,0.3333333333333333,0.0,Low,2
43,Female,IT,Canada,0.0,0.24,0.7000000000000001,0.5454545454545454,0.5,0.6666666666666666,0.3333333333333333,Medium,0
35,Female,Finance,UK,0.7833333333333331,0.12,0.4,0.2727272727272727,0.5,0.0,0.3333333333333333,Low,0
58,Non-binary,Engineering,UK,0.1333333333333333,0.98,0.0,0.3090909090909091,1.0,0.3333333333333333,0.6666666666666666,High,2
35,Female,IT,USA,0.9,0.84,0.1,0.9090909090909092,1.0,1.0,0.0,High,2
54,Male,Education,UK,0.35,0.84,0.0,0.7818181818181817,1.0,1.0,0.6666666666666666,High,2
37,Female,Finance,India,0.6333333333333332,0.1,0.1,0.6,1.0,0.6666666666666666,0.3333333333333333,High,2
37,Prefer not to say,Finance,Germany,0.2666666666666666,0.94,0.5,0.6727272727272727,0.0,0.3333333333333333,1.0,High,1
25,Prefer not to say,Other,USA,0.3166666666666667,0.64,0.0,0.3636363636363636,0.5,0.0,0.6666666666666666,High,1
35,Non-binary,Sales,Australia,0.6166666666666666,0.28,0.8,0.4727272727272728,1.0,0.3333333333333333,0.0,Low,2
51,Male,Engineering,USA,0.3333333333333333,0.7200000000000001,0.9,0.7454545454545454,0.5,0.6666666666666666,0.3333333333333333,High,0
58,Prefer not to say,Sales,USA,0.15,0.9,0.0,0.5818181818181818,0.5,1.0,0.3333333333333333,High,0
51,Prefer not to say,Engineering,Australia,0.5333333333333333,0.92,0.7000000000000001,0.0909090909090909,0.5,0.3333333333333333,0.6666666666666666,Medium,1
36,Non-binary,Healthcare,Canada,0.9,0.12,0.7000000000000001,0.2363636363636363,1.0,1.0,0.0,Low,2
63,Non-binary,Other,Canada,0.0166666666666666,0.14,0.6000000000000001,0.1454545454545454,0.5,0.6666666666666666,0.3333333333333333,Medium,0
63,Male,Healthcare,Australia,0.25,0.5200000000000001,0.8,0.9090909090909092,1.0,1.0,1.0,High,2
35,Non-binary,IT,Canada,0.3833333333333332,0.7000000000000001,0.2,0.2363636363636363,0.0,0.6666666666666666,0.6666666666666666,High,1
48,Female,IT,USA,0.0666666666666667,0.7000000000000001,0.3,0.8363636363636363,0.5,0.0,0.6666666666666666,High,1
59,Prefer not to say,Finance,UK,0.6666666666666666,0.58,1.0,0.4363636363636363,0.5,0.6666666666666666,1.0,Medium,1
40,Female,Engineering,Canada,0.2166666666666666,0.9,0.5,0.8,0.0,0.0,0.6666666666666666,High,1
41,Non-binary,Other,Canada,0.9499999999999998,0.3,0.3,0.8181818181818182,0.0,0.3333333333333333,1.0,Medium,1
40,Non-binary,Sales,India,0.9499999999999998,0.28,1.0,0.9454545454545454,0.5,0.0,0.6666666666666666,Low,1
56,Male,IT,Canada,0.45,0.3400000000000001,0.0,0.6181818181818182,1.0,0.0,1.0,High,2
18,Male,Engineering,Other,0.6999999999999998,0.2,0.8,0.0,1.0,0.0,0.6666666666666666,Low,2
20,Non-binary,Other,Canada,0.4,0.4600000000000001,0.7000000000000001,0.3636363636363636,1.0,0.6666666666666666,0.6666666666666666,High,2
43,Non-binary,IT,Canada,0.7499999999999999,0.38,0.7000000000000001,0.6909090909090909,1.0,0.6666666666666666,0.6666666666666666,High,2
49,Male,Healthcare,Germany,0.15,0.12,0.5,0.9272727272727272,0.0,0.6666666666666666,0.6666666666666666,High,1
26,Non-binary,Healthcare,UK,0.7666666666666665,0.9,0.1,0.6181818181818182,0.0,1.0,0.0,Medium,0
32,Male,Education,Canada,0.1833333333333332,0.38,0.2,0.2909090909090909,0.0,1.0,0.6666666666666666,High,1
39,Female,Finance,USA,0.7166666666666667,0.4800000000000001,1.0,0.2545454545454545,1.0,0.3333333333333333,0.3333333333333333,Low,2
27,Female,Healthcare,UK,0.6833333333333332,0.26,0.8,0.8727272727272727,1.0,0.3333333333333333,0.6666666666666666,Medium,2
32,Prefer not to say,Healthcare,India,0.7666666666666665,0.4600000000000001,0.8,0.8181818181818182,0.0,1.0,0.6666666666666666,Medium,1
53,Female,Education,India,0.2666666666666666,0.6,0.4,0.3454545454545454,0.0,0.6666666666666666,0.6666666666666666,High,1
47,Prefer not to say,IT,Germany,0.7166666666666667,0.2,0.8,0.2363636363636363,0.5,0.0,1.0,Low,1
42,Female,Education,USA,0.2166666666666666,0.4600000000000001,0.6000000000000001,0.7818181818181817,1.0,0.6666666666666666,0.0,High,2
43,Male,Other,India,0.1333333333333333,0.32,0.0,0.9090909090909092,1.0,1.0,0.3333333333333333,High,2
54,Non-binary,IT,India,0.7666666666666665,0.32,0.5,0.2,0.0,1.0,1.0,Low,1
45,Non-binary,Finance,USA,0.6833333333333332,0.62,0.8,0.3454545454545454,1.0,0.6666666666666666,0.3333333333333333,Medium,2
39,Non-binary,IT,Other,0.0666666666666667,0.92,0.5,0.9272727272727272,1.0,1.0,0.6666666666666666,High,2
55,Prefer not to say,Sales,India,0.9833333333333332,0.58,0.2,0.890909090909091,1.0,0.3333333333333333,0.6666666666666666,High,2
49,Female,IT,Canada,0.35,0.92,0.3,0.0727272727272727,0.0,0.3333333333333333,0.3333333333333333,Medium,0
44,Non-binary,Engineering,India,0.0999999999999999,0.66,0.1,0.6727272727272727,0.0,0.3333333333333333,1.0,High,1
29,Female,IT,India,0.1166666666666667,0.2,0.7000000000000001,0.2181818181818181,0.0,0.0,0.0,Low,0
44,Male,Engineering,Canada,0.8166666666666668,0.82,0.9,0.3454545454545454,0.5,0.0,0.3333333333333333,Low,0
25,Prefer not to say,Engineering,India,0.8333333333333334,0.7400000000000001,1.0,0.7272727272727273,0.5,0.0,0.6666666666666666,Medium,1
27,Male,Engineering,USA,0.4333333333333332,0.58,0.5,0.8181818181818182,0.5,1.0,0.3333333333333333,High,0
27,Male,IT,UK,0.4999999999999999,0.5599999999999999,0.5,0.8363636363636363,0.5,0.3333333333333333,1.0,High,1
26,Male,Healthcare,Other,0.4,0.3400000000000001,0.1,0.6545454545454544,0.0,0.0,0.6666666666666666,Medium,1
42,Female,Education,Canada,0.9,0.5400000000000001,0.7000000000000001,0.0363636363636363,0.5,0.0,0.0,Low,0
22,Non-binary,Education,Germany,0.7666666666666665,0.7400000000000001,0.5,0.4,0.0,0.6666666666666666,0.3333333333333333,Medium,0
45,Non-binary,Healthcare,India,0.6166666666666666,0.42,0.5,0.2545454545454545,1.0,1.0,1.0,High,2
52,Male,Other,UK,0.85,0.62,0.5,0.2181818181818181,1.0,0.3333333333333333,0.0,Low,2
19,Female,Engineering,Australia,0.7833333333333331,0.96,0.5,0.7454545454545454,0.5,0.6666666666666666,1.0,High,1
37,Female,Healthcare,Australia,0.5666666666666668,0.1,0.5,0.3090909090909091,0.0,0.6666666666666666,0.3333333333333333,Low,0
29,Non-binary,Sales,Other,0.5666666666666668,0.2,0.6000000000000001,0.4545454545454545,0.5,0.3333333333333333,0.0,Low,0
44,Prefer not to say,Sales,Canada,0.7166666666666667,0.88,0.5,0.4545454545454545,0.0,0.3333333333333333,0.6666666666666666,Medium,1
58,Female,Healthcare,Germany,0.45,0.88,0.2,0.0363636363636363,0.0,0.6666666666666666,1.0,High,1
23,Female,Finance,Germany,0.4666666666666667,0.28,1.0,0.6363636363636364,0.0,0.3333333333333333,1.0,Low,1
32,Female,Other,Other,0.5333333333333333,0.62,0.4,0.9818181818181818,0.5,1.0,0.6666666666666666,High,1
52,Non-binary,Finance,Canada,0.0333333333333333,0.66,0.5,0.4727272727272728,1.0,1.0,0.0,High,2
51,Prefer not to say,Education,India,0.65,0.6,0.8,0.3818181818181818,1.0,1.0,1.0,High,2
43,Male,IT,Canada,0.8166666666666668,0.2,0.4,0.1272727272727272,0.0,0.6666666666666666,0.3333333333333333,Low,0
21,Female,Sales,India,0.65,0.7800000000000001,0.3,0.6181818181818182,0.5,1.0,0.6666666666666666,High,1
60,Prefer not to say,Finance,Germany,0.4833333333333333,0.7800000000000001,0.6000000000000001,0.5636363636363636,0.5,0.6666666666666666,0.6666666666666666,High,1
20,Male,Other,Canada,0.9,0.26,0.2,0.4181818181818181,0.0,0.0,0.0,Low,0
55,Female,Sales,Other,0.7499999999999999,0.58,0.9,0.9454545454545454,0.5,0.3333333333333333,0.6666666666666666,Medium,1
38,Female,IT,Germany,0.0833333333333333,0.9,0.6000000000000001,0.2545454545454545,1.0,0.0,1.0,High,2
39,Male,Other,USA,0.9,0.84,0.6000000000000001,0.890909090909091,0.0,1.0,0.6666666666666666,High,1
52,Female,Sales,USA,0.8166666666666668,0.44,0.8,0.4,0.5,1.0,0.0,Low,0
53,Male,IT,Canada,0.1166666666666667,0.4800000000000001,1.0,0.2,0.5,0.0,0.0,Low,0
57,Non-binary,Sales,USA,0.9499999999999998,0.3,0.0,0.7090909090909091,0.5,1.0,0.6666666666666666,High,1
38,Female,Finance,Australia,0.9499999999999998,0.08,0.3,0.3636363636363636,0.5,0.0,0.3333333333333333,Low,0
21,Prefer not to say,Engineering,UK,0.15,0.36,0.2,0.7818181818181817,1.0,0.0,1.0,High,2
22,Female,Education,USA,0.4333333333333332,0.84,0.3,0.3454545454545454,0.0,0.0,0.3333333333333333,Medium,0
51,Male,Finance,India,0.25,0.4600000000000001,0.8,0.1090909090909091,0.0,1.0,0.6666666666666666,Medium,1
21,Female,IT,Australia,0.7666666666666665,0.5200000000000001,0.6000000000000001,0.2363636363636363,0.0,0.0,0.3333333333333333,Low,0
60,Non-binary,Other,India,0.2333333333333334,0.58,0.3,0.0,0.0,1.0,0.6666666666666666,High,1
26,Non-binary,Engineering,Canada,0.4666666666666667,0.32,1.0,0.8727272727272727,0.5,0.6666666666666666,0.3333333333333333,Medium,0
31,Female,Healthcare,Other,0.4999999999999999,0.3400000000000001,0.4,0.8363636363636363,1.0,0.6666666666666666,0.6666666666666666,High,2
59,Male,Other,USA,0.9499999999999998,0.5000000000000001,0.7000000000000001,0.6727272727272727,0.0,1.0,0.0,Low,0
33,Male,Healthcare,Germany,0.6999999999999998,0.86,0.2,0.509090909090909,0.0,0.0,0.6666666666666666,Medium,1
30,Male,IT,Germany,0.0833333333333333,0.24,0.2,0.3818181818181818,0.0,1.0,0.6666666666666666,High,1
38,Non-binary,IT,UK,0.4,0.7800000000000001,0.7000000000000001,0.5818181818181818,1.0,1.0,0.6666666666666666,High,2
29,Female,Healthcare,Australia,0.2,0.84,0.9,0.890909090909091,0.5,1.0,0.3333333333333333,High,0
21,Prefer not to say,Other,Canada,0.7166666666666667,0.16,0.1,0.6909090909090909,0.5,0.3333333333333333,0.3333333333333333,Medium,0
56,Female,Finance,India,0.7666666666666665,0.64,1.0,0.5636363636363636,0.5,0.6666666666666666,0.6666666666666666,Medium,1
52,Non-binary,Engineering,USA,0.9333333333333332,0.7000000000000001,0.1,0.2545454545454545,0.0,0.3333333333333333,1.0,Medium,1
45,Female,Education,UK,0.2833333333333333,0.7200000000000001,0.7000000000000001,0.6,0.0,0.6666666666666666,0.6666666666666666,High,1
44,Female,Education,Germany,0.35,0.9,0.0,0.9272727272727272,1.0,0.6666666666666666,0.0,High,2
45,Non-binary,IT,India,0.7333333333333333,0.06,0.1,0.2545454545454545,0.0,0.0,1.0,Low,1
32,Male,Other,USA,0.1333333333333333,0.2,0.6000000000000001,0.8727272727272727,1.0,0.3333333333333333,1.0,High,2
21,Non-binary,Education,Canada,0.4333333333333332,0.82,0.6000000000000001,0.0363636363636363,1.0,0.6666666666666666,0.3333333333333333,High,2
49,Non-binary,IT,Germany,0.25,0.5400000000000001,1.0,0.6545454545454544,1.0,1.0,0.6666666666666666,High,2
65,Female,Other,UK,0.0666666666666667,0.7600000000000001,0.7000000000000001,0.3090909090909091,0.0,0.0,0.0,Low,0
37,Non-binary,Other,Australia,0.4,0.8000000000000002,0.0,0.3090909090909091,0.0,1.0,0.6666666666666666,High,1
35,Female,Finance,Canada,0.4666666666666667,0.08,0.5,0.8,0.5,0.0,0.6666666666666666,Medium,1
38,Male,Finance,Canada,0.4666666666666667,0.28,0.3,0.1636363636363636,0.0,0.6666666666666666,1.0,Medium,1
40,Prefer not to say,IT,Other,0.1666666666666666,0.08,0.2,0.9090909090909092,0.5,0.6666666666666666,0.0,High,0
20,Female,Sales,Australia,0.9833333333333332,0.9,0.0,0.8545454545454546,0.5,1.0,0.3333333333333333,High,0
20,Prefer not to say,Healthcare,India,0.5333333333333333,0.6,0.3,0.5454545454545454,1.0,0.0,0.6666666666666666,High,2
18,Prefer not to say,Healthcare,Australia,0.3833333333333332,0.12,0.3,0.6727272727272727,1.0,0.3333333333333333,0.6666666666666666,High,2
24,Female,IT,Other,0.6,0.8000000000000002,1.0,0.890909090909091,0.0,0.0,0.0,Low,0
37,Prefer not to say,Finance,Australia,0.8166666666666668,0.64,0.4,0.2545454545454545,1.0,1.0,0.3333333333333333,Medium,2
61,Male,Other,Canada,0.4666666666666667,0.62,0.1,0.4363636363636363,1.0,0.3333333333333333,1.0,High,2
63,Prefer not to say,Education,Other,0.2,0.94,0.5,0.0363636363636363,1.0,0.6666666666666666,0.3333333333333333,High,2
34,Prefer not to say,Education,Australia,0.2333333333333334,0.18,0.5,0.3090909090909091,1.0,1.0,0.0,Medium,2
51,Female,Engineering,India,0.6,0.88,0.9,0.5454545454545454,0.5,0.0,1.0,Medium,1
60,Non-binary,Other,UK,0.1666666666666666,0.1,0.4,0.509090909090909,0.5,0.6666666666666666,0.0,Medium,0
51,Male,Education,Other,0.5833333333333334,0.18,0.9,0.1272727272727272,0.5,0.6666666666666666,0.3333333333333333,Low,0
24,Non-binary,Other,USA,0.7166666666666667,0.7000000000000001,0.8,0.7818181818181817,1.0,0.0,0.3333333333333333,Medium,2
45,Female,Engineering,Canada,0.4166666666666666,0.14,0.6000000000000001,0.1454545454545454,0.0,0.0,0.0,Low,0
45,Male,Healthcare,India,0.8833333333333334,0.58,0.0,0.0363636363636363,0.0,0.6666666666666666,0.6666666666666666,Medium,1
64,Prefer not to say,Education,Germany,0.1666666666666666,0.88,0.7000000000000001,0.2909090909090909,0.5,0.6666666666666666,0.0,Medium,0
48,Prefer not to say,Finance,Australia,0.5499999999999999,0.62,0.5,0.3090909090909091,1.0,1.0,1.0,High,2
65,Non-binary,Education,UK,0.3166666666666667,0.6,0.3,0.9454545454545454,0.0,0.6666666666666666,0.3333333333333333,High,0
29,Female,Engineering,Canada,0.2166666666666666,0.68,0.7000000000000001,0.9090909090909092,0.5,0.0,0.6666666666666666,High,1
64,Prefer not to say,Healthcare,Germany,0.1666666666666666,0.9,0.5,0.6727272727272727,0.5,0.6666666666666666,0.0,High,0
20,Male,Education,Other,0.6,0.5400000000000001,0.5,0.7818181818181817,0.0,0.3333333333333333,0.3333333333333333,Medium,0
42,Female,Finance,Canada,0.35,0.5599999999999999,0.6000000000000001,0.2545454545454545,0.5,0.3333333333333333,1.0,Medium,1
44,Male,Finance,Germany,0.85,0.84,0.1,0.8181818181818182,0.5,1.0,0.3333333333333333,High,0
36,Prefer not to say,Sales,Australia,0.6833333333333332,0.02,0.0,0.6181818181818182,0.5,0.3333333333333333,1.0,Medium,1
55,Prefer not to say,Healthcare,Canada,0.9666666666666668,0.24,0.8,0.2363636363636363,1.0,0.0,0.6666666666666666,Low,2
63,Female,Education,Other,0.5833333333333334,0.3,0.5,0.4545454545454545,1.0,1.0,0.0,Medium,2
52,Prefer not to say,IT,USA,0.2333333333333334,0.22,0.0,0.7636363636363637,1.0,0.6666666666666666,0.3333333333333333,High,2
48,Male,Engineering,UK,0.25,0.62,0.8,0.7818181818181817,0.0,1.0,0.0,Medium,0
49,Female,Healthcare,Canada,0.1666666666666666,0.5200000000000001,0.3,0.1636363636363636,0.5,0.3333333333333333,0.0,Medium,0
41,Non-binary,Healthcare,Canada,0.35,0.8000000000000002,0.6000000000000001,0.0545454545454545,0.5,0.0,0.6666666666666666,Medium,1
27,Non-binary,Other,India,0.9833333333333332,0.58,0.0,0.3454545454545454,0.5,1.0,0.6666666666666666,High,1
28,Non-binary,Engineering,India,0.8333333333333334,0.66,0.1,0.2181818181818181,0.5,0.6666666666666666,0.6666666666666666,High,1
58,Female,Finance,India,0.4166666666666666,0.04,1.0,0.9090909090909092,0.0,0.6666666666666666,0.6666666666666666,Medium,1
47,Male,Healthcare,UK,0.4,0.82,0.8,0.6,1.0,0.3333333333333333,1.0,High,2
35,Prefer not to say,Engineering,Australia,0.35,0.32,1.0,0.8181818181818182,1.0,0.6666666666666666,0.0,Medium,2
40,Non-binary,Finance,USA,0.5666666666666668,0.92,0.0,0.2181818181818181,0.5,0.3333333333333333,0.6666666666666666,High,1
38,Female,Healthcare,Germany,0.6666666666666666,0.82,0.4,0.4727272727272728,0.5,0.6666666666666666,1.0,High,1
28,Male,IT,Germany,0.0833333333333333,0.06,0.2,0.9454545454545454,0.0,0.3333333333333333,0.6666666666666666,High,1
29,Non-binary,Engineering,Australia,0.35,0.92,0.5,0.4545454545454545,1.0,0.3333333333333333,1.0,High,2
58,Non-binary,Sales,India,0.9666666666666668,0.42,0.2,0.2,0.0,1.0,1.0,Medium,1
47,Male,Healthcare,Germany,0.2166666666666666,0.22,0.9,0.3090909090909091,1.0,0.3333333333333333,1.0,Medium,2
64,Non-binary,Finance,India,0.9666666666666668,0.24,0.8,0.0,1.0,0.6666666666666666,0.3333333333333333,Low,2
35,Non-binary,Sales,India,0.5166666666666665,0.7400000000000001,0.7000000000000001,0.0727272727272727,1.0,0.6666666666666666,1.0,High,2
50,Prefer not to say,Other,Canada,0.5666666666666668,0.98,0.7000000000000001,0.7272727272727273,1.0,0.0,0.0,Medium,2
42,Prefer not to say,Engineering,UK,0.6999999999999998,0.24,0.9,0.5818181818181818,1.0,1.0,0.6666666666666666,Medium,2
41,Non-binary,IT,Canada,0.2666666666666666,0.18,0.9,0.0727272727272727,0.0,0.3333333333333333,0.3333333333333333,Low,0
63,Prefer not to say,Engineering,UK,0.4333333333333332,0.08,0.4,0.8181818181818182,1.0,0.6666666666666666,0.3333333333333333,High,2
41,Non-binary,Education,India,0.0166666666666666,0.98,0.7000000000000001,0.7818181818181817,1.0,0.0,1.0,High,2
36,Male,Sales,UK,0.8000000000000002,0.5200000000000001,0.2,0.4727272727272728,1.0,0.3333333333333333,1.0,High,2
40,Prefer not to say,Education,Other,0.7499999999999999,0.5200000000000001,0.2,0.2,1.0,1.0,1.0,High,2
56,Female,Sales,Canada,0.0166666666666666,0.02,0.8,0.9272727272727272,1.0,0.6666666666666666,0.3333333333333333,High,2
39,Male,Other,Canada,0.5666666666666668,0.44,0.7000000000000001,0.7454545454545454,0.5,0.0,0.0,Low,0
24,Female,IT,USA,0.8833333333333334,0.24,0.9,0.8363636363636363,0.5,0.6666666666666666,0.6666666666666666,Medium,1
60,Prefer not to say,IT,Other,0.4166666666666666,0.64,0.7000000000000001,0.1818181818181818,0.5,1.0,1.0,Medium,1
35,Prefer not to say,Education,Canada,0.1833333333333332,0.44,0.8,0.1454545454545454,0.5,1.0,0.3333333333333333,Medium,0
29,Non-binary,Finance,Germany,0.6166666666666666,0.6,1.0,0.2545454545454545,0.5,1.0,0.6666666666666666,Medium,1
19,Female,Other,Canada,0.9833333333333332,0.68,0.5,0.9636363636363636,1.0,0.3333333333333333,0.6666666666666666,High,2
55,Female,Engineering,Other,0.7499999999999999,0.36,0.5,0.0,1.0,0.0,0.3333333333333333,Low,2
50,Female,Healthcare,USA,0.1833333333333332,0.04,0.8,0.2363636363636363,0.0,1.0,0.0,Low,0
52,Non-binary,Engineering,Other,0.0,0.98,0.4,0.4727272727272728,1.0,0.6666666666666666,0.3333333333333333,High,2
35,Female,Sales,India,0.1333333333333333,0.58,0.8,0.4181818181818181,1.0,1.0,0.3333333333333333,High,2
37,Non-binary,Finance,USA,0.4,0.92,0.4,0.9636363636363636,0.0,0.6666666666666666,0.6666666666666666,High,1
30,Non-binary,Sales,Other,0.9166666666666666,0.16,0.1,0.4545454545454545,0.5,0.0,0.0,Low,0
61,Non-binary,IT,USA,0.1666666666666666,0.98,0.3,0.3454545454545454,0.5,0.6666666666666666,1.0,High,1
27,Prefer not to say,Healthcare,Australia,0.2666666666666666,0.7600000000000001,0.7000000000000001,0.6181818181818182,0.5,1.0,0.6666666666666666,High,1
30,Prefer not to say,Healthcare,Germany,0.0166666666666666,0.1,0.1,0.7454545454545454,1.0,0.6666666666666666,0.3333333333333333,High,2
64,Female,Engineering,India,0.5833333333333334,0.16,1.0,0.5272727272727272,0.5,0.3333333333333333,0.3333333333333333,Low,0
63,Non-binary,IT,Australia,0.8166666666666668,0.5200000000000001,0.0,0.6545454545454544,0.5,0.6666666666666666,0.0,Medium,0
46,Female,Healthcare,Germany,0.8166666666666668,1.0,0.0,0.4727272727272728,0.0,0.6666666666666666,1.0,High,1
53,Male,IT,India,0.8833333333333334,0.24,0.7000000000000001,0.0545454545454545,0.0,0.6666666666666666,0.3333333333333333,Low,0
47,Male,Healthcare,Australia,0.4333333333333332,0.14,0.8,0.8363636363636363,0.0,1.0,0.0,Low,0
63,Non-binary,Sales,Canada,0.0666666666666667,0.82,0.1,0.6,0.0,1.0,0.6666666666666666,High,1
57,Male,Other,UK,0.35,0.28,0.3,0.4181818181818181,0.0,0.0,0.3333333333333333,Low,0
35,Non-binary,Engineering,USA,0.4166666666666666,1.0,0.1,0.0909090909090909,0.0,0.0,0.0,Low,0
65,Prefer not to say,IT,India,0.0333333333333333,0.4,0.3,0.4909090909090909,0.5,1.0,0.6666666666666666,High,1
61,Prefer not to say,Healthcare,Germany,0.65,0.32,0.2,0.1090909090909091,1.0,0.6666666666666666,0.6666666666666666,High,2
58,Prefer not to say,Finance,India,0.4,0.5000000000000001,0.4,0.9818181818181818,0.5,0.3333333333333333,0.0,Medium,0
63,Prefer not to say,Engineering,Germany,0.85,0.0,0.0,0.3818181818181818,0.0,1.0,1.0,Medium,1
34,Female,Other,Canada,0.0666666666666667,0.5599999999999999,0.9,0.3818181818181818,1.0,0.6666666666666666,0.3333333333333333,High,2
34,Non-binary,Healthcare,India,0.3166666666666667,0.32,0.9,0.6727272727272727,0.0,1.0,0.3333333333333333,Medium,0
64,Female,Finance,USA,0.1166666666666667,0.4600000000000001,0.7000000000000001,0.890909090909091,0.5,0.3333333333333333,1.0,High,1
35,Non-binary,IT,UK,0.5833333333333334,0.2,0.9,0.4727272727272728,0.0,0.0,1.0,Low,1
29,Prefer not to say,Finance,USA,0.6999999999999998,0.66,0.1,0.6727272727272727,0.5,1.0,0.0,High,0
43,Non-binary,Other,Germany,0.0833333333333333,0.16,0.3,1.0,1.0,0.0,1.0,High,2
57,Non-binary,Healthcare,Germany,0.5166666666666665,0.2,0.7000000000000001,0.4909090909090909,0.5,0.6666666666666666,0.6666666666666666,Medium,1
50,Prefer not to say,Finance,UK,0.8833333333333334,0.5200000000000001,0.9,0.2727272727272727,0.0,0.0,0.3333333333333333,Low,0
63,Male,Engineering,UK,0.4666666666666667,0.92,0.6000000000000001,0.7454545454545454,1.0,0.0,0.6666666666666666,High,2
65,Prefer not to say,Other,Australia,0.6333333333333332,0.7000000000000001,1.0,0.3272727272727272,0.5,1.0,0.3333333333333333,Medium,0
50,Male,Healthcare,Germany,0.2166666666666666,1.0,0.2,0.9818181818181818,1.0,1.0,0.6666666666666666,High,2
51,Non-binary,Education,Canada,0.6999999999999998,0.68,0.5,0.7090909090909091,0.0,0.0,0.0,Low,0
39,Non-binary,IT,Australia,0.7333333333333333,0.22,0.1,0.5636363636363636,1.0,1.0,0.0,Medium,2
61,Female,IT,Other,0.8333333333333334,0.64,0.6000000000000001,0.6363636363636364,0.0,1.0,0.0,Low,0
38,Male,IT,Australia,0.3333333333333333,0.32,0.1,0.1818181818181818,1.0,0.0,0.0,Low,2
49,Prefer not to say,Sales,Canada,0.7166666666666667,0.24,1.0,0.2909090909090909,0.0,0.0,0.0,Low,0
45,Male,Healthcare,USA,0.25,0.96,0.2,0.1818181818181818,0.5,0.3333333333333333,0.3333333333333333,High,0
27,Male,Healthcare,Australia,0.1166666666666667,0.6,0.2,0.9636363636363636,1.0,1.0,0.0,High,2
53,Non-binary,Other,Other,0.1333333333333333,0.88,0.3,0.6727272727272727,0.0,0.6666666666666666,0.6666666666666666,High,1
34,Male,Education,USA,0.0166666666666666,0.4800000000000001,0.1,0.4363636363636363,1.0,1.0,0.3333333333333333,High,2
61,Non-binary,Healthcare,UK,0.9,0.98,0.9,0.6909090909090909,1.0,0.3333333333333333,0.6666666666666666,High,2
24,Male,Engineering,UK,0.5833333333333334,0.6,0.5,0.3090909090909091,1.0,0.3333333333333333,0.3333333333333333,Medium,2
49,Non-binary,Finance,Other,0.2333333333333334,0.5599999999999999,0.1,0.7818181818181817,1.0,0.6666666666666666,0.6666666666666666,High,2
30,Non-binary,Other,Canada,0.8000000000000002,0.3,0.7000000000000001,0.1818181818181818,1.0,1.0,0.3333333333333333,Low,2
29,Female,Education,Other,0.0666666666666667,0.42,0.0,0.5636363636363636,0.5,1.0,1.0,High,1
28,Prefer not to say,Other,Germany,0.8333333333333334,0.3,0.7000000000000001,0.5818181818181818,1.0,0.3333333333333333,0.3333333333333333,Low,2
41,Female,IT,India,0.3666666666666666,0.98,0.2,0.2181818181818181,0.0,0.0,0.0,Low,0
40,Female,Healthcare,USA,0.7333333333333333,0.04,0.0,0.3636363636363636,1.0,0.0,0.6666666666666666,Medium,2
29,Female,Healthcare,Germany,0.15,0.7800000000000001,0.6000000000000001,0.7636363636363637,0.5,0.6666666666666666,0.0,High,0
63,Prefer not to say,Engineering,Germany,0.1833333333333332,0.22,0.7000000000000001,0.6727272727272727,0.5,0.6666666666666666,0.6666666666666666,High,1
53,Prefer not to say,Finance,Canada,0.6,0.22,0.9,0.8545454545454546,1.0,1.0,1.0,High,2
59,Male,Sales,USA,0.8166666666666668,0.3,1.0,0.3272727272727272,0.0,0.6666666666666666,0.0,Low,0
30,Non-binary,Engineering,India,0.5166666666666665,0.5000000000000001,0.4,0.7272727272727273,0.0,0.0,1.0,Medium,1
58,Prefer not to say,Engineering,India,0.6333333333333332,0.26,0.7000000000000001,0.2545454545454545,0.5,0.3333333333333333,0.3333333333333333,Low,0
41,Female,Healthcare,Canada,0.35,0.7400000000000001,0.2,0.2545454545454545,0.5,0.0,0.3333333333333333,Medium,0
52,Female,Sales,Other,0.9333333333333332,0.28,0.3,0.8181818181818182,0.5,0.6666666666666666,0.6666666666666666,High,1
26,Prefer not to say,Other,Australia,0.4,0.2,0.8,0.3818181818181818,0.0,0.3333333333333333,0.0,Low,0
43,Male,Engineering,Other,0.45,0.32,0.3,0.8363636363636363,0.5,0.6666666666666666,0.3333333333333333,High,0
65,Non-binary,Education,Australia,0.1333333333333333,0.1,1.0,0.5272727272727272,0.0,1.0,1.0,Medium,1
20,Female,Engineering,India,0.1166666666666667,0.9,0.8,0.4,1.0,0.3333333333333333,0.6666666666666666,High,2
38,Female,Finance,Germany,0.6666666666666666,0.4600000000000001,0.9,0.1454545454545454,1.0,1.0,0.6666666666666666,Medium,2
47,Male,Engineering,USA,0.3333333333333333,0.5200000000000001,0.1,0.6181818181818182,1.0,0.6666666666666666,0.6666666666666666,High,2
65,Male,Education,India,0.6666666666666666,0.7200000000000001,0.1,0.6545454545454544,0.5,0.3333333333333333,1.0,High,1
37,Female,IT,Other,0.7333333333333333,0.84,0.5,0.9090909090909092,1.0,0.6666666666666666,0.6666666666666666,High,2
51,Prefer not to say,Engineering,India,0.1666666666666666,0.4,0.3,0.4545454545454545,0.5,0.6666666666666666,0.0,High,0
36,Female,Engineering,Australia,0.0999999999999999,0.68,0.5,0.5636363636363636,1.0,0.0,0.6666666666666666,High,2
60,Prefer not to say,Sales,Germany,0.5833333333333334,0.86,0.3,0.9454545454545454,1.0,0.6666666666666666,0.0,High,2
26,Prefer not to say,Sales,Germany,0.6666666666666666,0.4600000000000001,0.3,0.2181818181818181,0.0,1.0,1.0,Medium,1
38,Male,Sales,Other,0.8000000000000002,0.7800000000000001,0.0,1.0,1.0,0.6666666666666666,0.6666666666666666,High,2
39,Female,Sales,Canada,0.25,0.7400000000000001,0.1,0.7454545454545454,1.0,0.3333333333333333,0.3333333333333333,High,2
57,Prefer not to say,Education,Canada,0.6666666666666666,0.04,0.0,0.6545454545454544,0.5,0.3333333333333333,1.0,Medium,1
56,Male,Engineering,UK,0.15,0.1,0.6000000000000001,0.1454545454545454,1.0,0.6666666666666666,0.6666666666666666,High,2
25,Prefer not to say,Sales,Other,0.35,0.14,0.2,0.9454545454545454,0.5,0.3333333333333333,1.0,High,1
22,Non-binary,IT,Canada,0.4833333333333333,0.04,0.6000000000000001,0.5454545454545454,0.5,0.3333333333333333,0.0,Low,0
36,Male,Sales,Other,0.3333333333333333,0.96,0.3,0.7272727272727273,0.0,0.6666666666666666,0.0,High,0
60,Prefer not to say,Finance,Canada,0.3166666666666667,0.98,0.9,0.0545454545454545,0.5,0.0,0.0,Low,0
19,Prefer not to say,Finance,Australia,0.1333333333333333,0.7200000000000001,0.6000000000000001,0.6363636363636364,0.5,0.3333333333333333,0.6666666666666666,High,1
63,Female,Finance,USA,0.15,0.2,0.1,0.7272727272727273,0.5,1.0,1.0,High,1
48,Non-binary,Education,Canada,0.1833333333333332,0.96,0.2,0.3454545454545454,1.0,0.0,0.0,High,2
37,Non-binary,Other,USA,0.7833333333333331,0.68,0.3,0.3636363636363636,1.0,0.3333333333333333,1.0,High,2
49,Prefer not to say,Healthcare,Germany,0.4333333333333332,0.7600000000000001,0.8,0.0909090909090909,1.0,1.0,0.6666666666666666,High,2
26,Male,Education,UK,0.4333333333333332,0.7200000000000001,0.6000000000000001,0.2181818181818181,1.0,0.6666666666666666,0.6666666666666666,High,2
57,Female,Sales,Australia,0.2166666666666666,0.86,0.9,0.7818181818181817,0.5,1.0,1.0,High,1
37,Non-binary,Engineering,USA,0.9833333333333332,0.1,0.8,0.0545454545454545,0.0,1.0,1.0,Low,1
36,Non-binary,Finance,Germany,0.5166666666666665,0.26,0.1,0.2727272727272727,0.0,1.0,0.6666666666666666,Medium,1
60,Prefer not to say,Education,UK,0.6333333333333332,0.28,0.9,0.1636363636363636,0.0,0.6666666666666666,1.0,Low,1
24,Prefer not to say,Engineering,Germany,0.6666666666666666,0.26,0.3,0.5272727272727272,1.0,0.0,0.6666666666666666,Medium,2
23,Non-binary,Engineering,Australia,0.1833333333333332,0.5599999999999999,0.0,0.0727272727272727,0.0,0.6666666666666666,0.0,Medium,0
52,Prefer not to say,Healthcare,Canada,0.9,0.7000000000000001,0.3,0.4545454545454545,1.0,0.0,0.0,Medium,2
58,Female,Finance,Other,0.9499999999999998,0.88,0.4,0.2,0.0,0.0,1.0,Low,1
55,Prefer not to say,Healthcare,India,0.35,0.5400000000000001,0.7000000000000001,0.2363636363636363,0.0,0.3333333333333333,0.3333333333333333,Low,0
47,Female,Education,Canada,0.2999999999999999,0.02,0.9,0.4727272727272728,1.0,1.0,0.6666666666666666,High,2
31,Female,Finance,Australia,0.5333333333333333,0.96,0.7000000000000001,0.4181818181818181,1.0,0.3333333333333333,0.6666666666666666,High,2
64,Female,Education,Other,0.4666666666666667,0.82,0.3,0.1272727272727272,0.5,1.0,1.0,High,1
52,Prefer not to say,Engineering,USA,0.7333333333333333,0.88,1.0,0.4,1.0,0.3333333333333333,0.3333333333333333,Medium,2
20,Non-binary,Other,USA,0.1833333333333332,0.7400000000000001,0.7000000000000001,0.5818181818181818,1.0,1.0,1.0,High,2
30,Prefer not to say,Engineering,Germany,0.45,0.7600000000000001,0.4,0.0727272727272727,0.0,1.0,0.3333333333333333,Medium,0
52,Female,Healthcare,Australia,0.6666666666666666,0.68,0.9,0.5818181818181818,1.0,0.0,0.6666666666666666,Medium,2
26,Prefer not to say,Sales,Canada,0.9,0.22,0.2,0.7818181818181817,0.0,0.3333333333333333,1.0,Medium,1
25,Male,Healthcare,Germany,0.1166666666666667,0.02,0.2,0.3636363636363636,0.0,0.6666666666666666,0.6666666666666666,High,1
52,Non-binary,Other,Australia,0.7333333333333333,0.4800000000000001,0.8,0.3454545454545454,1.0,0.6666666666666666,0.3333333333333333,Medium,2
32,Prefer not to say,Finance,Australia,0.85,0.4800000000000001,0.5,0.6909090909090909,0.5,1.0,0.6666666666666666,High,1
53,Female,IT,USA,0.8833333333333334,1.0,0.4,0.4727272727272728,0.5,1.0,0.6666666666666666,High,1
47,Male,Sales,UK,0.3166666666666667,0.26,0.8,0.8,0.5,1.0,1.0,High,1
55,Prefer not to say,Sales,Australia,0.5666666666666668,0.28,0.8,0.4181818181818181,0.0,1.0,0.0,Low,0
36,Female,Engineering,UK,0.7333333333333333,0.32,1.0,0.9636363636363636,0.5,1.0,0.0,Low,0
44,Non-binary,Finance,Other,0.9166666666666666,0.24,0.1,0.4727272727272728,0.5,0.0,0.3333333333333333,Low,0
38,Non-binary,Finance,Germany,0.5333333333333333,0.24,0.3,0.6909090909090909,0.5,0.3333333333333333,1.0,High,1
42,Male,Other,Australia,0.6666666666666666,0.5200000000000001,0.6000000000000001,0.7090909090909091,0.0,0.6666666666666666,0.3333333333333333,Medium,0
43,Prefer not to say,Engineering,Australia,0.6666666666666666,0.38,0.5,0.7636363636363637,0.5,1.0,0.6666666666666666,High,1
27,Non-binary,Education,India,0.0333333333333333,0.3400000000000001,0.1,0.6909090909090909,0.0,0.3333333333333333,0.3333333333333333,High,0
19,Prefer not to say,IT,India,0.9666666666666668,0.28,0.8,0.8363636363636363,0.0,0.6666666666666666,0.3333333333333333,Low,0
30,Male,Finance,Germany,0.1166666666666667,0.82,0.4,0.0181818181818181,0.0,0.0,0.0,Low,0
29,Non-binary,Education,Other,0.9833333333333332,0.1,0.6000000000000001,0.9454545454545454,0.5,1.0,0.3333333333333333,Medium,0
21,Prefer not to say,IT,India,0.0333333333333333,0.44,0.9,0.4363636363636363,0.0,1.0,0.3333333333333333,Medium,0
31,Non-binary,Healthcare,India,0.35,0.94,1.0,0.6909090909090909,0.0,0.0,1.0,Medium,1
44,Female,IT,USA,0.2333333333333334,0.24,1.0,0.3636363636363636,0.0,0.6666666666666666,0.0,Low,0
55,Female,IT,Germany,0.1666666666666666,0.82,0.4,0.7272727272727273,0.5,1.0,1.0,High,1
25,Non-binary,Other,UK,0.6,0.44,0.9,0.5272727272727272,0.5,0.3333333333333333,1.0,Medium,1
41,Prefer not to say,Sales,Canada,0.7333333333333333,0.4600000000000001,0.5,0.9272727272727272,1.0,0.6666666666666666,0.6666666666666666,High,2
39,Male,Sales,Canada,0.7333333333333333,0.86,0.5,0.7636363636363637,0.0,0.6666666666666666,1.0,High,1
24,Female,Education,Other,0.7166666666666667,0.12,0.2,0.9090909090909092,1.0,0.3333333333333333,0.6666666666666666,High,2
53,Female,Education,India,0.9,0.24,0.5,0.9272727272727272,1.0,0.3333333333333333,0.3333333333333333,Medium,2
35,Female,Education,Other,0.3333333333333333,0.7200000000000001,0.2,0.7454545454545454,1.0,0.0,0.6666666666666666,High,2
19,Female,Engineering,Other,0.6333333333333332,0.18,1.0,0.6909090909090909,1.0,1.0,1.0,High,2
23,Female,Finance,India,0.7166666666666667,0.5200000000000001,0.2,0.0181818181818181,1.0,1.0,1.0,High,2
61,Non-binary,IT,Australia,0.2,1.0,0.5,0.2363636363636363,1.0,0.3333333333333333,0.3333333333333333,High,2
34,Male,IT,India,0.85,0.14,0.5,0.1090909090909091,1.0,0.0,0.6666666666666666,Low,2
56,Non-binary,IT,Australia,0.5499999999999999,0.14,0.6000000000000001,0.2545454545454545,0.5,0.3333333333333333,0.0,Low,0
62,Non-binary,Engineering,India,0.8833333333333334,0.3400000000000001,0.2,0.4,0.0,0.0,0.0,Low,0
40,Male,Finance,UK,0.6166666666666666,0.14,0.3,0.7818181818181817,1.0,0.0,1.0,High,2
24,Female,Finance,Australia,0.8166666666666668,0.92,0.1,0.4909090909090909,1.0,0.3333333333333333,0.6666666666666666,High,2
34,Non-binary,Healthcare,India,0.9,0.02,0.7000000000000001,0.890909090909091,0.0,0.0,0.3333333333333333,Low,0
22,Prefer not to say,IT,Canada,0.8333333333333334,0.5000000000000001,0.6000000000000001,0.0727272727272727,0.5,1.0,1.0,Medium,1
30,Prefer not to say,Other,Germany,0.0,0.1,0.1,0.6181818181818182,0.0,0.0,0.0,Low,0
38,Prefer not to say,Education,Australia,0.9666666666666668,0.9,0.4,0.9636363636363636,1.0,0.3333333333333333,0.3333333333333333,High,2
31,Non-binary,Finance,Other,0.4833333333333333,1.0,0.2,0.8,1.0,1.0,0.6666666666666666,High,2
47,Prefer not to say,Finance,Germany,0.5499999999999999,0.5000000000000001,0.9,0.509090909090909,1.0,1.0,1.0,High,2
18,Female,Healthcare,USA,0.4,0.02,0.1,0.6909090909090909,0.5,0.6666666666666666,0.3333333333333333,High,0
46,Non-binary,Sales,India,0.15,0.5200000000000001,0.0,0.509090909090909,1.0,0.6666666666666666,0.0,High,2
19,Non-binary,Finance,Australia,0.6999999999999998,0.04,0.5,0.9272727272727272,0.0,0.6666666666666666,0.6666666666666666,Medium,1
21,Male,Other,Australia,0.8166666666666668,0.36,0.0,0.2727272727272727,0.0,1.0,1.0,Medium,1
57,Non-binary,IT,USA,0.6,0.24,0.0,0.8727272727272727,1.0,1.0,0.3333333333333333,High,2
41,Non-binary,Other,Other,0.7499999999999999,0.08,0.3,0.6909090909090909,0.0,1.0,0.3333333333333333,Medium,0
21,Female,Education,India,0.3333333333333333,0.28,0.1,0.1636363636363636,1.0,1.0,1.0,High,2
52,Non-binary,Education,Canada,0.15,0.9,0.9,0.9090909090909092,0.0,1.0,0.3333333333333333,High,0
25,Male,Other,Canada,0.25,0.08,0.7000000000000001,0.1454545454545454,0.0,0.3333333333333333,0.3333333333333333,Low,0
26,Male,Healthcare,Australia,0.4,0.12,1.0,0.1272727272727272,1.0,0.0,0.3333333333333333,Low,2
46,Male,Healthcare,Australia,0.3166666666666667,0.86,0.0,0.9454545454545454,0.0,1.0,0.3333333333333333,High,0
61,Non-binary,Other,Other,0.3166666666666667,0.5200000000000001,0.4,0.6545454545454544,0.5,0.0,0.3333333333333333,Medium,0
42,Male,Education,India,0.9833333333333332,0.16,0.8,0.2363636363636363,0.0,0.6666666666666666,0.3333333333333333,Low,0
21,Non-binary,Healthcare,Australia,0.7166666666666667,0.04,0.6000000000000001,0.7636363636363637,0.5,1.0,0.3333333333333333,Medium,0
22,Prefer not to say,Other,Germany,0.6166666666666666,0.42,0.1,0.6727272727272727,0.5,0.3333333333333333,0.3333333333333333,High,0
22,Female,Engineering,Germany,0.1166666666666667,0.7000000000000001,1.0,0.7636363636363637,0.0,1.0,0.3333333333333333,High,0
31,Female,Healthcare,UK,0.9833333333333332,0.06,0.5,0.2909090909090909,0.0,1.0,1.0,Low,1
23,Non-binary,Education,UK,0.15,0.82,0.1,0.0545454545454545,0.0,0.3333333333333333,1.0,High,1
22,Prefer not to say,Sales,USA,0.1166666666666667,0.66,0.1,0.8363636363636363,1.0,0.6666666666666666,1.0,High,2
61,Male,IT,India,0.9833333333333332,0.7000000000000001,0.3,0.0909090909090909,0.5,1.0,1.0,High,1
59,Prefer not to say,IT,UK,0.0166666666666666,1.0,0.6000000000000001,0.8181818181818182,0.0,0.0,1.0,High,1
47,Female,Sales,Other,0.9,0.3,0.8,0.1272727272727272,0.0,0.3333333333333333,0.6666666666666666,Low,1
58,Non-binary,Sales,Other,0.6833333333333332,1.0,0.9,0.5636363636363636,1.0,0.0,0.0,Low,2
56,Female,Other,USA,0.4833333333333333,0.5400000000000001,0.0,0.2545454545454545,1.0,1.0,1.0,High,2
60,Non-binary,Sales,India,0.3833333333333332,0.5599999999999999,0.4,0.2363636363636363,0.0,1.0,1.0,Medium,1
34,Female,Education,USA,0.4,0.3400000000000001,0.0,0.1636363636363636,1.0,0.3333333333333333,0.6666666666666666,High,2
64,Non-binary,Other,UK,0.1333333333333333,0.66,0.5,0.8,0.0,0.6666666666666666,0.6666666666666666,High,1
41,Female,Other,USA,0.8666666666666666,0.9,1.0,0.4727272727272728,1.0,0.0,0.6666666666666666,Medium,2
55,Prefer not to say,Other,India,0.7333333333333333,0.9,0.0,0.9090909090909092,1.0,0.0,1.0,High,2
43,Non-binary,Finance,Germany,0.5833333333333334,0.62,0.7000000000000001,0.7636363636363637,0.5,1.0,1.0,High,1
39,Male,Education,India,0.4,0.08,0.7000000000000001,0.2909090909090909,0.0,0.0,0.6666666666666666,Low,1
31,Non-binary,IT,India,0.1166666666666667,0.94,0.2,0.5818181818181818,0.0,1.0,0.0,High,0
62,Non-binary,Healthcare,USA,0.0499999999999999,0.3400000000000001,0.3,0.3818181818181818,0.5,1.0,0.3333333333333333,High,0
41,Non-binary,Engineering,India,0.5333333333333333,1.0,0.4,0.0363636363636363,1.0,0.6666666666666666,0.6666666666666666,High,2
35,Prefer not to say,Finance,India,0.1166666666666667,0.36,0.1,0.9272727272727272,1.0,0.6666666666666666,0.3333333333333333,High,2
46,Male,Education,Other,0.3166666666666667,0.62,0.3,0.1272727272727272,0.0,0.0,1.0,Medium,1
60,Prefer not to say,Healthcare,Australia,0.4833333333333333,0.5599999999999999,0.3,0.5272727272727272,0.0,0.0,1.0,Medium,1
21,Prefer not to say,Finance,Germany,0.0999999999999999,0.62,0.3,0.1090909090909091,1.0,0.0,0.6666666666666666,High,2
52,Male,Finance,Other,0.2999999999999999,0.38,0.0,0.3454545454545454,0.5,0.3333333333333333,0.6666666666666666,High,1
24,Prefer not to say,IT,India,0.45,0.7400000000000001,0.7000000000000001,0.1454545454545454,1.0,1.0,0.6666666666666666,High,2
18,Male,Finance,USA,0.0999999999999999,0.7200000000000001,0.3,0.7636363636363637,0.5,0.3333333333333333,1.0,High,1
44,Female,Education,Australia,0.4,0.8000000000000002,0.1,0.890909090909091,0.0,1.0,0.0,High,0
35,Non-binary,Finance,Germany,0.8166666666666668,0.5400000000000001,0.8,0.2,0.0,0.0,1.0,Low,1
42,Female,Finance,UK,0.9333333333333332,0.2,0.3,0.2545454545454545,0.5,1.0,1.0,Medium,1
35,Prefer not to say,Sales,USA,0.3166666666666667,0.16,0.7000000000000001,0.6909090909090909,0.0,0.3333333333333333,0.0,Low,0
26,Non-binary,Healthcare,India,0.3333333333333333,0.7800000000000001,0.0,0.8,1.0,0.6666666666666666,0.6666666666666666,High,2
45,Male,Finance,Germany,0.4666666666666667,0.84,0.4,0.4363636363636363,0.5,0.3333333333333333,0.0,Medium,0
43,Non-binary,Sales,Canada,0.2333333333333334,0.98,0.1,0.2909090909090909,0.0,0.0,0.3333333333333333,Medium,0
41,Prefer not to say,IT,Canada,0.8666666666666666,0.96,0.6000000000000001,0.3454545454545454,1.0,1.0,1.0,High,2
57,Prefer not to say,Engineering,USA,0.2833333333333333,0.3,0.8,0.8363636363636363,0.5,0.0,0.0,Low,0
47,Prefer not to say,IT,UK,0.4666666666666667,0.88,0.7000000000000001,0.6909090909090909,1.0,1.0,0.0,High,2
29,Prefer not to say,Other,Australia,0.5333333333333333,0.26,0.4,1.0,1.0,0.6666666666666666,1.0,High,2
65,Female,Other,Other,0.4999999999999999,0.38,0.7000000000000001,0.5636363636363636,0.0,0.0,0.6666666666666666,Low,1
53,Non-binary,Sales,Canada,0.65,0.28,0.0,0.3090909090909091,1.0,0.6666666666666666,0.0,Medium,2
21,Prefer not to say,Finance,Germany,0.45,0.24,0.1,0.7272727272727273,1.0,0.6666666666666666,0.3333333333333333,High,2
32,Non-binary,Education,Australia,0.1833333333333332,0.9,0.4,0.9636363636363636,1.0,1.0,1.0,High,2
31,Non-binary,Other,Germany,0.5333333333333333,1.0,0.2,0.7636363636363637,0.0,0.6666666666666666,0.6666666666666666,High,1
40,Prefer not to say,Education,USA,0.1166666666666667,0.14,0.3,0.4909090909090909,1.0,0.0,1.0,High,2
64,Female,Finance,India,0.1166666666666667,0.7400000000000001,0.1,0.6,1.0,0.6666666666666666,0.6666666666666666,High,2
39,Prefer not to say,Sales,UK,0.6833333333333332,0.84,0.7000000000000001,0.6363636363636364,0.0,0.0,0.0,Low,0
49,Non-binary,IT,Germany,0.7833333333333331,0.36,0.8,0.8,0.0,0.0,0.6666666666666666,Low,1
37,Non-binary,Healthcare,Germany,0.7666666666666665,0.08,0.6000000000000001,0.9818181818181818,0.0,0.0,0.3333333333333333,Low,0
33,Female,Engineering,Germany,0.0333333333333333,0.04,0.4,0.2363636363636363,0.5,1.0,0.3333333333333333,Medium,0
33,Prefer not to say,Healthcare,Canada,0.0333333333333333,0.7400000000000001,0.2,0.0727272727272727,0.5,0.3333333333333333,0.3333333333333333,High,0
38,Female,Education,Australia,0.2999999999999999,0.44,0.3,0.0181818181818181,1.0,0.0,0.6666666666666666,High,2
34,Non-binary,Finance,Canada,0.0999999999999999,0.42,0.2,0.9272727272727272,0.5,0.3333333333333333,0.0,High,0
45,Female,IT,USA,0.4,0.5000000000000001,0.9,0.6363636363636364,0.5,1.0,0.3333333333333333,Medium,0
53,Female,Sales,UK,0.0999999999999999,0.84,0.9,0.1272727272727272,0.5,0.6666666666666666,0.0,Medium,0
19,Non-binary,Education,Canada,0.8333333333333334,0.94,0.1,0.0545454545454545,0.0,1.0,0.3333333333333333,Medium,0
35,Female,Education,UK,0.9833333333333332,0.8000000000000002,0.7000000000000001,0.4727272727272728,1.0,0.0,0.6666666666666666,Medium,2
35,Male,Engineering,Australia,0.9,0.5599999999999999,0.7000000000000001,0.3636363636363636,0.5,0.6666666666666666,0.6666666666666666,Medium,1
30,Prefer not to say,Engineering,India,0.2833333333333333,0.3,0.7000000000000001,0.0363636363636363,0.5,1.0,0.6666666666666666,Medium,1
30,Male,Education,Germany,0.45,0.88,0.4,0.6363636363636364,0.0,1.0,1.0,High,1
42,Non-binary,Other,UK,0.4166666666666666,0.44,0.2,0.8545454545454546,1.0,1.0,1.0,High,2
37,Male,Other,Other,0.1333333333333333,0.26,0.0,0.6909090909090909,0.0,0.3333333333333333,0.0,Medium,0
42,Male,Engineering,USA,0.8166666666666668,0.1,0.7000000000000001,0.8727272727272727,0.0,1.0,0.0,Low,0
18,Male,IT,Canada,0.3666666666666666,0.12,1.0,0.1090909090909091,0.5,1.0,0.3333333333333333,Low,0
52,Male,Finance,Germany,0.6,0.02,0.9,0.0727272727272727,1.0,0.3333333333333333,0.3333333333333333,Low,2
44,Male,Healthcare,UK,0.6166666666666666,0.44,0.5,0.9454545454545454,0.5,1.0,0.6666666666666666,High,1
57,Prefer not to say,Sales,Canada,0.5333333333333333,0.7400000000000001,0.3,0.5272727272727272,0.5,0.3333333333333333,1.0,High,1
63,Female,Engineering,UK,0.5499999999999999,0.18,0.3,0.3454545454545454,1.0,1.0,0.6666666666666666,High,2
58,Non-binary,Education,Australia,0.8000000000000002,0.5599999999999999,0.9,0.4363636363636363,0.0,1.0,0.3333333333333333,Low,0
26,Non-binary,Education,Canada,0.9166666666666666,0.06,0.0,0.0909090909090909,0.5,0.6666666666666666,0.6666666666666666,Medium,1
59,Prefer not to say,Healthcare,Other,0.9833333333333332,0.06,0.5,1.0,0.0,0.3333333333333333,0.3333333333333333,Low,0
32,Non-binary,Engineering,Other,0.25,0.94,0.4,0.2545454545454545,1.0,0.3333333333333333,1.0,High,2
40,Male,Sales,USA,0.1166666666666667,0.38,0.0,0.9818181818181818,1.0,0.3333333333333333,0.0,High,2
38,Female,Other,Australia,0.3166666666666667,0.18,0.7000000000000001,0.6,0.0,0.3333333333333333,0.0,Low,0
28,Prefer not to say,Engineering,Australia,0.1666666666666666,0.36,0.4,0.7818181818181817,0.5,0.3333333333333333,1.0,High,1
20,Non-binary,Education,India,0.1666666666666666,0.2,0.9,0.2,0.5,0.3333333333333333,0.0,Low,0
38,Male,Other,Canada,0.2999999999999999,1.0,0.0,0.8,0.0,0.6666666666666666,1.0,High,1
33,Male,Engineering,USA,0.7833333333333331,0.5599999999999999,0.2,0.6181818181818182,0.0,0.3333333333333333,0.6666666666666666,Medium,1
34,Prefer not to say,Sales,Other,0.2,0.4,0.9,0.890909090909091,1.0,0.6666666666666666,1.0,High,2
38,Non-binary,Engineering,Canada,0.5333333333333333,0.4,0.9,0.1090909090909091,0.0,0.6666666666666666,0.0,Low,0
18,Male,Healthcare,UK,0.2,0.18,0.8,0.4,0.0,1.0,0.6666666666666666,Medium,1
58,Non-binary,Healthcare,Germany,0.6666666666666666,0.5200000000000001,0.7000000000000001,0.3454545454545454,1.0,0.3333333333333333,1.0,Medium,2
43,Non-binary,IT,Canada,0.9166666666666666,0.2,0.2,0.3090909090909091,0.0,0.6666666666666666,0.3333333333333333,Low,0
21,Male,Healthcare,India,0.5833333333333334,0.5200000000000001,0.8,0.2727272727272727,1.0,1.0,0.3333333333333333,Medium,2
40,Male,Education,Australia,0.9833333333333332,0.26,0.7000000000000001,0.8545454545454546,0.5,0.6666666666666666,0.0,Low,0
19,Female,IT,India,0.1166666666666667,0.38,0.4,0.1272727272727272,1.0,0.0,0.3333333333333333,Medium,2
59,Male,Education,India,0.1333333333333333,0.5400000000000001,1.0,0.6,0.0,1.0,0.3333333333333333,Medium,0
18,Non-binary,Healthcare,UK,0.2333333333333334,1.0,0.1,0.7272727272727273,0.5,0.0,0.6666666666666666,High,1
34,Male,Sales,Other,0.5666666666666668,0.24,0.9,0.3090909090909091,0.0,0.6666666666666666,0.3333333333333333,Low,0
32,Prefer not to say,Finance,Other,0.45,0.5400000000000001,0.2,0.6909090909090909,1.0,1.0,0.3333333333333333,High,2
35,Male,Healthcare,India,0.9166666666666666,0.38,0.1,0.1272727272727272,1.0,0.6666666666666666,1.0,High,2
63,Female,Education,Germany,0.8166666666666668,0.36,0.9,0.9818181818181818,0.5,0.6666666666666666,0.3333333333333333,Medium,0
39,Non-binary,Finance,Canada,0.1666666666666666,0.18,0.5,0.9818181818181818,1.0,0.3333333333333333,0.3333333333333333,High,2
19,Non-binary,Education,Australia,0.0999999999999999,0.7800000000000001,0.4,0.9272727272727272,1.0,0.6666666666666666,0.3333333333333333,High,2
19,Female,Healthcare,Canada,0.3166666666666667,0.82,0.8,0.3818181818181818,0.5,1.0,0.6666666666666666,High,1
43,Non-binary,IT,Germany,0.7333333333333333,0.06,0.8,0.7636363636363637,0.0,0.6666666666666666,0.0,Low,0
40,Female,Other,India,0.6333333333333332,0.94,0.4,0.4363636363636363,0.0,1.0,0.6666666666666666,High,1
27,Male,Engineering,USA,0.4166666666666666,0.28,1.0,0.2545454545454545,0.0,0.3333333333333333,1.0,Low,1
32,Male,Finance,Canada,0.2,0.84,0.5,0.6545454545454544,1.0,1.0,0.3333333333333333,High,2
43,Non-binary,Education,UK,0.6333333333333332,0.5200000000000001,0.1,0.6909090909090909,0.0,0.0,0.3333333333333333,Medium,0
38,Female,Finance,Canada,0.6999999999999998,0.22,1.0,0.6727272727272727,0.0,0.0,0.3333333333333333,Low,0
59,Non-binary,Engineering,Other,0.5499999999999999,0.92,0.8,0.5272727272727272,0.5,0.6666666666666666,1.0,High,1
28,Male,Sales,India,0.5166666666666665,0.5000000000000001,0.9,0.2,0.0,0.3333333333333333,1.0,Low,1
26,Male,Finance,USA,0.9499999999999998,0.12,0.3,0.5454545454545454,0.5,0.3333333333333333,0.0,Low,0
64,Female,Finance,Australia,0.1333333333333333,0.2,0.4,0.6545454545454544,0.0,0.0,0.0,Low,0
18,Prefer not to say,IT,Canada,0.4,0.82,0.8,0.7454545454545454,0.0,0.3333333333333333,0.3333333333333333,Medium,0
37,Male,Education,Germany,0.1333333333333333,0.82,0.3,0.0545454545454545,1.0,1.0,0.6666666666666666,High,2
62,Female,Engineering,UK,0.15,0.16,1.0,0.1454545454545454,1.0,0.3333333333333333,0.0,Low,2
34,Non-binary,Healthcare,Canada,0.7499999999999999,0.32,0.9,0.0727272727272727,0.0,0.6666666666666666,0.3333333333333333,Low,0
23,Female,Healthcare,Germany,0.1333333333333333,0.6,0.3,0.2,1.0,0.6666666666666666,0.3333333333333333,High,2
18,Male,Finance,UK,0.4999999999999999,0.88,0.2,0.3818181818181818,0.5,1.0,1.0,High,1
19,Prefer not to say,Finance,USA,0.6833333333333332,0.3400000000000001,0.2,0.8363636363636363,1.0,0.3333333333333333,0.6666666666666666,High,2
48,Prefer not to say,Sales,Canada,0.1833333333333332,0.4800000000000001,1.0,0.9090909090909092,1.0,0.3333333333333333,1.0,High,2
63,Female,Other,Canada,0.4166666666666666,0.3400000000000001,0.8,0.2727272727272727,0.5,0.3333333333333333,0.3333333333333333,Low,0
46,Non-binary,Education,Australia,0.3666666666666666,0.9,0.7000000000000001,0.3090909090909091,0.5,0.3333333333333333,1.0,Medium,1
55,Prefer not to say,Education,Other,0.6333333333333332,0.04,0.1,0.0181818181818181,1.0,0.0,0.6666666666666666,Medium,2
50,Prefer not to say,IT,Germany,0.2666666666666666,0.96,0.3,0.7454545454545454,0.5,0.0,1.0,High,1
59,Female,Engineering,UK,0.0499999999999999,0.88,0.7000000000000001,0.2363636363636363,0.0,0.3333333333333333,1.0,Medium,1
39,Non-binary,Finance,Canada,0.2833333333333333,0.16,1.0,0.5636363636363636,0.5,1.0,0.3333333333333333,Medium,0
39,Prefer not to say,Other,USA,0.8333333333333334,0.5000000000000001,0.7000000000000001,0.8181818181818182,0.5,0.0,0.3333333333333333,Low,0
18,Non-binary,Engineering,Australia,0.0999999999999999,0.4800000000000001,0.1,0.8545454545454546,0.0,1.0,0.0,High,0
65,Prefer not to say,Healthcare,India,0.6666666666666666,0.3,0.2,0.8363636363636363,1.0,0.3333333333333333,1.0,High,2
30,Non-binary,Healthcare,Canada,0.7499999999999999,0.84,0.6000000000000001,0.509090909090909,0.5,0.0,0.0,Low,0
56,Female,Finance,USA,0.9499999999999998,0.7000000000000001,0.3,0.3090909090909091,0.5,1.0,0.6666666666666666,High,1
57,Female,IT,USA,0.5333333333333333,0.92,0.2,0.6545454545454544,0.5,0.0,0.0,Medium,0
53,Non-binary,Sales,UK,0.0499999999999999,0.08,1.0,0.4363636363636363,0.5,1.0,0.3333333333333333,Medium,0
37,Male,Healthcare,India,0.8833333333333334,0.5400000000000001,0.2,0.5454545454545454,1.0,1.0,0.6666666666666666,High,2
32,Non-binary,Education,Australia,0.2833333333333333,0.4800000000000001,0.9,0.3090909090909091,0.0,0.0,1.0,Low,1
29,Non-binary,Engineering,Other,0.4333333333333332,0.5599999999999999,0.2,0.4545454545454545,0.5,0.6666666666666666,1.0,High,1
54,Prefer not to say,Engineering,USA,0.0499999999999999,0.8000000000000002,0.8,0.509090909090909,0.5,0.0,0.3333333333333333,Medium,0
51,Prefer not to say,IT,Other,0.5666666666666668,0.7000000000000001,0.5,0.3454545454545454,0.0,0.6666666666666666,0.0,Medium,0
43,Female,Sales,Australia,0.2166666666666666,0.7600000000000001,0.5,0.6727272727272727,0.0,0.0,1.0,High,1
61,Prefer not to say,IT,Other,0.3666666666666666,0.88,0.5,0.6727272727272727,1.0,0.6666666666666666,1.0,High,2
65,Male,Sales,Australia,0.9666666666666668,1.0,0.0,0.4545454545454545,0.0,1.0,0.6666666666666666,High,1
51,Female,Healthcare,Germany,0.9666666666666668,0.5599999999999999,1.0,0.6909090909090909,0.0,0.0,1.0,Low,1
27,Prefer not to say,Healthcare,USA,0.4333333333333332,0.5000000000000001,0.2,0.890909090909091,0.0,0.6666666666666666,1.0,High,1
58,Prefer not to say,Other,Other,0.35,0.06,0.0,0.5818181818181818,1.0,0.6666666666666666,0.3333333333333333,High,2
25,Prefer not to say,Finance,UK,0.15,0.96,0.4,0.8181818181818182,0.0,1.0,0.6666666666666666,High,1
41,Non-binary,Sales,USA,0.8333333333333334,0.96,0.7000000000000001,0.2181818181818181,1.0,0.3333333333333333,0.6666666666666666,Medium,2
46,Non-binary,Engineering,UK,0.1666666666666666,0.58,1.0,0.1636363636363636,1.0,0.6666666666666666,0.6666666666666666,High,2
52,Prefer not to say,Sales,Germany,0.7666666666666665,0.38,0.8,0.4363636363636363,0.5,0.0,0.6666666666666666,Low,1
43,Female,Healthcare,Australia,0.0666666666666667,0.7600000000000001,0.3,0.5818181818181818,0.0,0.6666666666666666,0.0,High,0
57,Female,IT,India,0.5333333333333333,0.7200000000000001,0.9,0.7818181818181817,0.0,0.0,0.6666666666666666,Medium,1
61,Female,IT,Canada,0.1666666666666666,0.62,0.2,0.6909090909090909,0.5,1.0,1.0,High,1
25,Prefer not to say,IT,Other,0.4333333333333332,0.26,0.4,0.6545454545454544,0.5,0.3333333333333333,1.0,Medium,1
24,Male,Other,Canada,0.4166666666666666,0.42,0.1,0.5636363636363636,1.0,0.6666666666666666,1.0,High,2
47,Non-binary,Finance,Germany,0.3166666666666667,0.36,0.7000000000000001,0.6181818181818182,0.5,0.6666666666666666,1.0,High,1
34,Female,Sales,India,0.3666666666666666,0.12,0.7000000000000001,0.0181818181818181,1.0,1.0,0.6666666666666666,Medium,2
52,Non-binary,Sales,Germany,0.2666666666666666,0.38,1.0,0.3272727272727272,0.0,0.6666666666666666,0.6666666666666666,Medium,1
27,Female,Engineering,Germany,0.8166666666666668,0.4800000000000001,1.0,0.3454545454545454,0.0,1.0,0.0,Low,0
41,Female,Healthcare,Other,0.0666666666666667,0.4600000000000001,0.5,0.5636363636363636,1.0,0.0,1.0,High,2
25,Male,Other,Other,0.9,0.7600000000000001,0.8,0.5818181818181818,0.0,0.0,0.3333333333333333,Low,0
28,Non-binary,Sales,Germany,0.7499999999999999,0.7800000000000001,0.9,0.6727272727272727,0.0,0.3333333333333333,0.6666666666666666,Medium,1
19,Prefer not to say,IT,Other,0.4,0.08,0.1,0.6909090909090909,0.0,0.0,1.0,Medium,1
29,Prefer not to say,IT,UK,0.9833333333333332,0.02,0.3,0.4,0.5,0.3333333333333333,1.0,Medium,1
48,Male,IT,Germany,0.5666666666666668,0.82,0.2,0.509090909090909,0.0,0.6666666666666666,0.6666666666666666,High,1
30,Male,Sales,Other,0.7833333333333331,0.64,0.8,0.7636363636363637,0.0,0.0,0.0,Low,0
18,Prefer not to say,Healthcare,India,0.0999999999999999,0.3400000000000001,0.2,0.8,0.0,0.3333333333333333,0.3333333333333333,High,0
33,Female,Healthcare,Canada,0.15,0.3,0.5,0.5454545454545454,1.0,1.0,0.3333333333333333,High,2
62,Prefer not to say,Engineering,UK,0.3333333333333333,0.5400000000000001,0.7000000000000001,0.9090909090909092,0.5,0.6666666666666666,0.0,Medium,0
61,Male,Education,Other,0.8166666666666668,0.96,0.5,0.9636363636363636,1.0,0.6666666666666666,0.3333333333333333,High,2
21,Female,Education,Australia,0.65,0.98,0.8,0.6181818181818182,0.0,0.3333333333333333,1.0,Medium,1
22,Non-binary,Healthcare,Canada,0.2333333333333334,0.32,0.7000000000000001,0.3272727272727272,0.0,0.0,0.3333333333333333,Low,0
46,Prefer not to say,Other,India,0.0833333333333333,0.24,0.0,0.8727272727272727,0.5,0.6666666666666666,0.3333333333333333,High,0
57,Male,Engineering,Canada,0.8666666666666666,0.9,0.0,0.7636363636363637,0.5,0.6666666666666666,0.0,High,0
63,Prefer not to say,Other,USA,0.5666666666666668,0.58,0.8,0.4727272727272728,0.5,0.3333333333333333,0.6666666666666666,Medium,1
35,Female,Engineering,Australia,0.4999999999999999,0.18,0.7000000000000001,0.2181818181818181,0.0,0.0,0.0,Low,0
37,Non-binary,Other,Other,0.65,0.3,0.2,0.0181818181818181,0.0,0.0,0.0,Low,0
53,Male,Education,Australia,0.6,0.22,0.6000000000000001,0.8181818181818182,0.5,0.0,0.6666666666666666,Medium,1
26,Non-binary,IT,USA,0.2999999999999999,0.4,0.2,0.2727272727272727,1.0,0.0,0.0,Medium,2
42,Female,Education,Germany,0.7166666666666667,0.98,0.4,0.2181818181818181,0.5,0.3333333333333333,1.0,Medium,1
31,Female,Education,USA,0.8000000000000002,0.84,0.9,0.5272727272727272,0.5,0.3333333333333333,0.0,Low,0
28,Female,Finance,Australia,0.15,0.04,0.0,0.9272727272727272,0.0,1.0,1.0,High,1
20,Female,Education,Other,0.0833333333333333,0.04,0.1,0.6181818181818182,0.5,0.6666666666666666,0.3333333333333333,High,0
37,Non-binary,Healthcare,Canada,0.45,0.98,0.1,0.0727272727272727,0.5,0.3333333333333333,1.0,High,1
25,Non-binary,IT,Australia,0.4333333333333332,0.42,0.2,0.2909090909090909,1.0,1.0,0.6666666666666666,High,2
51,Female,Healthcare,Australia,0.6666666666666666,0.98,0.3,0.8181818181818182,0.0,1.0,0.6666666666666666,High,1
42,Non-binary,Education,Australia,0.1833333333333332,0.9,0.6000000000000001,0.0181818181818181,0.5,0.6666666666666666,0.6666666666666666,High,1
42,Female,Healthcare,USA,0.1333333333333333,0.36,0.3,0.8727272727272727,0.0,0.3333333333333333,1.0,High,1
45,Female,Other,India,0.4333333333333332,0.02,0.1,0.1818181818181818,0.0,0.3333333333333333,0.3333333333333333,Low,0
22,Non-binary,Engineering,USA,0.15,0.88,0.7000000000000001,0.6727272727272727,0.0,0.6666666666666666,0.6666666666666666,High,1
60,Male,Healthcare,UK,0.2833333333333333,0.86,0.1,0.7818181818181817,1.0,1.0,0.6666666666666666,High,2
21,Female,IT,UK,0.8333333333333334,0.44,0.0,0.7454545454545454,1.0,0.3333333333333333,0.6666666666666666,High,2
60,Female,Healthcare,Canada,0.0333333333333333,0.84,0.9,0.3090909090909091,1.0,0.6666666666666666,1.0,High,2
25,Prefer not to say,Healthcare,Canada,0.6,0.4800000000000001,0.0,0.3636363636363636,1.0,0.6666666666666666,0.3333333333333333,High,2
50,Non-binary,Healthcare,UK,0.2166666666666666,0.38,0.5,0.7818181818181817,1.0,0.6666666666666666,0.3333333333333333,High,2
60,Non-binary,Sales,USA,0.9666666666666668,0.22,0.1,0.9454545454545454,1.0,0.6666666666666666,1.0,High,2
45,Prefer not to say,Education,India,0.35,0.08,0.1,0.9272727272727272,0.0,0.6666666666666666,0.6666666666666666,High,1
33,Female,Sales,Germany,0.2666666666666666,0.5000000000000001,0.0,0.6909090909090909,1.0,0.6666666666666666,0.0,High,2
45,Prefer not to say,Other,USA,0.2833333333333333,0.3,0.6000000000000001,0.6,1.0,1.0,0.3333333333333333,High,2
53,Prefer not to say,IT,Germany,0.6,0.1,0.4,0.0,0.0,0.6666666666666666,0.3333333333333333,Low,0
42,Male,IT,Other,0.2999999999999999,0.8000000000000002,0.2,0.0545454545454545,0.0,0.3333333333333333,0.6666666666666666,High,1
50,Female,Sales,USA,0.4,0.8000000000000002,1.0,0.6727272727272727,1.0,0.6666666666666666,0.6666666666666666,High,2
26,Female,Education,Other,0.5166666666666665,0.7200000000000001,0.9,0.6727272727272727,1.0,0.3333333333333333,0.3333333333333333,High,2
55,Female,Finance,Australia,0.6833333333333332,0.3,0.8,0.0363636363636363,1.0,0.3333333333333333,1.0,Low,2
64,Female,Education,USA,0.6166666666666666,0.58,0.4,0.0545454545454545,1.0,0.3333333333333333,0.3333333333333333,Medium,2
29,Female,Engineering,Canada,0.7333333333333333,0.7200000000000001,0.4,0.5636363636363636,0.0,1.0,0.3333333333333333,Medium,0
41,Female,Other,Other,0.6666666666666666,0.26,0.2,0.9272727272727272,0.0,0.3333333333333333,0.0,Low,0
21,Prefer not to say,Engineering,UK,0.3166666666666667,0.42,0.0,0.7818181818181817,1.0,0.0,0.0,High,2
44,Female,Education,Canada,0.0833333333333333,0.02,0.7000000000000001,0.4181818181818181,0.0,0.6666666666666666,0.6666666666666666,Medium,1
25,Non-binary,Education,USA,0.4833333333333333,0.12,0.3,0.1454545454545454,0.0,0.6666666666666666,1.0,Medium,1
49,Non-binary,Engineering,Canada,0.2333333333333334,0.3,0.6000000000000001,0.5272727272727272,1.0,1.0,0.6666666666666666,High,2
40,Female,Education,Other,0.3333333333333333,0.04,0.4,0.9818181818181818,1.0,0.6666666666666666,1.0,High,2
22,Prefer not to say,Finance,India,0.0166666666666666,0.66,0.0,0.3090909090909091,1.0,0.6666666666666666,0.6666666666666666,High,2
37,Male,Other,USA,0.5333333333333333,0.98,0.2,0.4,1.0,0.3333333333333333,1.0,High,2
65,Non-binary,Education,UK,0.6166666666666666,0.8000000000000002,0.4,0.8363636363636363,1.0,0.0,0.3333333333333333,High,2
26,Male,Sales,Germany,0.6833333333333332,0.62,0.9,0.8,0.0,0.0,0.0,Low,0
51,Male,Engineering,UK,0.2833333333333333,0.04,0.2,0.2545454545454545,0.0,1.0,0.3333333333333333,Medium,0
31,Prefer not to say,Other,USA,0.6333333333333332,0.0,0.0,0.8363636363636363,0.0,1.0,0.6666666666666666,High,1
32,Prefer not to say,Healthcare,Other,0.8000000000000002,0.7800000000000001,0.4,0.1272727272727272,1.0,0.6666666666666666,1.0,High,2
27,Male,Sales,Germany,0.4666666666666667,0.22,0.6000000000000001,0.7454545454545454,0.5,0.6666666666666666,1.0,High,1
41,Prefer not to say,Education,Other,0.85,0.42,0.2,0.7272727272727273,0.0,1.0,1.0,High,1
65,Male,IT,Other,0.6666666666666666,0.1,1.0,0.6181818181818182,0.5,0.0,0.6666666666666666,Low,1
36,Male,Education,India,0.8666666666666666,0.4600000000000001,0.1,0.9454545454545454,0.5,0.3333333333333333,0.6666666666666666,High,1
48,Prefer not to say,Other,UK,0.2166666666666666,0.02,0.2,0.7636363636363637,0.0,0.6666666666666666,1.0,High,1
51,Non-binary,Other,UK,0.5499999999999999,0.62,1.0,0.6909090909090909,1.0,0.6666666666666666,1.0,High,2
50,Male,Engineering,Other,0.3333333333333333,0.12,0.1,0.0,0.5,0.0,0.0,Low,0
43,Prefer not to say,Healthcare,UK,0.45,0.7000000000000001,0.3,0.6181818181818182,1.0,0.6666666666666666,1.0,High,2
42,Non-binary,Finance,Other,0.2333333333333334,0.4,0.1,0.4363636363636363,1.0,0.3333333333333333,0.6666666666666666,High,2
36,Male,Engineering,UK,0.9833333333333332,0.94,0.9,0.5818181818181818,0.5,0.3333333333333333,0.6666666666666666,Medium,1
21,Male,Other,USA,0.6,0.84,0.1,0.4363636363636363,1.0,0.6666666666666666,1.0,High,2
44,Male,Other,Other,0.0999999999999999,0.68,0.8,0.0181818181818181,0.0,0.3333333333333333,1.0,Medium,1
18,Male,Healthcare,UK,0.0166666666666666,0.68,0.3,0.8727272727272727,1.0,1.0,0.6666666666666666,High,2
50,Female,Other,UK,0.0999999999999999,0.4,0.7000000000000001,0.9636363636363636,1.0,0.3333333333333333,0.3333333333333333,High,2
61,Female,Engineering,USA,0.45,0.92,0.1,0.6545454545454544,0.0,0.3333333333333333,0.0,Medium,0
42,Prefer not to say,Healthcare,Canada,0.15,0.84,0.8,0.7272727272727273,1.0,1.0,0.6666666666666666,High,2
38,Prefer not to say,Education,Other,0.2333333333333334,0.08,0.8,0.6545454545454544,0.0,0.0,0.6666666666666666,Low,1
31,Non-binary,Healthcare,India,0.2666666666666666,0.6,0.4,0.1818181818181818,0.5,0.6666666666666666,1.0,High,1
61,Female,Engineering,UK,0.6,0.5400000000000001,0.9,0.1272727272727272,0.0,0.0,0.3333333333333333,Low,0
55,Female,Finance,Other,0.6166666666666666,0.38,0.3,0.0545454545454545,1.0,0.6666666666666666,0.3333333333333333,High,2
29,Non-binary,Other,Canada,0.4833333333333333,0.92,0.6000000000000001,0.8363636363636363,0.5,0.6666666666666666,0.6666666666666666,High,1
21,Non-binary,Engineering,India,0.25,0.5000000000000001,0.4,0.3454545454545454,0.5,0.6666666666666666,1.0,High,1
22,Non-binary,Sales,India,0.5833333333333334,0.44,0.5,0.7636363636363637,1.0,1.0,0.0,High,2
54,Prefer not to say,IT,Canada,0.0833333333333333,0.12,0.0,0.4909090909090909,1.0,0.3333333333333333,0.6666666666666666,High,2
46,Non-binary,Other,Other,0.85,0.82,0.4,0.9454545454545454,1.0,1.0,0.3333333333333333,High,2
33,Female,IT,Canada,0.4333333333333332,0.66,0.0,0.7090909090909091,1.0,1.0,0.3333333333333333,High,2
37,Non-binary,Engineering,Germany,0.3666666666666666,0.68,0.0,0.9272727272727272,1.0,0.3333333333333333,0.0,High,2
50,Female,Education,Australia,0.35,0.88,0.2,0.9090909090909092,1.0,0.0,1.0,High,2
58,Male,Engineering,Other,0.4999999999999999,0.7200000000000001,0.0,0.8,0.0,1.0,0.6666666666666666,High,1
48,Female,Sales,Germany,0.7166666666666667,0.2,0.4,0.2909090909090909,0.0,0.6666666666666666,0.3333333333333333,Low,0
19,Male,Finance,India,0.3833333333333332,0.06,0.7000000000000001,0.8727272727272727,1.0,1.0,1.0,High,2
49,Prefer not to say,Finance,USA,0.5333333333333333,0.1,0.7000000000000001,0.2,0.5,0.0,0.6666666666666666,Low,1
42,Male,IT,USA,0.4333333333333332,0.7200000000000001,0.6000000000000001,0.509090909090909,1.0,0.3333333333333333,0.3333333333333333,High,2
45,Non-binary,Finance,USA,0.4833333333333333,0.26,0.0,0.7636363636363637,1.0,1.0,0.3333333333333333,High,2
19,Male,Engineering,UK,0.0999999999999999,0.3,0.1,0.0727272727272727,0.5,0.6666666666666666,1.0,High,1
38,Male,Finance,Germany,0.9666666666666668,0.7200000000000001,0.9,0.0545454545454545,0.5,1.0,1.0,Medium,1
59,Prefer not to say,Education,Other,0.4333333333333332,0.7600000000000001,0.7000000000000001,0.4545454545454545,0.5,0.0,1.0,Medium,1
23,Female,Finance,Canada,0.3833333333333332,0.12,0.1,0.3454545454545454,0.0,0.3333333333333333,0.6666666666666666,Medium,1
23,Non-binary,Finance,UK,0.3666666666666666,0.58,0.5,0.3090909090909091,1.0,0.6666666666666666,1.0,High,2
31,Prefer not to say,Other,Australia,0.8666666666666666,0.7400000000000001,0.4,0.3272727272727272,0.5,0.3333333333333333,0.6666666666666666,Medium,1
62,Non-binary,Engineering,Canada,0.6833333333333332,0.58,0.4,0.7818181818181817,1.0,0.6666666666666666,1.0,High,2
42,Prefer not to say,Finance,UK,0.2166666666666666,0.26,0.7000000000000001,0.1818181818181818,0.0,0.0,0.3333333333333333,Low,0
46,Non-binary,Finance,Germany,0.4,0.86,1.0,0.4181818181818181,0.5,0.0,0.0,Low,0
32,Male,Finance,Canada,0.0666666666666667,0.94,0.8,0.7818181818181817,0.5,0.0,0.0,Medium,0
50,Female,IT,Other,0.5833333333333334,0.24,0.9,0.8363636363636363,0.0,0.0,0.3333333333333333,Low,0
50,Male,Education,UK,0.3166666666666667,0.5400000000000001,0.7000000000000001,0.7636363636363637,1.0,0.3333333333333333,0.6666666666666666,High,2
34,Female,IT,Canada,0.35,0.62,0.0,0.5272727272727272,1.0,0.6666666666666666,0.3333333333333333,High,2
18,Non-binary,Other,Other,0.0666666666666667,0.4,0.3,0.1272727272727272,0.5,1.0,1.0,High,1
56,Male,IT,UK,0.6833333333333332,0.3,0.0,0.9090909090909092,0.0,0.3333333333333333,0.6666666666666666,Medium,1
32,Non-binary,Finance,USA,0.4166666666666666,0.84,0.4,0.4545454545454545,1.0,1.0,0.0,High,2
65,Male,Healthcare,Canada,0.6999999999999998,0.44,0.9,0.9272727272727272,0.0,0.0,1.0,Low,1
44,Non-binary,Engineering,India,1.0,0.5000000000000001,1.0,0.1272727272727272,1.0,0.0,0.0,Low,2
27,Female,Engineering,Australia,0.2333333333333334,0.94,0.4,0.3636363636363636,0.0,0.6666666666666666,0.3333333333333333,High,0
56,Male,Healthcare,Australia,0.5833333333333334,0.84,0.8,0.9272727272727272,1.0,0.6666666666666666,0.6666666666666666,High,2
65,Non-binary,Healthcare,Canada,0.4833333333333333,0.88,0.1,0.1272727272727272,0.5,0.3333333333333333,1.0,High,1
65,Prefer not to say,Finance,Germany,0.2333333333333334,0.9,0.7000000000000001,0.2727272727272727,0.5,0.0,0.0,Low,0
19,Prefer not to say,Sales,UK,0.4166666666666666,0.5000000000000001,1.0,0.8,0.5,1.0,0.6666666666666666,High,1
41,Female,Other,UK,0.0999999999999999,0.38,0.9,0.9272727272727272,1.0,0.6666666666666666,0.3333333333333333,High,2
61,Non-binary,Healthcare,UK,0.9,0.4,1.0,0.3636363636363636,0.5,0.0,0.3333333333333333,Low,0
59,Prefer not to say,Education,India,0.1166666666666667,0.9,0.4,1.0,0.5,1.0,0.6666666666666666,High,1
39,Prefer not to say,Finance,India,0.4666666666666667,0.62,0.4,0.9818181818181818,0.5,0.0,0.3333333333333333,Medium,0
23,Prefer not to say,Sales,UK,0.6999999999999998,0.7600000000000001,0.6000000000000001,0.7272727272727273,1.0,1.0,1.0,High,2
29,Prefer not to say,Finance,Canada,0.4666666666666667,0.5599999999999999,0.2,0.5454545454545454,1.0,0.0,0.0,Medium,2
38,Prefer not to say,IT,UK,0.0833333333333333,0.44,0.5,0.8,0.5,0.0,1.0,High,1
65,Female,Education,Canada,0.7333333333333333,0.04,0.6000000000000001,0.1454545454545454,0.5,0.3333333333333333,0.6666666666666666,Low,1
21,Non-binary,IT,Other,0.7499999999999999,0.2,0.7000000000000001,0.9818181818181818,0.5,0.6666666666666666,1.0,Medium,1
48,Male,Finance,USA,0.3666666666666666,0.7200000000000001,0.9,0.509090909090909,0.5,0.0,1.0,Medium,1
26,Non-binary,Education,Germany,0.0666666666666667,0.7400000000000001,0.5,0.9272727272727272,0.5,0.6666666666666666,0.6666666666666666,High,1
41,Male,Finance,Australia,0.15,0.8000000000000002,0.0,0.0181818181818181,0.5,1.0,1.0,High,1
48,Prefer not to say,IT,Australia,0.35,0.14,0.3,0.7090909090909091,1.0,0.3333333333333333,1.0,High,2
46,Non-binary,Finance,India,0.9499999999999998,0.66,0.8,0.1272727272727272,0.5,0.6666666666666666,1.0,Medium,1
45,Prefer not to say,Sales,India,0.7666666666666665,0.3,0.9,0.2,0.5,0.6666666666666666,0.0,Low,0
19,Male,Education,Other,0.4999999999999999,0.7000000000000001,0.1,0.8,0.5,0.0,0.6666666666666666,High,1
23,Male,Sales,Australia,0.4333333333333332,0.5200000000000001,0.1,0.4181818181818181,1.0,0.6666666666666666,0.3333333333333333,High,2
50,Female,Finance,Canada,0.2,0.44,0.0,0.1636363636363636,0.5,0.6666666666666666,1.0,High,1
52,Prefer not to say,Finance,Canada,0.3333333333333333,0.42,0.4,0.6181818181818182,1.0,1.0,0.6666666666666666,High,2
43,Prefer not to say,Sales,Australia,0.0166666666666666,0.04,0.3,0.0181818181818181,0.0,0.3333333333333333,0.0,Low,0
50,Prefer not to say,Education,UK,0.1833333333333332,0.9,0.5,0.9090909090909092,0.0,0.6666666666666666,0.6666666666666666,High,1
53,Female,Finance,Germany,0.1166666666666667,0.88,0.3,0.6727272727272727,1.0,0.0,0.0,High,2
65,Female,Finance,India,0.2,0.3,1.0,0.2909090909090909,0.0,1.0,0.3333333333333333,Low,0
37,Prefer not to say,Healthcare,India,0.4333333333333332,0.6,0.6000000000000001,0.3636363636363636,1.0,0.3333333333333333,0.0,Medium,2
27,Male,Education,Australia,0.65,0.14,1.0,0.6727272727272727,0.0,0.6666666666666666,0.0,Low,0
33,Female,Healthcare,Other,0.9499999999999998,0.5599999999999999,0.8,0.1272727272727272,0.0,0.6666666666666666,0.3333333333333333,Low,0
46,Non-binary,Finance,Germany,0.2166666666666666,0.22,1.0,0.2181818181818181,0.0,0.3333333333333333,0.6666666666666666,Low,1
61,Prefer not to say,IT,USA,0.0666666666666667,0.36,1.0,0.2909090909090909,0.0,0.0,0.6666666666666666,Low,1
56,Prefer not to say,Education,Australia,0.4166666666666666,0.4,0.0,0.7818181818181817,0.0,1.0,1.0,High,1
47,Prefer not to say,Sales,Australia,0.8000000000000002,0.18,0.1,0.2181818181818181,1.0,0.0,0.3333333333333333,Low,2
25,Female,Education,India,0.0999999999999999,0.82,0.3,0.7090909090909091,1.0,0.0,0.3333333333333333,High,2
22,Female,Finance,UK,0.9666666666666668,0.9,0.6000000000000001,0.8363636363636363,1.0,0.0,1.0,High,2
45,Female,Sales,Germany,0.1166666666666667,0.14,0.2,0.5818181818181818,0.0,0.0,0.0,Low,0
25,Non-binary,IT,Australia,0.35,0.42,0.8,0.890909090909091,0.5,0.6666666666666666,0.0,Medium,0
35,Non-binary,Healthcare,India,0.9,0.7000000000000001,0.6000000000000001,0.1272727272727272,0.0,1.0,0.0,Low,0
35,Prefer not to say,Sales,UK,0.2166666666666666,0.9,0.3,0.2727272727272727,0.0,1.0,0.6666666666666666,High,1
52,Non-binary,Engineering,USA,0.65,0.9,0.1,0.0363636363636363,1.0,1.0,0.3333333333333333,High,2
51,Prefer not to say,Education,India,0.6833333333333332,0.26,0.9,0.6727272727272727,0.5,0.3333333333333333,0.3333333333333333,Low,0
44,Male,Other,Germany,0.25,1.0,0.3,0.1272727272727272,0.0,0.6666666666666666,0.6666666666666666,High,1
33,Male,Education,UK,0.7833333333333331,0.2,0.4,0.6181818181818182,0.5,0.6666666666666666,0.6666666666666666,Medium,1
55,Male,Other,Germany,0.8666666666666666,0.3400000000000001,0.3,0.7090909090909091,1.0,0.3333333333333333,0.3333333333333333,High,2
43,Female,Healthcare,Other,0.8666666666666666,0.44,0.0,0.5272727272727272,0.0,0.3333333333333333,0.6666666666666666,Medium,1
46,Female,Sales,Other,0.2333333333333334,0.28,0.9,0.8181818181818182,0.0,0.3333333333333333,0.0,Low,0
32,Prefer not to say,Other,India,0.1666666666666666,0.06,0.2,0.0545454545454545,1.0,0.0,0.3333333333333333,Medium,2
59,Prefer not to say,Finance,India,0.1666666666666666,0.96,0.2,0.7636363636363637,0.0,0.3333333333333333,1.0,High,1
34,Prefer not to say,Other,Canada,0.1166666666666667,0.88,0.6000000000000001,0.9272727272727272,0.5,0.0,1.0,High,1
33,Female,Finance,Germany,0.85,0.3,0.9,0.8,0.5,0.0,0.3333333333333333,Low,0
51,Non-binary,Sales,Germany,0.3333333333333333,0.14,0.3,0.509090909090909,0.5,0.0,1.0,Medium,1
37,Prefer not to say,Sales,USA,0.0833333333333333,0.7200000000000001,0.5,0.1454545454545454,1.0,0.0,1.0,High,2
45,Prefer not to say,IT,Other,0.0999999999999999,0.5599999999999999,1.0,0.5818181818181818,0.0,0.3333333333333333,1.0,Medium,1
24,Female,Finance,Australia,0.7833333333333331,0.94,0.0,0.5818181818181818,0.0,0.0,0.0,Low,0
26,Prefer not to say,Education,Australia,0.1333333333333333,0.5400000000000001,0.1,0.3636363636363636,0.5,1.0,1.0,High,1
19,Male,Sales,UK,0.6,0.08,0.1,0.4363636363636363,1.0,0.3333333333333333,0.0,Medium,2
61,Male,Other,India,0.35,0.86,0.2,0.4909090909090909,0.5,0.6666666666666666,0.6666666666666666,High,1
63,Prefer not to say,Education,UK,0.7166666666666667,0.1,0.6000000000000001,0.3636363636363636,0.0,0.0,0.3333333333333333,Low,0
54,Prefer not to say,Sales,Canada,0.7666666666666665,0.42,0.8,0.4545454545454545,0.0,0.0,0.6666666666666666,Low,1
33,Female,Sales,Germany,0.0333333333333333,0.5000000000000001,0.6000000000000001,0.9454545454545454,0.0,0.3333333333333333,0.0,Medium,0
61,Prefer not to say,Other,USA,0.8333333333333334,0.5599999999999999,0.7000000000000001,0.8727272727272727,0.5,1.0,0.3333333333333333,Medium,0
63,Non-binary,Engineering,Australia,0.6333333333333332,0.7200000000000001,0.9,0.0181818181818181,1.0,1.0,0.0,Medium,2
34,Prefer not to say,Finance,Australia,0.6999999999999998,0.4600000000000001,0.9,0.7636363636363637,0.5,0.6666666666666666,0.3333333333333333,Medium,0
28,Female,Education,Canada,0.6666666666666666,0.12,0.9,0.8,0.5,0.0,0.0,Low,0
55,Female,Engineering,USA,0.1166666666666667,1.0,0.5,0.9636363636363636,0.0,1.0,0.0,High,0
64,Male,Sales,India,0.45,0.36,0.3,0.4727272727272728,0.5,1.0,0.6666666666666666,High,1
52,Female,Other,Other,0.6,0.3,0.9,0.4545454545454545,0.0,0.3333333333333333,0.3333333333333333,Low,0
30,Male,Engineering,Other,0.5166666666666665,0.94,0.6000000000000001,0.3090909090909091,0.5,0.3333333333333333,0.3333333333333333,Medium,0
56,Prefer not to say,Education,UK,0.0666666666666667,0.42,0.3,0.2909090909090909,0.5,0.0,0.3333333333333333,Medium,0
62,Non-binary,Education,Germany,0.7833333333333331,0.64,0.3,0.4909090909090909,0.0,0.0,0.0,Low,0
49,Male,Engineering,Canada,0.2666666666666666,0.94,0.0,0.1636363636363636,1.0,0.3333333333333333,0.3333333333333333,High,2
60,Female,Education,Other,0.3833333333333332,0.14,0.6000000000000001,0.4363636363636363,0.0,1.0,0.0,Low,0
28,Female,Healthcare,USA,0.0833333333333333,0.4,0.1,0.890909090909091,0.5,0.0,0.3333333333333333,High,0
20,Prefer not to say,Education,Australia,0.8000000000000002,0.04,0.7000000000000001,0.4545454545454545,0.5,0.0,0.3333333333333333,Low,0
44,Non-binary,Healthcare,India,0.3833333333333332,0.32,0.5,0.6363636363636364,0.0,1.0,0.0,Low,0
50,Female,IT,Other,0.2833333333333333,0.06,0.8,0.5454545454545454,0.0,0.6666666666666666,0.0,Low,0
34,Non-binary,IT,India,0.5333333333333333,0.5400000000000001,0.6000000000000001,0.3272727272727272,0.0,0.0,0.6666666666666666,Low,1
41,Non-binary,Healthcare,Germany,0.0166666666666666,0.22,0.1,0.5818181818181818,0.0,0.6666666666666666,0.0,Medium,0
56,Non-binary,Other,Canada,0.6833333333333332,0.0,0.3,0.6909090909090909,1.0,0.3333333333333333,0.0,Medium,2
21,Prefer not to say,Engineering,Other,0.7666666666666665,0.94,0.6000000000000001,0.5454545454545454,1.0,0.3333333333333333,1.0,High,2
57,Female,Finance,USA,0.9499999999999998,0.5400000000000001,0.2,0.3272727272727272,1.0,0.6666666666666666,1.0,High,2
57,Female,Engineering,Germany,0.2666666666666666,0.3,0.8,0.8363636363636363,0.5,1.0,0.6666666666666666,High,1
55,Non-binary,IT,UK,0.3666666666666666,0.5400000000000001,0.8,0.3454545454545454,0.0,1.0,0.0,Low,0
34,Female,IT,Australia,0.4333333333333332,0.12,0.7000000000000001,0.6545454545454544,0.0,0.6666666666666666,0.0,Low,0
49,Female,Engineering,Australia,0.1833333333333332,0.92,0.6000000000000001,0.5818181818181818,0.0,0.6666666666666666,0.6666666666666666,High,1
47,Non-binary,Sales,India,0.0166666666666666,0.2,1.0,0.890909090909091,0.0,0.3333333333333333,1.0,Medium,1
21,Prefer not to say,IT,Germany,0.8333333333333334,0.62,0.4,0.9818181818181818,0.0,0.6666666666666666,0.3333333333333333,Medium,0
23,Prefer not to say,Education,Germany,0.4666666666666667,0.14,0.1,0.8,1.0,1.0,0.0,High,2
26,Male,Education,UK,0.1833333333333332,0.1,0.7000000000000001,0.3272727272727272,0.5,0.6666666666666666,0.0,Low,0
19,Female,Sales,Germany,0.6666666666666666,0.4600000000000001,0.8,0.4727272727272728,0.5,1.0,1.0,Medium,1
49,Female,IT,Canada,0.5666666666666668,0.22,1.0,0.9454545454545454,0.0,0.0,0.3333333333333333,Low,0
57,Non-binary,Education,India,0.6333333333333332,0.84,0.2,0.9636363636363636,0.5,0.3333333333333333,0.3333333333333333,High,0
34,Prefer not to say,Engineering,Canada,0.3166666666666667,0.14,0.1,0.1636363636363636,1.0,0.6666666666666666,0.3333333333333333,High,2
64,Prefer not to say,IT,Other,0.6666666666666666,0.7400000000000001,0.8,0.6545454545454544,0.0,0.0,0.6666666666666666,Low,1
28,Prefer not to say,Sales,Germany,0.9,1.0,0.5,0.9454545454545454,0.5,1.0,0.6666666666666666,High,1
27,Male,Sales,Germany,0.6999999999999998,0.88,0.8,0.7272727272727273,0.0,0.3333333333333333,0.0,Low,0
49,Female,IT,USA,0.4999999999999999,0.4,1.0,0.3454545454545454,1.0,1.0,0.6666666666666666,High,2
32,Female,Engineering,Australia,0.2166666666666666,0.7200000000000001,0.6000000000000001,0.890909090909091,0.0,0.3333333333333333,1.0,High,1
28,Prefer not to say,Engineering,Canada,0.9166666666666666,0.94,0.0,0.2181818181818181,0.5,0.0,1.0,Medium,1
59,Male,Education,USA,0.4333333333333332,0.3400000000000001,0.7000000000000001,0.7454545454545454,1.0,0.6666666666666666,1.0,High,2
50,Non-binary,Healthcare,Australia,0.4833333333333333,0.7600000000000001,0.6000000000000001,0.5818181818181818,0.0,0.0,0.0,Low,0
50,Prefer not to say,Sales,Canada,0.7333333333333333,0.58,0.2,0.8727272727272727,0.5,0.3333333333333333,0.0,Medium,0
59,Non-binary,Engineering,Other,0.9166666666666666,0.94,0.8,0.9818181818181818,1.0,0.3333333333333333,1.0,High,2
29,Non-binary,Other,Canada,0.45,0.28,1.0,0.8181818181818182,1.0,1.0,1.0,High,2
33,Non-binary,Engineering,USA,0.25,0.1,0.3,0.4363636363636363,0.5,0.0,0.3333333333333333,Medium,0
39,Male,Sales,Australia,0.5333333333333333,0.6,0.7000000000000001,0.7272727272727273,0.5,0.0,0.0,Low,0
23,Female,Finance,Canada,0.45,0.82,0.8,0.6727272727272727,1.0,0.6666666666666666,0.0,High,2
34,Female,Finance,Other,0.5333333333333333,0.4800000000000001,0.9,0.0363636363636363,0.0,0.6666666666666666,0.0,Low,0
35,Female,Education,Germany,0.2166666666666666,0.7200000000000001,0.1,0.1818181818181818,0.5,1.0,1.0,High,1
54,Non-binary,IT,Canada,0.6999999999999998,0.4600000000000001,0.3,0.5454545454545454,1.0,0.3333333333333333,0.6666666666666666,High,2
60,Non-binary,Healthcare,Other,0.7499999999999999,0.2,0.7000000000000001,0.8,1.0,0.0,0.0,Low,2
43,Male,Engineering,Germany,0.1833333333333332,0.22,0.7000000000000001,0.8363636363636363,0.5,0.0,1.0,Medium,1
55,Male,Finance,UK,0.9333333333333332,1.0,0.2,0.1272727272727272,0.5,0.0,1.0,Medium,1
25,Non-binary,Healthcare,India,0.0333333333333333,0.14,0.4,0.7090909090909091,0.5,0.6666666666666666,1.0,High,1
43,Prefer not to say,IT,USA,0.2666666666666666,0.84,0.3,0.5454545454545454,0.0,0.0,0.0,Medium,0
58,Female,Finance,India,0.6666666666666666,0.4,0.8,0.6181818181818182,0.5,0.0,0.3333333333333333,Low,0
38,Prefer not to say,Finance,USA,0.5666666666666668,0.5000000000000001,1.0,0.0363636363636363,0.5,0.0,0.6666666666666666,Low,1
19,Prefer not to say,Finance,Australia,0.25,0.66,0.6000000000000001,0.8727272727272727,0.0,0.6666666666666666,1.0,High,1
54,Non-binary,Healthcare,Germany,0.7166666666666667,0.4,0.1,0.4363636363636363,1.0,0.6666666666666666,1.0,High,2
63,Non-binary,Engineering,Other,0.8000000000000002,0.3,0.3,0.7818181818181817,1.0,0.3333333333333333,0.6666666666666666,High,2
38,Male,Sales,USA,0.7166666666666667,0.7000000000000001,0.5,0.9818181818181818,1.0,0.0,1.0,High,2
44,Male,IT,UK,0.25,0.96,0.4,0.3818181818181818,1.0,0.0,1.0,High,2
55,Prefer not to say,Healthcare,Canada,0.6999999999999998,0.88,0.6000000000000001,0.0363636363636363,0.5,0.3333333333333333,0.6666666666666666,Medium,1
41,Male,Other,Australia,0.4666666666666667,0.4600000000000001,0.1,0.7636363636363637,0.0,0.6666666666666666,0.3333333333333333,High,0
28,Female,Healthcare,Other,0.85,0.5200000000000001,0.2,0.6909090909090909,0.0,1.0,0.6666666666666666,High,1
30,Prefer not to say,Healthcare,Australia,0.8666666666666666,0.44,0.3,0.7090909090909091,1.0,0.0,0.6666666666666666,High,2
63,Male,Healthcare,Australia,0.4666666666666667,0.6,0.4,0.5818181818181818,1.0,0.3333333333333333,1.0,High,2
28,Male,Finance,UK,0.9333333333333332,0.5200000000000001,1.0,0.3818181818181818,0.0,0.3333333333333333,1.0,Low,1
27,Prefer not to say,Education,India,0.0333333333333333,0.24,0.4,0.3090909090909091,0.0,0.0,0.6666666666666666,Low,1
25,Female,Other,India,0.5499999999999999,0.92,0.1,0.6363636363636364,0.5,0.6666666666666666,1.0,High,1
39,Prefer not to say,Sales,UK,0.2,0.28,0.2,0.5454545454545454,0.5,0.0,0.3333333333333333,Medium,0
19,Male,Sales,Australia,0.5666666666666668,0.14,0.3,0.7636363636363637,1.0,0.0,0.0,Medium,2
18,Male,Engineering,Germany,0.0,0.58,0.3,0.7090909090909091,0.5,1.0,1.0,High,1
52,Non-binary,Healthcare,India,0.45,0.6,0.1,0.9636363636363636,0.0,0.6666666666666666,0.6666666666666666,High,1
21,Non-binary,IT,Australia,0.8333333333333334,0.38,0.4,0.0,0.5,0.0,1.0,Low,1
62,Female,Education,Canada,0.9,0.6,0.3,0.5818181818181818,0.5,0.6666666666666666,0.0,Medium,0
60,Prefer not to say,Finance,Germany,0.6999999999999998,0.6,0.8,0.4727272727272728,1.0,1.0,0.3333333333333333,Medium,2
33,Male,Finance,Canada,0.0333333333333333,0.66,0.0,0.5454545454545454,0.5,0.0,1.0,High,1
41,Non-binary,Sales,Canada,0.9166666666666666,0.0,0.0,0.3818181818181818,0.0,1.0,0.6666666666666666,Medium,1
57,Female,Engineering,Germany,0.0333333333333333,0.44,0.3,0.7090909090909091,1.0,0.6666666666666666,0.0,High,2
21,Prefer not to say,Education,USA,0.6999999999999998,0.66,0.6000000000000001,0.3636363636363636,1.0,0.0,0.3333333333333333,Medium,2
56,Male,Sales,Germany,0.7499999999999999,0.8000000000000002,0.3,0.9818181818181818,0.5,0.6666666666666666,0.0,High,0
36,Prefer not to say,Other,India,0.3166666666666667,0.66,0.4,0.3272727272727272,1.0,0.3333333333333333,0.6666666666666666,High,2
59,Non-binary,IT,Other,0.3333333333333333,0.96,0.2,0.7272727272727273,1.0,0.3333333333333333,1.0,High,2
46,Female,Other,Canada,0.0833333333333333,0.64,1.0,0.3818181818181818,0.5,1.0,0.6666666666666666,High,1
46,Male,Finance,India,0.8166666666666668,0.9,0.1,0.5454545454545454,1.0,0.0,0.0,Medium,2
30,Prefer not to say,Other,USA,0.3333333333333333,0.82,0.2,0.0363636363636363,1.0,0.3333333333333333,1.0,High,2
24,Male,IT,USA,0.1166666666666667,0.96,0.7000000000000001,0.3636363636363636,1.0,0.3333333333333333,0.3333333333333333,High,2
24,Prefer not to say,Education,USA,0.6666666666666666,0.24,0.9,0.5818181818181818,0.5,1.0,0.0,Low,0
46,Non-binary,Sales,Germany,0.7666666666666665,0.18,1.0,0.6727272727272727,0.5,0.3333333333333333,0.0,Low,0
42,Non-binary,Education,USA,0.3333333333333333,0.22,1.0,0.3454545454545454,1.0,0.3333333333333333,0.6666666666666666,Medium,2
19,Male,IT,Canada,0.7499999999999999,0.0,1.0,0.3818181818181818,0.0,0.3333333333333333,0.3333333333333333,Low,0
40,Prefer not to say,Engineering,India,0.4666666666666667,1.0,0.8,0.8181818181818182,0.0,1.0,1.0,High,1
57,Male,Sales,Canada,0.9666666666666668,0.88,0.5,0.0727272727272727,0.5,1.0,0.3333333333333333,Medium,0
52,Prefer not to say,Finance,Australia,0.0833333333333333,0.82,0.6000000000000001,0.2181818181818181,0.5,1.0,0.6666666666666666,High,1
20,Prefer not to say,IT,Australia,0.4666666666666667,0.66,1.0,0.6545454545454544,0.5,0.6666666666666666,0.6666666666666666,High,1
46,Male,Other,Germany,0.7166666666666667,0.64,0.2,0.3090909090909091,0.5,0.6666666666666666,0.3333333333333333,Medium,0
36,Prefer not to say,Sales,Germany,0.1333333333333333,0.7800000000000001,0.1,0.5818181818181818,1.0,1.0,1.0,High,2
46,Male,Engineering,India,0.2166666666666666,0.28,0.1,0.8545454545454546,0.0,0.0,0.3333333333333333,Medium,0
44,Male,IT,Other,0.15,0.5400000000000001,0.2,0.7636363636363637,1.0,0.0,1.0,High,2
20,Male,Finance,India,0.85,0.6,0.2,0.9090909090909092,1.0,0.6666666666666666,0.0,High,2
55,Female,Finance,UK,0.6333333333333332,0.7600000000000001,0.1,0.7454545454545454,1.0,0.0,0.3333333333333333,High,2
26,Prefer not to say,Engineering,Other,0.9499999999999998,0.26,0.9,0.1272727272727272,0.5,1.0,0.6666666666666666,Low,1
21,Non-binary,Engineering,Australia,0.8000000000000002,0.4800000000000001,0.1,0.1636363636363636,0.5,0.3333333333333333,0.0,Low,0
27,Female,Sales,Germany,0.25,0.0,0.2,0.4545454545454545,1.0,0.0,0.6666666666666666,High,2
58,Female,Healthcare,USA,0.1833333333333332,0.12,0.8,0.5636363636363636,1.0,0.6666666666666666,1.0,High,2
59,Prefer not to say,Sales,Australia,0.1333333333333333,0.96,0.3,0.3636363636363636,0.0,0.0,1.0,High,1
65,Non-binary,Education,UK,0.6,0.44,0.9,0.5454545454545454,0.0,0.0,0.3333333333333333,Low,0
42,Non-binary,Other,USA,0.7499999999999999,0.4800000000000001,0.2,0.7272727272727273,1.0,0.3333333333333333,0.6666666666666666,High,2
28,Female,Finance,UK,0.7333333333333333,0.22,1.0,0.0363636363636363,1.0,0.0,0.6666666666666666,Low,2
47,Female,Other,USA,0.0499999999999999,0.88,0.5,0.3636363636363636,0.5,1.0,0.3333333333333333,High,0
58,Non-binary,Sales,USA,0.4999999999999999,0.44,0.3,0.3454545454545454,0.0,1.0,1.0,High,1
23,Non-binary,Engineering,Germany,0.7499999999999999,0.18,0.8,0.9090909090909092,0.0,0.0,0.0,Low,0
51,Prefer not to say,Healthcare,Canada,0.0666666666666667,0.3,0.3,0.1454545454545454,1.0,1.0,1.0,High,2
61,Prefer not to say,Other,USA,0.4333333333333332,0.44,0.8,0.5636363636363636,0.0,0.6666666666666666,0.6666666666666666,Medium,1
33,Male,Finance,Other,0.3833333333333332,0.7800000000000001,0.4,0.3272727272727272,1.0,0.0,0.3333333333333333,Medium,2
56,Female,Healthcare,Germany,0.8333333333333334,0.32,0.0,0.5272727272727272,0.5,0.0,0.0,Low,0
37,Male,Education,Other,0.1166666666666667,0.6,0.1,0.6545454545454544,0.0,1.0,0.6666666666666666,High,1
36,Male,Other,USA,0.25,0.96,0.0,1.0,0.5,0.0,0.3333333333333333,High,0
28,Prefer not to say,Education,USA,0.7833333333333331,0.58,1.0,0.7090909090909091,0.0,0.3333333333333333,0.0,Low,0
24,Prefer not to say,Finance,Germany,0.1666666666666666,0.22,0.8,0.3454545454545454,1.0,0.6666666666666666,1.0,High,2
27,Male,Healthcare,Australia,0.8833333333333334,0.86,0.1,0.8363636363636363,1.0,1.0,0.0,High,2
36,Non-binary,Engineering,UK,0.9499999999999998,0.68,0.2,0.9636363636363636,1.0,0.0,0.3333333333333333,High,2
54,Female,Finance,India,0.2833333333333333,0.4800000000000001,0.4,0.9636363636363636,0.0,0.3333333333333333,1.0,High,1
63,Prefer not to say,Education,Australia,0.4666666666666667,0.26,0.8,0.9272727272727272,1.0,0.0,0.0,Low,2
48,Female,Healthcare,UK,0.85,0.16,0.2,0.3090909090909091,0.0,0.3333333333333333,0.6666666666666666,Low,1
29,Female,Other,Germany,0.85,0.14,0.5,0.4727272727272728,1.0,0.3333333333333333,0.0,Low,2
40,Non-binary,Education,Germany,0.0166666666666666,0.04,0.7000000000000001,0.3818181818181818,1.0,0.0,0.0,Low,2
45,Female,Other,Germany,0.0666666666666667,0.58,0.6000000000000001,0.4181818181818181,0.0,0.3333333333333333,0.3333333333333333,Medium,0
50,Prefer not to say,IT,Germany,0.6166666666666666,0.7000000000000001,0.0,0.6727272727272727,0.0,0.6666666666666666,1.0,High,1
57,Prefer not to say,Sales,Australia,0.85,0.24,0.7000000000000001,0.1636363636363636,0.0,0.3333333333333333,0.6666666666666666,Low,1
20,Non-binary,Other,Germany,0.0166666666666666,0.3400000000000001,0.2,0.9090909090909092,0.0,0.0,0.6666666666666666,High,1
28,Prefer not to say,Sales,Germany,0.0166666666666666,0.0,0.6000000000000001,0.1454545454545454,0.5,0.0,0.3333333333333333,Low,0
48,Non-binary,Healthcare,Canada,0.6166666666666666,0.6,0.5,0.1454545454545454,0.0,1.0,0.6666666666666666,Medium,1
31,Prefer not to say,IT,USA,0.2,0.82,0.3,0.2363636363636363,0.0,1.0,0.6666666666666666,High,1
65,Non-binary,Other,India,0.1833333333333332,0.92,0.9,0.2727272727272727,0.5,1.0,0.6666666666666666,High,1
64,Male,Sales,Australia,0.7833333333333331,0.4600000000000001,0.2,0.0545454545454545,0.0,0.0,1.0,Low,1
65,Male,Sales,Canada,0.0999999999999999,0.62,0.4,0.3272727272727272,0.5,0.6666666666666666,0.0,Medium,0
31,Prefer not to say,Healthcare,Canada,0.0999999999999999,0.36,0.5,0.0545454545454545,1.0,0.6666666666666666,1.0,High,2
51,Male,IT,Other,0.1833333333333332,0.96,0.5,0.4727272727272728,1.0,0.3333333333333333,0.6666666666666666,High,2
49,Prefer not to say,Sales,Canada,0.9333333333333332,0.2,0.2,0.2181818181818181,1.0,0.6666666666666666,0.3333333333333333,Medium,2
27,Female,Engineering,Canada,0.3166666666666667,0.7000000000000001,0.2,0.8,0.0,0.6666666666666666,1.0,High,1
53,Prefer not to say,Education,Other,0.3166666666666667,0.38,0.4,0.4909090909090909,1.0,0.0,0.6666666666666666,High,2
50,Male,Finance,India,0.9833333333333332,0.0,0.3,0.4363636363636363,0.5,0.0,0.0,Low,0
37,Male,IT,India,0.0833333333333333,0.36,0.1,0.3818181818181818,0.0,0.3333333333333333,0.0,Medium,0
29,Non-binary,Sales,UK,0.0666666666666667,0.66,0.3,0.7090909090909091,1.0,0.0,0.6666666666666666,High,2
59,Male,Sales,UK,0.1666666666666666,0.5000000000000001,0.7000000000000001,0.6545454545454544,1.0,1.0,0.6666666666666666,High,2
41,Female,Healthcare,Germany,0.0666666666666667,0.02,0.4,0.5636363636363636,1.0,1.0,0.6666666666666666,High,2
51,Male,IT,Germany,0.2999999999999999,0.24,0.6000000000000001,0.7090909090909091,1.0,0.0,0.0,Medium,2
26,Female,Healthcare,USA,0.6833333333333332,0.9,0.7000000000000001,0.6181818181818182,1.0,1.0,1.0,High,2
44,Non-binary,IT,Germany,1.0,0.12,0.4,0.0909090909090909,1.0,0.0,0.0,Low,2
39,Female,Finance,Germany,0.2666666666666666,0.86,1.0,0.9818181818181818,0.0,0.0,0.3333333333333333,Medium,0
55,Prefer not to say,Education,India,0.7833333333333331,0.36,0.8,0.2,0.5,0.0,0.0,Low,0
46,Non-binary,Sales,Other,0.6333333333333332,0.8000000000000002,0.2,0.7636363636363637,1.0,0.6666666666666666,0.6666666666666666,High,2
23,Non-binary,Healthcare,USA,0.2999999999999999,0.86,0.4,0.0909090909090909,0.0,0.0,0.6666666666666666,Medium,1
34,Non-binary,Healthcare,UK,0.25,0.68,0.9,0.509090909090909,0.0,0.6666666666666666,0.0,Medium,0
36,Female,IT,UK,0.9333333333333332,0.36,0.3,0.2181818181818181,1.0,0.0,0.0,Low,2
30,Non-binary,Engineering,India,0.9166666666666666,0.7600000000000001,0.0,0.5818181818181818,1.0,0.6666666666666666,0.3333333333333333,High,2
60,Non-binary,Other,India,0.2,0.24,0.0,0.6727272727272727,0.5,0.3333333333333333,1.0,High,1
24,Prefer not to say,Education,India,0.8000000000000002,0.26,0.2,0.5272727272727272,1.0,0.6666666666666666,0.6666666666666666,High,2
45,Female,Engineering,UK,0.1833333333333332,0.96,0.1,0.8363636363636363,1.0,0.0,0.6666666666666666,High,2
36,Female,Sales,Germany,0.5333333333333333,0.02,0.3,0.8727272727272727,0.5,0.3333333333333333,0.6666666666666666,High,1
34,Male,Healthcare,USA,0.5666666666666668,0.5200000000000001,0.1,0.890909090909091,0.5,0.6666666666666666,0.6666666666666666,High,1
33,Non-binary,Other,India,0.4666666666666667,0.4,1.0,0.5636363636363636,0.5,0.3333333333333333,0.0,Low,0
46,Female,Other,India,0.0999999999999999,0.44,0.2,0.2727272727272727,0.0,1.0,0.6666666666666666,High,1
23,Male,Finance,USA,0.9333333333333332,0.1,0.4,0.8181818181818182,0.0,0.6666666666666666,1.0,Medium,1
28,Female,Sales,Germany,0.15,1.0,0.9,0.4545454545454545,1.0,0.6666666666666666,0.6666666666666666,High,2
24,Non-binary,Education,UK,0.1333333333333333,0.0,1.0,0.7818181818181817,0.0,0.0,0.0,Low,0
53,Male,Education,USA,0.85,0.0,0.9,0.2181818181818181,1.0,0.0,0.3333333333333333,Low,2
49,Female,Engineering,Other,0.5499999999999999,0.22,0.6000000000000001,0.8545454545454546,1.0,0.3333333333333333,0.6666666666666666,High,2
22,Female,Sales,USA,0.1833333333333332,0.96,0.4,0.3636363636363636,1.0,0.6666666666666666,1.0,High,2
23,Male,Other,USA,0.2333333333333334,0.44,0.7000000000000001,0.1818181818181818,1.0,1.0,1.0,High,2
48,Female,Other,USA,0.2,0.96,0.2,0.9636363636363636,0.5,0.3333333333333333,0.6666666666666666,High,1
35,Non-binary,Engineering,UK,0.4,0.3400000000000001,0.8,0.5454545454545454,0.0,0.6666666666666666,0.6666666666666666,Medium,1
19,Female,Engineering,Germany,0.7499999999999999,0.28,1.0,0.4727272727272728,0.0,0.0,0.3333333333333333,Low,0
28,Male,IT,UK,0.9499999999999998,0.38,0.7000000000000001,0.5636363636363636,0.5,1.0,0.0,Low,0
27,Prefer not to say,Engineering,Germany,0.65,0.5000000000000001,0.6000000000000001,0.3090909090909091,1.0,0.0,0.6666666666666666,Medium,2
48,Non-binary,Engineering,Germany,0.5166666666666665,0.92,0.7000000000000001,0.6,0.0,0.6666666666666666,0.3333333333333333,Medium,0
37,Male,IT,India,0.2333333333333334,0.9,0.7000000000000001,0.6363636363636364,0.5,0.6666666666666666,0.3333333333333333,High,0
34,Female,Other,Germany,0.8666666666666666,0.7200000000000001,0.4,0.7818181818181817,1.0,0.0,1.0,High,2
52,Prefer not to say,Engineering,Germany,0.2833333333333333,0.68,0.3,0.9272727272727272,0.5,0.0,0.6666666666666666,High,1
22,Female,Education,Canada,0.6999999999999998,0.22,0.3,0.9818181818181818,0.5,0.6666666666666666,0.6666666666666666,High,1
18,Prefer not to say,Education,Australia,0.1833333333333332,0.5400000000000001,0.9,0.0909090909090909,0.0,1.0,0.0,Low,0
59,Non-binary,Engineering,Other,0.9333333333333332,0.28,0.2,0.3818181818181818,1.0,0.3333333333333333,0.3333333333333333,Medium,2
18,Female,Sales,India,0.5833333333333334,0.0,0.6000000000000001,0.6,0.0,0.0,0.3333333333333333,Low,0
54,Male,Engineering,Other,0.0,0.96,0.6000000000000001,0.5636363636363636,0.0,0.0,0.3333333333333333,Medium,0
25,Female,Healthcare,Australia,0.0833333333333333,0.94,0.9,0.1272727272727272,0.0,0.3333333333333333,1.0,Medium,1
25,Prefer not to say,IT,USA,0.4166666666666666,0.94,0.0,0.2,0.0,1.0,1.0,High,1
36,Prefer not to say,Healthcare,Canada,0.2166666666666666,0.3400000000000001,0.8,0.2727272727272727,0.0,1.0,0.6666666666666666,Medium,1
19,Male,Sales,Germany,0.2833333333333333,0.08,0.2,0.2181818181818181,0.5,0.6666666666666666,0.0,Medium,0
52,Female,Education,India,0.7333333333333333,0.2,0.3,0.2545454545454545,0.5,0.6666666666666666,1.0,Medium,1
28,Prefer not to say,Sales,Australia,0.2166666666666666,0.18,0.4,0.9454545454545454,1.0,1.0,0.6666666666666666,High,2
28,Male,Engineering,Australia,0.9333333333333332,0.66,0.9,0.8727272727272727,0.5,1.0,0.0,Medium,0
52,Male,Education,Canada,0.8833333333333334,0.08,0.3,0.4181818181818181,1.0,0.6666666666666666,1.0,High,2
53,Male,Finance,Germany,0.1333333333333333,0.68,0.4,0.3454545454545454,0.0,0.3333333333333333,1.0,High,1
51,Prefer not to say,Other,Australia,0.6833333333333332,0.7400000000000001,0.7000000000000001,0.2727272727272727,1.0,0.6666666666666666,0.3333333333333333,Medium,2
61,Female,Engineering,Germany,0.85,0.22,0.8,0.4909090909090909,0.5,0.0,0.6666666666666666,Low,1
20,Prefer not to say,Education,USA,0.8166666666666668,0.1,0.4,0.4181818181818181,0.5,0.0,1.0,Low,1
36,Male,IT,Canada,0.8833333333333334,0.14,0.2,0.5636363636363636,0.0,0.0,0.0,Low,0
25,Prefer not to say,Engineering,UK,0.8833333333333334,0.22,0.0,0.1636363636363636,1.0,0.3333333333333333,0.0,Low,2
28,Non-binary,Other,UK,0.6333333333333332,0.5400000000000001,0.1,0.8363636363636363,1.0,0.6666666666666666,1.0,High,2
29,Female,Engineering,Canada,0.7833333333333331,0.68,0.0,0.2,0.0,0.0,0.3333333333333333,Low,0
45,Non-binary,Engineering,Canada,0.2166666666666666,0.26,0.8,0.0727272727272727,0.5,0.0,0.6666666666666666,Low,1
23,Male,Finance,UK,0.3166666666666667,0.1,0.1,0.509090909090909,0.0,0.6666666666666666,0.0,Medium,0
59,Female,Education,India,0.7499999999999999,0.92,0.7000000000000001,0.4181818181818181,0.0,0.6666666666666666,1.0,Medium,1
48,Male,Finance,UK,0.7499999999999999,0.7800000000000001,0.1,0.1454545454545454,1.0,0.3333333333333333,0.6666666666666666,High,2
54,Female,Education,Germany,0.2833333333333333,0.42,0.5,0.0181818181818181,1.0,1.0,1.0,High,2
63,Non-binary,Healthcare,Australia,0.6333333333333332,0.18,0.8,0.0727272727272727,0.0,0.3333333333333333,1.0,Low,1
38,Non-binary,IT,USA,0.6666666666666666,0.26,0.2,0.9636363636363636,0.5,0.6666666666666666,0.6666666666666666,High,1
61,Non-binary,Finance,USA,0.5833333333333334,0.06,0.1,0.8363636363636363,0.5,0.6666666666666666,0.3333333333333333,High,0
31,Female,Sales,USA,0.7666666666666665,0.82,0.4,0.6909090909090909,0.0,1.0,1.0,High,1
24,Prefer not to say,Education,USA,0.3666666666666666,0.96,0.7000000000000001,0.5454545454545454,1.0,1.0,0.3333333333333333,High,2
56,Prefer not to say,Sales,USA,0.5166666666666665,0.7200000000000001,0.7000000000000001,0.6181818181818182,0.5,0.0,0.6666666666666666,Medium,1
59,Prefer not to say,Other,USA,0.4833333333333333,0.06,0.8,0.3454545454545454,0.5,0.0,0.0,Low,0
29,Female,IT,Germany,0.7166666666666667,0.5200000000000001,0.1,0.4545454545454545,1.0,1.0,0.6666666666666666,High,2
44,Non-binary,IT,Other,0.2666666666666666,0.4800000000000001,0.8,0.3454545454545454,0.0,0.6666666666666666,0.3333333333333333,Medium,0
49,Prefer not to say,Other,Germany,0.0333333333333333,0.9,0.6000000000000001,0.2909090909090909,1.0,0.6666666666666666,1.0,High,2
63,Male,Engineering,Germany,0.85,0.16,0.7000000000000001,0.5454545454545454,0.0,0.6666666666666666,0.0,Low,0
42,Prefer not to say,Engineering,Australia,0.5666666666666668,0.7400000000000001,0.2,0.7636363636363637,0.0,0.6666666666666666,0.6666666666666666,High,1
57,Non-binary,Engineering,Germany,0.4999999999999999,0.5599999999999999,1.0,0.2181818181818181,0.0,0.3333333333333333,1.0,Low,1
40,Non-binary,Healthcare,Germany,0.0999999999999999,0.86,0.5,0.5818181818181818,1.0,0.6666666666666666,0.0,High,2
23,Non-binary,Sales,India,0.9166666666666666,0.38,0.5,0.2909090909090909,1.0,0.0,0.3333333333333333,Low,2
45,Prefer not to say,Engineering,Canada,0.0833333333333333,0.36,0.4,0.7090909090909091,1.0,0.6666666666666666,0.6666666666666666,High,2
56,Non-binary,Other,UK,0.25,0.4600000000000001,0.0,0.5818181818181818,1.0,1.0,0.0,High,2
47,Male,Other,Germany,0.45,0.7600000000000001,0.1,0.8,0.5,0.0,0.3333333333333333,High,0
39,Male,Healthcare,India,0.2,0.84,0.9,0.8545454545454546,0.0,0.0,0.3333333333333333,Medium,0
49,Female,Other,USA,0.8833333333333334,0.08,0.4,0.4,0.0,1.0,0.0,Low,0
37,Male,Sales,UK,0.3166666666666667,0.02,0.7000000000000001,0.7454545454545454,1.0,1.0,0.6666666666666666,High,2
34,Male,Education,USA,0.25,0.12,0.2,0.9818181818181818,1.0,0.6666666666666666,1.0,High,2
44,Female,Other,UK,0.3833333333333332,0.68,0.5,0.8545454545454546,1.0,0.3333333333333333,0.6666666666666666,High,2
34,Female,Other,India,0.3333333333333333,0.42,0.7000000000000001,0.5818181818181818,0.5,0.3333333333333333,0.0,Low,0
54,Non-binary,Engineering,Australia,0.35,0.3400000000000001,0.6000000000000001,0.8181818181818182,0.5,0.6666666666666666,1.0,High,1
51,Male,Sales,Canada,0.9499999999999998,0.1,0.7000000000000001,0.4727272727272728,1.0,0.0,0.0,Low,2
49,Male,Healthcare,Australia,0.35,0.66,0.5,0.6363636363636364,0.0,0.0,1.0,Medium,1
43,Male,Finance,UK,0.7333333333333333,0.16,0.3,0.8727272727272727,0.0,0.0,0.0,Low,0
64,Non-binary,Other,India,0.35,0.2,0.9,0.1636363636363636,0.5,0.3333333333333333,1.0,Low,1
38,Female,Healthcare,UK,0.7499999999999999,0.86,0.9,0.7636363636363637,0.0,0.6666666666666666,0.3333333333333333,Medium,0
23,Non-binary,IT,Canada,0.9166666666666666,0.82,0.6000000000000001,0.7454545454545454,0.0,1.0,0.6666666666666666,High,1
54,Male,Other,Australia,0.3166666666666667,0.7200000000000001,0.6000000000000001,0.0,0.5,1.0,0.3333333333333333,High,0
21,Non-binary,Sales,Canada,0.3166666666666667,0.62,0.0,0.0181818181818181,0.0,0.0,0.6666666666666666,Medium,1
26,Non-binary,IT,Canada,0.5833333333333334,0.94,0.7000000000000001,0.7454545454545454,0.5,1.0,0.6666666666666666,High,1
38,Prefer not to say,Education,Germany,0.2666666666666666,0.42,0.0,0.5818181818181818,0.0,1.0,0.6666666666666666,High,1
62,Female,Sales,USA,0.2333333333333334,0.26,0.8,0.0545454545454545,0.5,0.3333333333333333,0.0,Low,0
42,Male,Sales,Other,0.1833333333333332,0.7200000000000001,0.6000000000000001,0.5636363636363636,0.5,0.6666666666666666,0.0,High,0
25,Female,Engineering,Australia,0.2666666666666666,0.5200000000000001,0.5,0.8727272727272727,1.0,0.0,0.6666666666666666,High,2
49,Male,Finance,Other,0.6333333333333332,0.06,0.6000000000000001,0.5818181818181818,1.0,0.6666666666666666,0.0,Medium,2
44,Male,Other,India,0.9166666666666666,0.08,0.3,0.7090909090909091,1.0,0.3333333333333333,0.0,Medium,2
39,Female,Finance,Other,0.9166666666666666,0.16,1.0,0.9636363636363636,0.5,1.0,1.0,Medium,1
30,Male,Other,USA,0.6166666666666666,0.7400000000000001,0.5,0.7454545454545454,0.5,0.6666666666666666,0.0,High,0
22,Female,Healthcare,Germany,0.0666666666666667,0.7600000000000001,0.6000000000000001,0.7454545454545454,1.0,0.6666666666666666,0.6666666666666666,High,2
20,Prefer not to say,Education,Other,0.2833333333333333,0.28,0.0,0.7636363636363637,0.5,0.0,0.0,Medium,0
18,Female,Education,UK,0.2833333333333333,0.5200000000000001,0.3,0.4909090909090909,0.0,1.0,0.6666666666666666,High,1
47,Male,Education,Australia,0.1166666666666667,0.4600000000000001,0.0,0.9818181818181818,1.0,1.0,1.0,High,2
36,Prefer not to say,Education,Canada,0.6166666666666666,0.4800000000000001,0.6000000000000001,0.8181818181818182,0.0,0.6666666666666666,0.0,Medium,0
23,Male,IT,Canada,0.2833333333333333,0.68,0.4,0.8545454545454546,0.5,0.3333333333333333,0.3333333333333333,High,0
37,Prefer not to say,Engineering,Australia,0.2166666666666666,0.7400000000000001,0.9,0.890909090909091,0.0,0.6666666666666666,1.0,High,1
65,Female,Healthcare,Australia,0.0333333333333333,0.82,0.8,0.6545454545454544,1.0,1.0,0.0,High,2
56,Prefer not to say,IT,India,0.2833333333333333,0.3,0.3,0.1454545454545454,1.0,0.3333333333333333,0.0,Medium,2
37,Prefer not to say,IT,Other,0.8333333333333334,0.4600000000000001,0.5,0.5818181818181818,0.0,0.3333333333333333,0.3333333333333333,Low,0
49,Prefer not to say,Finance,Canada,0.9666666666666668,0.92,0.3,0.4363636363636363,0.0,0.0,0.0,Low,0
34,Male,Other,Australia,0.2833333333333333,0.94,0.8,0.4727272727272728,0.0,1.0,1.0,High,1
25,Prefer not to say,Sales,Other,0.5833333333333334,0.44,0.8,0.8363636363636363,0.5,0.0,0.6666666666666666,Medium,1
18,Female,Healthcare,Australia,0.5166666666666665,0.18,0.5,0.4363636363636363,0.5,0.0,0.0,Low,0
34,Prefer not to say,Sales,Australia,0.35,0.42,0.9,0.5636363636363636,1.0,1.0,1.0,High,2
56,Male,Healthcare,Australia,0.7333333333333333,0.84,0.4,0.0727272727272727,1.0,1.0,0.6666666666666666,High,2
50,Female,Finance,Other,0.9499999999999998,0.5400000000000001,0.8,0.8181818181818182,0.0,0.0,0.3333333333333333,Low,0
21,Male,IT,Germany,0.5499999999999999,0.62,0.4,0.6545454545454544,1.0,0.6666666666666666,0.3333333333333333,High,2
33,Male,IT,USA,0.2666666666666666,0.18,0.7000000000000001,0.7272727272727273,1.0,0.3333333333333333,0.6666666666666666,High,2
36,Male,Finance,USA,0.25,0.08,0.9,0.7272727272727273,0.5,0.0,1.0,Medium,1
49,Prefer not to say,Finance,Canada,0.2666666666666666,0.82,0.2,0.6909090909090909,1.0,0.0,0.3333333333333333,High,2
49,Non-binary,Education,Australia,0.9499999999999998,0.4800000000000001,0.0,0.5636363636363636,0.0,0.3333333333333333,0.6666666666666666,Medium,1
38,Male,Education,Canada,0.2833333333333333,0.8000000000000002,0.0,0.4727272727272728,1.0,1.0,1.0,High,2
62,Female,Education,UK,0.5333333333333333,0.12,0.5,0.6363636363636364,1.0,0.0,0.0,Low,2
38,Female,Other,Other,0.6,0.4800000000000001,0.2,0.4909090909090909,0.5,1.0,0.6666666666666666,High,1
40,Female,IT,Canada,0.6833333333333332,0.7200000000000001,0.9,0.4181818181818181,1.0,0.0,0.0,Low,2
62,Male,Education,Germany,0.0333333333333333,0.86,0.8,0.8,0.5,0.6666666666666666,0.6666666666666666,High,1
46,Prefer not to say,Other,Canada,0.6666666666666666,0.0,0.9,0.3272727272727272,0.5,0.6666666666666666,1.0,Low,1
41,Prefer not to say,Finance,Australia,0.9666666666666668,0.4600000000000001,0.7000000000000001,0.3636363636363636,0.5,1.0,0.6666666666666666,Medium,1
33,Non-binary,Other,Other,0.1333333333333333,0.08,0.7000000000000001,0.6181818181818182,0.0,1.0,0.0,Low,0
44,Female,Other,Australia,0.3333333333333333,0.36,0.5,0.5272727272727272,0.5,0.0,0.0,Low,0
35,Prefer not to say,Healthcare,Germany,1.0,0.3400000000000001,0.0,0.9272727272727272,0.5,0.6666666666666666,0.6666666666666666,High,1
23,Non-binary,Other,Germany,0.4333333333333332,0.7800000000000001,0.2,0.0545454545454545,0.0,0.6666666666666666,0.6666666666666666,High,1
49,Non-binary,Other,Other,0.8166666666666668,0.12,0.1,0.6545454545454544,1.0,0.3333333333333333,0.3333333333333333,Medium,2
52,Non-binary,Education,Other,0.65,0.5400000000000001,0.2,0.5818181818181818,0.0,0.0,0.6666666666666666,Medium,1
31,Non-binary,Engineering,Other,0.9166666666666666,0.88,1.0,0.3636363636363636,0.0,0.0,0.6666666666666666,Low,1
34,Non-binary,Finance,Australia,0.4666666666666667,0.04,0.3,0.1454545454545454,1.0,0.6666666666666666,1.0,High,2
28,Non-binary,Engineering,India,0.65,0.3,0.2,0.6727272727272727,1.0,0.0,1.0,High,2
53,Male,Education,Canada,0.2666666666666666,0.6,0.1,0.0363636363636363,0.5,0.6666666666666666,0.3333333333333333,High,0
46,Non-binary,IT,India,0.1833333333333332,0.96,0.6000000000000001,0.1454545454545454,1.0,1.0,0.6666666666666666,High,2
32,Non-binary,Finance,Canada,0.6166666666666666,0.36,0.7000000000000001,0.1272727272727272,1.0,0.0,0.3333333333333333,Low,2
52,Male,Finance,Germany,0.5499999999999999,0.92,0.9,0.9636363636363636,1.0,0.6666666666666666,0.3333333333333333,High,2
56,Male,Engineering,Other,0.3666666666666666,0.02,0.7000000000000001,0.6,0.5,1.0,0.6666666666666666,Medium,1
21,Non-binary,Education,Canada,0.0499999999999999,0.5599999999999999,0.4,0.6181818181818182,0.5,0.3333333333333333,0.6666666666666666,High,1
29,Male,Sales,Australia,0.15,0.84,1.0,0.9454545454545454,1.0,0.3333333333333333,0.6666666666666666,High,2
18,Male,Sales,Australia,0.6166666666666666,0.24,1.0,0.4363636363636363,0.5,1.0,0.6666666666666666,Medium,1
37,Male,IT,India,0.8166666666666668,0.7200000000000001,0.0,0.7454545454545454,0.5,0.6666666666666666,1.0,High,1
21,Prefer not to say,Finance,India,0.0,0.9,0.2,0.0727272727272727,0.0,0.3333333333333333,1.0,High,1
54,Non-binary,IT,India,0.3166666666666667,0.3,0.4,1.0,1.0,0.6666666666666666,0.3333333333333333,High,2
56,Prefer not to say,Healthcare,Germany,0.5666666666666668,0.02,0.7000000000000001,0.0,1.0,1.0,0.0,Low,2
46,Female,Healthcare,UK,0.0333333333333333,0.4600000000000001,0.2,0.4909090909090909,1.0,0.3333333333333333,0.6666666666666666,High,2
25,Non-binary,Sales,UK,0.4666666666666667,0.7600000000000001,0.1,0.8181818181818182,1.0,0.0,1.0,High,2
42,Male,Healthcare,USA,0.3333333333333333,0.4800000000000001,0.9,0.6181818181818182,0.5,0.0,0.0,Low,0
42,Female,Other,Other,0.2833333333333333,0.4800000000000001,0.8,0.2363636363636363,1.0,1.0,1.0,High,2
36,Non-binary,Sales,Canada,0.4166666666666666,0.82,0.6000000000000001,0.8,1.0,0.3333333333333333,0.0,High,2
48,Female,Healthcare,Canada,0.1833333333333332,0.86,0.1,0.5818181818181818,0.0,0.6666666666666666,0.0,High,0
39,Male,Sales,Other,0.7333333333333333,0.96,0.7000000000000001,0.0909090909090909,0.0,0.0,0.0,Low,0
43,Female,Sales,Germany,0.85,0.38,0.2,0.8363636363636363,1.0,0.3333333333333333,0.3333333333333333,High,2
19,Non-binary,Sales,Australia,0.3166666666666667,0.14,0.9,0.6909090909090909,0.5,1.0,1.0,High,1
64,Prefer not to say,Sales,UK,0.0,0.82,0.0,0.1636363636363636,0.5,0.3333333333333333,0.6666666666666666,High,1
56,Non-binary,IT,Other,0.9666666666666668,0.16,0.0,0.7272727272727273,0.5,0.6666666666666666,0.0,Medium,0
63,Prefer not to say,Other,UK,0.3333333333333333,0.6,1.0,0.3818181818181818,1.0,0.6666666666666666,0.0,Medium,2
24,Male,IT,Other,0.6,0.0,0.2,0.6727272727272727,1.0,0.0,1.0,High,2
53,Prefer not to say,Sales,India,0.4333333333333332,0.5000000000000001,0.4,0.7454545454545454,1.0,0.6666666666666666,0.3333333333333333,High,2
26,Non-binary,Healthcare,USA,0.6833333333333332,0.4800000000000001,0.6000000000000001,0.8,1.0,0.6666666666666666,0.3333333333333333,High,2
42,Female,Healthcare,Canada,0.35,0.22,0.3,0.7818181818181817,0.5,0.3333333333333333,0.0,Medium,0
35,Prefer not to say,Sales,Germany,0.2333333333333334,0.06,0.6000000000000001,0.3090909090909091,0.5,0.0,0.3333333333333333,Low,0
24,Prefer not to say,IT,Germany,0.5333333333333333,0.16,0.8,0.3090909090909091,0.5,1.0,0.3333333333333333,Low,0
41,Non-binary,Other,Germany,0.9499999999999998,0.44,0.7000000000000001,0.3636363636363636,0.0,1.0,0.0,Low,0
63,Non-binary,Sales,Germany,0.9833333333333332,0.4,0.8,0.9818181818181818,1.0,0.6666666666666666,1.0,High,2
54,Non-binary,Finance,UK,0.2999999999999999,0.5000000000000001,0.4,0.4727272727272728,1.0,1.0,1.0,High,2
63,Female,Sales,Germany,0.6999999999999998,0.26,0.1,0.2363636363636363,1.0,0.3333333333333333,0.6666666666666666,Medium,2
38,Male,IT,India,0.9166666666666666,0.3,0.9,0.1454545454545454,0.5,1.0,0.0,Low,0
33,Prefer not to say,Finance,India,0.4666666666666667,0.02,0.3,0.8727272727272727,0.5,0.3333333333333333,1.0,High,1
36,Male,Sales,UK,0.9833333333333332,1.0,0.6000000000000001,0.1818181818181818,1.0,0.6666666666666666,1.0,High,2
46,Female,Healthcare,USA,0.6,0.62,0.7000000000000001,0.7272727272727273,1.0,0.3333333333333333,1.0,High,2
21,Non-binary,Healthcare,Australia,0.9166666666666666,0.7000000000000001,0.7000000000000001,0.4,0.0,0.6666666666666666,1.0,Medium,1
21,Female,Education,UK,0.0166666666666666,0.64,0.7000000000000001,0.3090909090909091,1.0,0.0,1.0,Medium,2
58,Non-binary,IT,Other,0.4333333333333332,0.28,0.6000000000000001,0.2909090909090909,0.5,0.3333333333333333,0.3333333333333333,Low,0
55,Non-binary,Engineering,Other,0.2666666666666666,0.92,0.2,0.2181818181818181,0.0,0.6666666666666666,0.3333333333333333,High,0
57,Male,Healthcare,USA,0.6999999999999998,0.14,0.5,0.3454545454545454,0.5,0.3333333333333333,0.0,Low,0
64,Prefer not to say,Education,Other,0.6833333333333332,0.7600000000000001,0.0,0.4727272727272728,1.0,0.3333333333333333,1.0,High,2
61,Male,Finance,Other,0.2666666666666666,0.38,0.1,1.0,0.5,0.6666666666666666,0.3333333333333333,High,0
59,Female,Other,USA,0.7166666666666667,0.8000000000000002,0.1,0.4727272727272728,1.0,0.3333333333333333,1.0,High,2
59,Prefer not to say,Healthcare,UK,0.9499999999999998,0.94,0.8,0.5272727272727272,0.0,1.0,0.0,Low,0
25,Male,Healthcare,Canada,0.7499999999999999,0.36,0.6000000000000001,0.2727272727272727,0.0,0.3333333333333333,0.6666666666666666,Low,1
64,Male,Engineering,Germany,0.9833333333333332,0.4,0.9,0.4909090909090909,1.0,0.0,0.0,Low,2
21,Female,Other,UK,0.5499999999999999,0.7000000000000001,0.1,0.8545454545454546,0.5,0.6666666666666666,0.6666666666666666,High,1
61,Male,IT,UK,0.0333333333333333,0.5200000000000001,0.2,0.9090909090909092,0.0,0.3333333333333333,1.0,High,1
59,Male,Engineering,UK,0.2666666666666666,0.62,0.8,0.3090909090909091,0.5,1.0,0.3333333333333333,Medium,0
31,Non-binary,Finance,India,0.65,0.3400000000000001,0.3,0.1818181818181818,1.0,0.3333333333333333,0.6666666666666666,High,2
63,Male,IT,Other,0.8833333333333334,0.5400000000000001,0.6000000000000001,0.6363636363636364,1.0,0.0,0.6666666666666666,Medium,2
60,Female,Healthcare,Canada,0.6666666666666666,0.7200000000000001,0.7000000000000001,0.9818181818181818,0.0,0.0,0.3333333333333333,Low,0
26,Female,Healthcare,USA,0.3666666666666666,0.88,0.1,0.3454545454545454,0.5,0.3333333333333333,0.3333333333333333,High,0
50,Prefer not to say,Engineering,India,0.5499999999999999,0.88,0.1,0.4363636363636363,0.5,0.6666666666666666,1.0,High,1
22,Female,Sales,UK,0.7166666666666667,0.38,0.3,0.2,0.0,0.0,1.0,Low,1
19,Male,Engineering,Canada,0.9333333333333332,0.04,1.0,0.7090909090909091,0.0,0.0,0.0,Low,0
41,Non-binary,Sales,Other,0.0499999999999999,0.5400000000000001,0.9,0.2,0.0,1.0,0.6666666666666666,Medium,1
62,Female,Other,USA,0.6999999999999998,0.1,0.3,0.4363636363636363,0.0,0.6666666666666666,0.0,Low,0
63,Female,Finance,Australia,0.0166666666666666,0.12,0.9,0.2,0.0,0.6666666666666666,0.3333333333333333,Low,0
25,Male,Engineering,Other,0.5499999999999999,0.18,0.2,0.7818181818181817,1.0,0.3333333333333333,0.6666666666666666,High,2
42,Non-binary,Sales,USA,0.3166666666666667,0.32,0.9,0.5272727272727272,1.0,1.0,0.0,Medium,2
28,Prefer not to say,Engineering,India,0.6333333333333332,0.5599999999999999,0.4,0.9454545454545454,1.0,0.3333333333333333,0.6666666666666666,High,2
21,Prefer not to say,Education,Canada,0.25,0.7600000000000001,0.6000000000000001,0.2,0.5,0.3333333333333333,1.0,High,1
55,Female,Sales,Canada,0.1333333333333333,1.0,0.8,0.0363636363636363,1.0,0.0,0.3333333333333333,Medium,2
53,Prefer not to say,Engineering,Australia,0.0499999999999999,0.5599999999999999,0.5,0.7636363636363637,0.0,0.0,0.3333333333333333,Medium,0
63,Prefer not to say,IT,UK,0.2833333333333333,0.0,1.0,0.1454545454545454,0.5,0.0,1.0,Low,1
27,Male,IT,USA,0.6,0.4600000000000001,0.0,0.9818181818181818,0.5,0.6666666666666666,0.3333333333333333,High,0
63,Female,IT,UK,0.7833333333333331,0.5599999999999999,0.5,0.2909090909090909,0.0,0.3333333333333333,1.0,Low,1
50,Female,Other,USA,0.4999999999999999,0.5400000000000001,0.9,0.4727272727272728,1.0,0.0,1.0,Medium,2
33,Male,Healthcare,India,0.4666666666666667,0.94,0.1,0.5454545454545454,1.0,1.0,0.0,High,2
64,Male,Engineering,Canada,0.6833333333333332,0.7800000000000001,0.7000000000000001,0.8,0.0,0.0,0.3333333333333333,Low,0
21,Prefer not to say,Sales,UK,0.4333333333333332,0.64,0.3,0.2545454545454545,0.5,0.0,0.0,Low,0
27,Non-binary,Healthcare,India,0.2333333333333334,0.0,0.3,0.9090909090909092,0.5,0.6666666666666666,0.0,High,0
57,Female,Education,USA,0.2333333333333334,0.5200000000000001,0.8,0.4545454545454545,0.5,0.3333333333333333,0.3333333333333333,Medium,0
46,Prefer not to say,Finance,USA,0.4,0.5200000000000001,0.3,0.9090909090909092,1.0,0.6666666666666666,0.3333333333333333,High,2
33,Non-binary,IT,India,0.5499999999999999,0.5400000000000001,0.1,0.1818181818181818,0.5,0.0,0.0,Low,0
22,Prefer not to say,Education,Germany,0.1666666666666666,0.64,0.7000000000000001,0.890909090909091,0.5,0.6666666666666666,0.6666666666666666,High,1
43,Prefer not to say,Sales,UK,0.8833333333333334,0.28,0.5,0.8181818181818182,0.0,0.0,0.6666666666666666,Low,1
33,Prefer not to say,Healthcare,India,0.2,0.68,0.2,0.3636363636363636,0.5,0.3333333333333333,1.0,High,1
36,Male,Education,UK,0.4166666666666666,0.16,0.8,0.509090909090909,0.5,1.0,1.0,Medium,1
35,Non-binary,Sales,Germany,0.0499999999999999,0.0,1.0,0.6,0.0,1.0,1.0,Medium,1
52,Prefer not to say,Education,Australia,0.5333333333333333,0.64,1.0,0.7454545454545454,1.0,0.3333333333333333,1.0,High,2
29,Non-binary,IT,Other,0.7166666666666667,0.82,0.4,0.2363636363636363,1.0,1.0,1.0,High,2
27,Female,Other,UK,0.8333333333333334,0.84,1.0,0.0363636363636363,0.0,0.0,0.0,Low,0
44,Non-binary,Engineering,USA,0.8666666666666666,0.68,0.1,0.9272727272727272,1.0,0.3333333333333333,0.0,High,2
31,Female,Healthcare,Canada,0.5166666666666665,0.86,0.3,0.1454545454545454,1.0,1.0,0.0,High,2
39,Prefer not to say,Finance,Other,0.9833333333333332,0.5200000000000001,0.5,0.2363636363636363,0.5,0.0,0.6666666666666666,Low,1
39,Prefer not to say,Sales,Other,0.1166666666666667,0.58,0.4,0.4909090909090909,0.0,0.0,1.0,Medium,1
52,Female,Engineering,India,0.1166666666666667,0.44,0.3,0.9818181818181818,0.5,0.6666666666666666,1.0,High,1
37,Female,IT,Canada,0.6333333333333332,0.6,1.0,0.9636363636363636,1.0,0.0,0.3333333333333333,Medium,2
46,Male,Healthcare,Australia,0.9833333333333332,0.2,0.3,0.7272727272727273,0.5,0.6666666666666666,0.0,Medium,0
36,Female,Education,USA,0.0833333333333333,0.6,0.1,0.4727272727272728,0.0,0.6666666666666666,1.0,High,1
42,Male,Sales,Other,0.7666666666666665,0.98,0.2,0.7818181818181817,1.0,0.3333333333333333,0.3333333333333333,High,2
41,Male,Healthcare,Canada,0.1833333333333332,0.7800000000000001,0.3,0.7636363636363637,0.5,0.0,1.0,High,1
22,Male,Education,Canada,0.1833333333333332,0.88,0.7000000000000001,0.9818181818181818,0.5,0.0,1.0,High,1
34,Male,IT,Canada,0.0499999999999999,0.94,0.7000000000000001,0.5272727272727272,0.5,1.0,0.6666666666666666,High,1
26,Prefer not to say,Education,USA,0.2666666666666666,0.22,0.9,0.890909090909091,1.0,0.6666666666666666,1.0,High,2
63,Male,Education,UK,0.2666666666666666,0.4600000000000001,0.4,0.4181818181818181,1.0,0.6666666666666666,0.3333333333333333,High,2
32,Prefer not to say,Sales,Germany,0.15,0.8000000000000002,0.2,0.4545454545454545,1.0,0.3333333333333333,1.0,High,2
61,Male,Other,Canada,0.7333333333333333,0.7000000000000001,0.3,0.6909090909090909,1.0,0.3333333333333333,0.6666666666666666,High,2
31,Male,Healthcare,Germany,0.25,0.02,0.7000000000000001,0.9090909090909092,1.0,0.6666666666666666,1.0,High,2
37,Female,Engineering,Canada,0.45,0.26,0.4,0.6181818181818182,0.0,0.6666666666666666,0.6666666666666666,Medium,1
44,Male,Finance,India,0.8666666666666666,0.44,0.9,0.4181818181818181,0.5,0.0,0.6666666666666666,Low,1
32,Prefer not to say,Engineering,USA,0.4833333333333333,0.66,0.6000000000000001,0.9272727272727272,1.0,0.3333333333333333,0.0,High,2
32,Prefer not to say,Other,Germany,0.2166666666666666,0.22,0.2,0.4363636363636363,1.0,0.6666666666666666,0.3333333333333333,High,2
36,Non-binary,Education,USA,0.85,0.36,0.3,0.0545454545454545,0.0,0.3333333333333333,0.0,Low,0
18,Female,Healthcare,Other,0.0499999999999999,0.62,0.2,0.1090909090909091,0.5,0.3333333333333333,1.0,High,1
59,Female,Education,Australia,0.0833333333333333,0.98,1.0,0.7818181818181817,1.0,0.3333333333333333,1.0,High,2
48,Non-binary,Other,USA,0.5333333333333333,0.38,0.8,0.509090909090909,0.5,1.0,0.3333333333333333,Medium,0
47,Female,Engineering,UK,0.35,0.62,0.9,0.3272727272727272,0.5,0.6666666666666666,0.0,Low,0
45,Non-binary,Education,Canada,0.6,0.22,0.9,0.2909090909090909,1.0,0.6666666666666666,0.6666666666666666,Medium,2
19,Non-binary,Sales,USA,0.6166666666666666,0.26,0.1,0.0363636363636363,0.0,1.0,1.0,Medium,1
46,Male,Education,Canada,0.25,0.86,0.0,0.1636363636363636,0.5,0.6666666666666666,0.0,High,0
34,Prefer not to say,Finance,Australia,0.0166666666666666,0.98,0.4,0.1818181818181818,0.5,0.3333333333333333,0.6666666666666666,High,1
44,Prefer not to say,Education,UK,0.9833333333333332,0.32,0.6000000000000001,0.0,1.0,1.0,0.0,Low,2
49,Female,Sales,USA,0.5166666666666665,0.7200000000000001,0.4,0.4545454545454545,1.0,1.0,1.0,High,2
57,Prefer not to say,Other,India,0.4,0.3400000000000001,0.9,0.3454545454545454,0.5,0.0,0.0,Low,0
22,Female,Finance,Other,0.6166666666666666,0.42,0.2,0.2727272727272727,0.0,0.6666666666666666,0.3333333333333333,Medium,0
56,Non-binary,Finance,India,0.65,0.62,0.7000000000000001,0.2545454545454545,1.0,0.0,0.3333333333333333,Low,2
18,Male,Other,UK,0.0833333333333333,0.7000000000000001,0.3,0.7636363636363637,0.5,1.0,0.6666666666666666,High,1
32,Non-binary,Other,Other,0.7833333333333331,0.0,1.0,0.0363636363636363,0.0,0.6666666666666666,0.0,Low,0
35,Non-binary,Healthcare,Australia,0.8833333333333334,0.24,0.7000000000000001,0.4181818181818181,0.0,0.3333333333333333,0.0,Low,0
56,Male,IT,UK,0.45,0.44,0.9,0.4909090909090909,1.0,1.0,1.0,High,2
40,Male,Sales,India,0.2833333333333333,0.68,0.8,0.3272727272727272,1.0,0.3333333333333333,1.0,High,2
38,Male,Other,Other,0.9333333333333332,0.5400000000000001,0.6000000000000001,0.6363636363636364,0.5,1.0,0.3333333333333333,Medium,0
37,Female,Finance,Canada,0.7666666666666665,0.7600000000000001,0.6000000000000001,0.2,1.0,0.0,0.0,Low,2
44,Prefer not to say,Sales,Australia,0.7166666666666667,0.36,0.8,0.2181818181818181,0.5,1.0,0.0,Low,0
49,Non-binary,Other,India,0.5666666666666668,0.14,0.8,0.1454545454545454,1.0,0.0,0.0,Low,2
54,Female,IT,UK,0.6999999999999998,0.12,0.4,0.3636363636363636,0.5,1.0,1.0,Medium,1
51,Prefer not to say,Finance,USA,0.3833333333333332,0.0,0.1,0.7818181818181817,1.0,0.6666666666666666,0.0,High,2
47,Prefer not to say,Healthcare,India,0.2,0.4600000000000001,0.0,0.7454545454545454,0.5,0.0,0.3333333333333333,High,0
33,Prefer not to say,Sales,India,0.5166666666666665,0.7000000000000001,0.1,0.6363636363636364,1.0,1.0,1.0,High,2
64,Female,IT,Canada,0.8666666666666666,0.82,0.4,0.0,1.0,1.0,1.0,High,2
45,Female,Education,Other,0.7499999999999999,0.98,0.4,0.4,1.0,0.0,0.3333333333333333,Medium,2
30,Prefer not to say,Healthcare,USA,0.6833333333333332,0.28,0.1,1.0,0.0,0.0,0.0,Low,0
65,Prefer not to say,Healthcare,Canada,0.3833333333333332,0.18,0.5,0.8,1.0,0.3333333333333333,0.0,Medium,2
46,Female,Finance,USA,0.6166666666666666,0.1,0.8,0.3272727272727272,1.0,0.6666666666666666,0.6666666666666666,Medium,2
34,Prefer not to say,Engineering,Canada,0.8666666666666666,0.88,0.9,0.7090909090909091,1.0,0.6666666666666666,0.6666666666666666,High,2
23,Prefer not to say,Finance,Other,0.2999999999999999,0.92,0.0,0.7636363636363637,1.0,1.0,1.0,High,2
34,Non-binary,IT,Canada,0.7499999999999999,0.98,0.8,0.1818181818181818,1.0,1.0,0.3333333333333333,Medium,2
39,Male,Other,India,0.2,0.4600000000000001,1.0,0.7818181818181817,1.0,0.6666666666666666,1.0,High,2
30,Male,Education,Australia,0.9666666666666668,0.84,0.3,0.8181818181818182,0.0,0.0,0.3333333333333333,Medium,0
48,Non-binary,Finance,UK,0.2,0.94,0.3,0.4545454545454545,0.0,1.0,0.0,High,0
33,Female,Sales,Germany,0.2333333333333334,0.7800000000000001,0.3,0.5272727272727272,0.5,0.0,0.3333333333333333,High,0
27,Non-binary,IT,Australia,0.9499999999999998,0.94,0.0,0.8727272727272727,0.5,1.0,0.0,High,0
34,Male,Education,India,0.2,0.8000000000000002,0.4,0.0909090909090909,1.0,0.3333333333333333,0.6666666666666666,High,2
65,Male,Engineering,USA,0.7166666666666667,0.7000000000000001,0.0,0.1272727272727272,1.0,0.6666666666666666,0.6666666666666666,High,2
57,Male,Other,India,0.8333333333333334,0.86,0.4,0.5818181818181818,0.0,0.3333333333333333,0.0,Low,0
24,Prefer not to say,Education,Germany,0.0999999999999999,0.28,0.3,0.3636363636363636,1.0,1.0,0.0,High,2
51,Prefer not to say,Sales,Germany,0.1833333333333332,0.5400000000000001,1.0,0.3090909090909091,0.0,1.0,1.0,Medium,1
28,Prefer not to say,Other,India,0.0499999999999999,0.68,0.4,0.2,1.0,0.0,1.0,High,2
30,Non-binary,Finance,India,0.5499999999999999,0.9,0.2,0.8181818181818182,1.0,0.3333333333333333,1.0,High,2
61,Prefer not to say,Engineering,Australia,0.2833333333333333,0.58,1.0,0.2909090909090909,0.5,0.3333333333333333,1.0,Medium,1
63,Prefer not to say,Education,India,0.1333333333333333,0.1,0.1,0.2545454545454545,1.0,0.3333333333333333,0.6666666666666666,High,2
29,Male,Sales,Australia,0.6,0.38,0.7000000000000001,0.4727272727272728,0.0,0.0,1.0,Low,1
43,Male,Education,Canada,0.5833333333333334,0.14,0.0,0.890909090909091,1.0,0.0,0.6666666666666666,High,2
31,Female,Other,Australia,0.8333333333333334,0.7800000000000001,0.3,0.7454545454545454,1.0,0.6666666666666666,0.3333333333333333,High,2
54,Male,Education,Australia,0.5333333333333333,0.44,0.2,0.0545454545454545,1.0,0.3333333333333333,0.0,Medium,2
38,Prefer not to say,Education,UK,1.0,0.64,0.2,0.7272727272727273,0.0,0.6666666666666666,0.6666666666666666,High,1
47,Male,Healthcare,Germany,0.2666666666666666,0.28,0.1,0.5272727272727272,1.0,0.6666666666666666,1.0,High,2
43,Non-binary,IT,Canada,0.6833333333333332,0.26,0.3,0.8545454545454546,0.5,1.0,0.6666666666666666,High,1
55,Male,Sales,Australia,0.2999999999999999,0.5400000000000001,0.0,0.7818181818181817,0.0,0.6666666666666666,0.0,High,0
23,Male,Other,UK,0.7833333333333331,0.58,1.0,0.7272727272727273,0.0,1.0,0.6666666666666666,Medium,1
49,Prefer not to say,Sales,UK,0.7333333333333333,0.26,0.3,0.890909090909091,0.0,0.3333333333333333,1.0,Medium,1
37,Male,Finance,USA,0.7333333333333333,0.82,0.4,0.9272727272727272,1.0,0.0,0.0,Medium,2
44,Female,Other,USA,0.4166666666666666,0.1,0.6000000000000001,0.2545454545454545,0.0,0.3333333333333333,0.3333333333333333,Low,0
42,Non-binary,IT,Germany,0.9166666666666666,0.4,0.9,0.6727272727272727,0.0,0.6666666666666666,0.0,Low,0
18,Male,Healthcare,Germany,0.5166666666666665,0.6,0.9,0.3090909090909091,0.0,0.6666666666666666,0.3333333333333333,Low,0
34,Female,Education,Canada,0.2833333333333333,0.7200000000000001,0.9,0.9090909090909092,1.0,0.0,0.3333333333333333,High,2
34,Female,Education,UK,0.8000000000000002,0.92,0.3,0.8181818181818182,1.0,0.6666666666666666,0.3333333333333333,High,2
20,Non-binary,Finance,Other,0.25,0.94,0.3,0.1454545454545454,1.0,0.6666666666666666,0.6666666666666666,High,2
32,Male,Finance,Other,0.6333333333333332,0.86,0.1,0.3636363636363636,0.0,1.0,1.0,High,1
35,Non-binary,Education,USA,0.1666666666666666,0.8000000000000002,0.2,0.5454545454545454,0.0,1.0,0.3333333333333333,High,0
50,Female,Healthcare,Other,0.3166666666666667,0.7600000000000001,0.2,0.9090909090909092,1.0,0.0,0.6666666666666666,High,2
35,Non-binary,Sales,USA,0.4333333333333332,0.96,0.7000000000000001,0.5454545454545454,0.5,0.3333333333333333,0.3333333333333333,Medium,0
49,Female,Engineering,USA,0.0666666666666667,0.04,0.2,0.4,1.0,0.6666666666666666,0.6666666666666666,High,2
32,Female,Sales,India,0.5333333333333333,0.5200000000000001,0.8,0.0727272727272727,0.0,0.3333333333333333,1.0,Low,1
60,Prefer not to say,Engineering,USA,0.2333333333333334,0.36,0.1,0.8,1.0,0.3333333333333333,0.0,High,2
30,Prefer not to say,Education,Other,0.9833333333333332,0.4600000000000001,0.3,0.7272727272727273,0.0,0.3333333333333333,0.3333333333333333,Medium,0
47,Female,Healthcare,Other,0.0833333333333333,0.68,0.3,0.5454545454545454,0.0,0.6666666666666666,0.3333333333333333,High,0
23,Non-binary,Education,India,0.4,0.4800000000000001,0.5,0.9090909090909092,0.0,1.0,1.0,High,1
55,Prefer not to say,Other,Germany,1.0,0.32,0.1,0.9636363636363636,0.5,0.0,0.0,Low,0
47,Male,Finance,India,0.4999999999999999,0.06,0.5,0.9636363636363636,1.0,0.6666666666666666,0.3333333333333333,High,2
18,Non-binary,Education,Canada,0.7499999999999999,0.7600000000000001,0.5,0.0363636363636363,0.0,0.6666666666666666,0.0,Low,0
24,Prefer not to say,Finance,Canada,0.4333333333333332,0.82,0.7000000000000001,0.3454545454545454,0.0,1.0,0.3333333333333333,Medium,0
54,Prefer not to say,Other,UK,0.8333333333333334,0.5400000000000001,0.7000000000000001,0.7636363636363637,0.0,1.0,0.6666666666666666,Medium,1
50,Non-binary,Finance,Canada,0.7666666666666665,0.98,0.5,0.4,0.5,1.0,1.0,High,1
36,Prefer not to say,Sales,Germany,0.2833333333333333,0.5000000000000001,0.3,0.9272727272727272,0.5,0.0,1.0,High,1
34,Female,Engineering,Australia,0.3833333333333332,0.96,0.7000000000000001,0.6545454545454544,0.5,1.0,0.0,Medium,0
61,Non-binary,Education,Canada,0.7666666666666665,0.4600000000000001,0.2,0.7818181818181817,1.0,0.3333333333333333,0.6666666666666666,High,2
48,Non-binary,Sales,Canada,0.9499999999999998,0.94,0.0,0.6727272727272727,0.5,0.0,0.0,Medium,0
65,Prefer not to say,Finance,Other,0.0499999999999999,0.08,0.3,0.7454545454545454,0.5,1.0,0.0,High,0
46,Female,Finance,Canada,0.4333333333333332,0.98,1.0,0.9818181818181818,0.0,0.6666666666666666,1.0,High,1
42,Non-binary,IT,UK,0.4666666666666667,0.7600000000000001,0.0,0.6181818181818182,0.5,0.0,1.0,High,1
20,Male,Other,Australia,0.9833333333333332,0.06,1.0,0.6363636363636364,0.0,1.0,0.6666666666666666,Low,1
39,Prefer not to say,IT,Canada,0.35,0.36,0.3,0.6727272727272727,1.0,0.6666666666666666,0.6666666666666666,High,2
50,Male,Sales,UK,0.9,0.16,0.9,0.5454545454545454,0.0,0.0,0.6666666666666666,Low,1
38,Male,Healthcare,Australia,0.8833333333333334,0.5400000000000001,0.9,0.0727272727272727,0.5,1.0,0.0,Low,0
34,Non-binary,Finance,Germany,0.3333333333333333,0.5200000000000001,0.9,0.3090909090909091,1.0,0.6666666666666666,0.3333333333333333,Medium,2
18,Prefer not to say,Healthcare,USA,0.6833333333333332,0.44,0.7000000000000001,0.7454545454545454,0.0,0.3333333333333333,0.0,Low,0
45,Male,Finance,Germany,0.2999999999999999,0.36,0.8,0.5454545454545454,1.0,1.0,1.0,High,2
34,Female,IT,UK,0.5166666666666665,0.1,0.5,0.5636363636363636,1.0,0.0,0.0,Low,2
48,Female,Sales,Canada,0.9666666666666668,0.02,0.0,0.7818181818181817,0.5,1.0,0.6666666666666666,High,1
55,Prefer not to say,Sales,India,0.5166666666666665,0.44,0.3,0.8545454545454546,0.5,0.3333333333333333,0.6666666666666666,High,1
44,Male,Engineering,UK,0.6333333333333332,0.92,0.7000000000000001,0.6909090909090909,0.0,1.0,0.6666666666666666,High,1
30,Female,Education,UK,0.8333333333333334,0.08,0.7000000000000001,0.4363636363636363,0.5,1.0,0.3333333333333333,Low,0
64,Male,Sales,Other,0.4833333333333333,0.5200000000000001,0.2,0.7636363636363637,0.0,1.0,0.3333333333333333,High,0
31,Prefer not to say,Sales,Germany,0.0,0.06,1.0,0.0363636363636363,0.5,0.6666666666666666,0.0,Low,0
32,Male,Education,India,0.25,0.82,0.7000000000000001,0.6,1.0,0.0,1.0,High,2
40,Non-binary,Sales,India,0.4,0.08,0.7000000000000001,0.9636363636363636,0.0,0.3333333333333333,0.0,Low,0
63,Prefer not to say,IT,UK,0.4833333333333333,0.7200000000000001,0.9,0.4727272727272728,1.0,0.6666666666666666,0.3333333333333333,High,2
31,Prefer not to say,Other,USA,0.1333333333333333,0.02,0.9,0.890909090909091,0.0,1.0,0.3333333333333333,Medium,0
30,Male,Education,Other,0.25,0.92,0.4,0.4,1.0,0.6666666666666666,0.0,High,2
28,Male,Engineering,Canada,0.0333333333333333,0.9,0.8,0.8545454545454546,0.5,1.0,1.0,High,1
54,Male,Engineering,UK,0.1166666666666667,0.7200000000000001,0.6000000000000001,0.0909090909090909,0.0,1.0,0.0,Medium,0
63,Female,Other,UK,0.1166666666666667,0.7800000000000001,0.4,0.8363636363636363,1.0,0.6666666666666666,0.6666666666666666,High,2
29,Male,Education,Canada,0.4333333333333332,0.9,0.7000000000000001,0.5818181818181818,0.5,1.0,1.0,High,1
30,Non-binary,Sales,Other,0.2833333333333333,1.0,0.6000000000000001,0.9818181818181818,1.0,0.0,0.6666666666666666,High,2
63,Prefer not to say,Engineering,Australia,0.9166666666666666,0.9,0.5,0.3272727272727272,0.5,0.3333333333333333,0.0,Low,0
47,Male,Sales,UK,0.0166666666666666,0.62,1.0,0.8545454545454546,0.5,0.3333333333333333,1.0,High,1
52,Prefer not to say,Sales,USA,0.0499999999999999,0.7800000000000001,0.7000000000000001,0.0727272727272727,0.5,1.0,1.0,High,1
18,Male,Other,Germany,0.2666666666666666,0.42,0.3,0.5454545454545454,0.5,0.6666666666666666,0.0,High,0
27,Non-binary,Engineering,USA,0.45,0.68,0.0,0.2727272727272727,0.5,1.0,1.0,High,1
33,Non-binary,IT,UK,0.3833333333333332,0.7200000000000001,0.2,0.1090909090909091,1.0,0.0,1.0,High,2
32,Non-binary,Engineering,Canada,0.2,0.7400000000000001,0.5,0.2727272727272727,0.0,0.6666666666666666,0.0,Medium,0
58,Male,Other,Germany,0.7833333333333331,0.44,0.6000000000000001,0.4181818181818181,1.0,0.0,0.0,Low,2
55,Prefer not to say,Education,USA,0.2666666666666666,0.8000000000000002,0.0,0.1636363636363636,1.0,0.6666666666666666,0.6666666666666666,High,2
52,Male,IT,India,0.1666666666666666,0.1,0.2,0.7272727272727273,0.0,0.6666666666666666,1.0,High,1
45,Male,Other,UK,0.1833333333333332,0.84,0.5,0.6363636363636364,1.0,1.0,1.0,High,2
41,Non-binary,Other,India,0.0333333333333333,0.44,0.1,0.8181818181818182,0.5,0.3333333333333333,1.0,High,1
33,Prefer not to say,Sales,Canada,0.2333333333333334,0.42,0.8,0.1636363636363636,0.5,0.0,0.3333333333333333,Low,0
37,Female,Healthcare,Other,0.4666666666666667,0.4800000000000001,0.9,0.1636363636363636,0.5,0.0,0.3333333333333333,Low,0
31,Male,IT,Canada,0.0333333333333333,0.7400000000000001,0.7000000000000001,0.5636363636363636,1.0,0.3333333333333333,0.3333333333333333,High,2
37,Non-binary,Engineering,Germany,0.7666666666666665,0.58,0.8,0.4545454545454545,1.0,0.0,0.0,Low,2
41,Prefer not to say,Education,Australia,0.6,0.7000000000000001,0.6000000000000001,0.2909090909090909,1.0,0.6666666666666666,1.0,High,2
36,Male,IT,Other,0.45,0.2,0.7000000000000001,0.6909090909090909,1.0,0.6666666666666666,0.6666666666666666,High,2
51,Prefer not to say,IT,India,0.3333333333333333,0.7400000000000001,0.1,0.0181818181818181,0.5,1.0,0.3333333333333333,High,0
39,Female,Sales,Other,0.2166666666666666,0.7000000000000001,0.6000000000000001,0.8,0.0,0.3333333333333333,0.6666666666666666,High,1
55,Female,Other,Canada,0.4666666666666667,0.28,0.6000000000000001,0.6727272727272727,1.0,0.3333333333333333,0.0,Medium,2
48,Prefer not to say,Other,UK,0.4166666666666666,0.92,0.9,0.6,1.0,0.6666666666666666,0.3333333333333333,High,2
19,Non-binary,Education,UK,0.2,0.12,0.3,0.5272727272727272,0.0,0.0,1.0,Medium,1
54,Non-binary,Other,USA,0.25,0.94,0.1,0.8727272727272727,0.5,0.6666666666666666,0.6666666666666666,High,1
51,Non-binary,Finance,Australia,0.8833333333333334,0.3,0.1,0.1636363636363636,1.0,1.0,0.3333333333333333,Medium,2
21,Prefer not to say,Education,Other,0.7333333333333333,0.6,0.9,0.5272727272727272,0.5,0.6666666666666666,0.6666666666666666,Medium,1
26,Non-binary,Other,Germany,0.6,0.26,0.7000000000000001,0.7818181818181817,0.0,0.0,0.0,Low,0
44,Male,Engineering,Germany,0.9166666666666666,0.98,0.6000000000000001,0.6727272727272727,1.0,1.0,1.0,High,2
38,Male,Engineering,India,0.45,0.0,1.0,0.9454545454545454,0.5,1.0,0.3333333333333333,Medium,0
37,Female,Education,Canada,0.6666666666666666,0.02,0.0,0.8363636363636363,1.0,1.0,0.6666666666666666,High,2
21,Prefer not to say,Finance,Germany,0.3166666666666667,0.22,0.4,0.7818181818181817,1.0,0.0,0.6666666666666666,High,2
31,Non-binary,Education,Germany,0.4999999999999999,0.2,0.4,0.6727272727272727,0.0,0.0,0.0,Low,0
40,Female,Healthcare,Germany,0.3166666666666667,0.3,0.2,0.1818181818181818,0.5,0.0,1.0,Medium,1
19,Male,Healthcare,Other,0.9499999999999998,0.96,0.1,0.1818181818181818,1.0,0.6666666666666666,1.0,High,2
30,Prefer not to say,Sales,Australia,0.2333333333333334,0.94,0.8,0.2727272727272727,0.5,0.6666666666666666,0.0,Medium,0
21,Prefer not to say,Sales,Other,0.9166666666666666,0.38,0.5,0.9090909090909092,0.0,0.3333333333333333,1.0,Medium,1
22,Prefer not to say,Engineering,Other,0.6999999999999998,0.3,0.9,0.9636363636363636,0.0,0.0,0.3333333333333333,Low,0
54,Male,IT,UK,0.0499999999999999,0.94,0.0,0.5818181818181818,1.0,0.6666666666666666,0.0,High,2
26,Non-binary,Sales,Other,0.6999999999999998,0.62,0.9,0.2,1.0,1.0,1.0,Medium,2
56,Non-binary,Education,Germany,0.8333333333333334,0.14,0.8,0.2727272727272727,0.0,0.3333333333333333,0.0,Low,0
25,Male,Finance,Canada,0.4,0.86,1.0,0.2181818181818181,0.0,0.3333333333333333,0.3333333333333333,Low,0
45,Female,Engineering,India,0.4166666666666666,0.5599999999999999,0.0,0.0181818181818181,1.0,0.3333333333333333,0.0,Medium,2
64,Non-binary,Sales,Germany,0.2,0.26,0.2,0.8727272727272727,1.0,0.6666666666666666,0.6666666666666666,High,2
50,Male,Sales,USA,0.2666666666666666,0.26,0.4,0.7090909090909091,1.0,0.0,0.6666666666666666,High,2
29,Prefer not to say,Finance,Canada,0.7333333333333333,0.82,0.5,0.6909090909090909,1.0,0.0,0.6666666666666666,High,2
23,Non-binary,IT,UK,0.5666666666666668,0.4800000000000001,0.4,0.0545454545454545,0.5,0.3333333333333333,0.6666666666666666,Medium,1
24,Non-binary,IT,Other,0.4333333333333332,0.4800000000000001,0.5,0.4363636363636363,0.0,0.3333333333333333,1.0,Medium,1
34,Female,Sales,USA,0.7833333333333331,0.36,0.2,0.5272727272727272,1.0,0.3333333333333333,0.6666666666666666,High,2
18,Prefer not to say,Engineering,Other,0.8833333333333334,0.2,0.6000000000000001,0.4181818181818181,0.0,0.3333333333333333,0.3333333333333333,Low,0
55,Male,Engineering,UK,0.0,0.5200000000000001,0.6000000000000001,0.5272727272727272,0.5,0.0,0.3333333333333333,Medium,0
45,Non-binary,Other,Other,0.7833333333333331,0.66,0.4,0.0,0.0,1.0,0.0,Low,0
32,Prefer not to say,Finance,India,0.4166666666666666,0.66,0.6000000000000001,0.9818181818181818,1.0,1.0,0.3333333333333333,High,2
54,Male,Sales,Australia,0.9833333333333332,0.7800000000000001,0.0,0.1090909090909091,0.5,0.0,1.0,Medium,1
27,Female,Healthcare,Australia,0.4166666666666666,0.5400000000000001,0.5,0.6909090909090909,0.0,0.6666666666666666,1.0,High,1
62,Non-binary,Sales,Canada,0.1166666666666667,0.18,0.6000000000000001,0.5272727272727272,0.5,0.6666666666666666,0.0,Medium,0
24,Female,IT,USA,0.0666666666666667,0.44,0.7000000000000001,0.5272727272727272,1.0,1.0,0.3333333333333333,High,2
45,Prefer not to say,Education,India,0.0999999999999999,0.98,0.5,0.7636363636363637,1.0,1.0,0.6666666666666666,High,2
44,Male,Healthcare,USA,0.9166666666666666,0.64,0.5,0.8363636363636363,0.5,0.3333333333333333,0.3333333333333333,Medium,0
22,Non-binary,Healthcare,UK,0.4,0.22,0.6000000000000001,0.0909090909090909,0.5,0.0,0.3333333333333333,Low,0
21,Male,Education,Germany,0.0333333333333333,1.0,1.0,0.8,1.0,0.6666666666666666,0.3333333333333333,High,2
63,Non-binary,IT,Australia,0.9333333333333332,0.88,0.8,0.0545454545454545,0.0,0.3333333333333333,0.6666666666666666,Low,1
38,Female,Finance,India,0.9166666666666666,0.7400000000000001,0.9,0.9272727272727272,1.0,0.3333333333333333,0.0,Medium,2
50,Non-binary,Sales,India,0.9333333333333332,0.7200000000000001,0.3,0.9272727272727272,0.5,0.6666666666666666,1.0,High,1
45,Prefer not to say,Education,India,0.2999999999999999,0.4,0.0,0.7818181818181817,0.5,0.3333333333333333,0.6666666666666666,High,1
23,Male,Sales,Canada,0.3833333333333332,0.5000000000000001,0.1,0.0909090909090909,0.0,0.0,0.3333333333333333,Low,0
41,Non-binary,Finance,Other,0.4333333333333332,0.5400000000000001,0.5,0.509090909090909,0.5,0.6666666666666666,0.6666666666666666,High,1
27,Prefer not to say,Finance,Canada,0.5833333333333334,0.2,0.0,0.7454545454545454,1.0,1.0,0.3333333333333333,High,2
48,Male,Finance,UK,0.4166666666666666,0.42,0.2,0.3272727272727272,0.0,0.3333333333333333,1.0,Medium,1
26,Female,IT,Other,0.5166666666666665,0.5400000000000001,0.5,0.7818181818181817,0.5,1.0,0.3333333333333333,High,0
20,Prefer not to say,Education,Germany,0.85,0.1,0.7000000000000001,0.0727272727272727,0.0,0.6666666666666666,0.0,Low,0
46,Prefer not to say,Healthcare,India,0.4666666666666667,0.04,0.0,0.4363636363636363,0.5,0.6666666666666666,0.0,Medium,0
20,Female,Other,Other,0.8000000000000002,0.3400000000000001,0.1,0.7636363636363637,0.5,1.0,0.6666666666666666,High,1
59,Prefer not to say,Finance,Australia,0.0833333333333333,0.98,0.8,0.2363636363636363,0.5,0.6666666666666666,1.0,High,1
55,Male,Education,India,0.6333333333333332,0.3,0.2,0.6727272727272727,0.5,0.0,0.3333333333333333,Medium,0
50,Prefer not to say,Sales,Germany,0.7666666666666665,0.7000000000000001,0.1,0.6545454545454544,0.0,0.6666666666666666,0.6666666666666666,High,1
41,Prefer not to say,IT,India,0.2166666666666666,0.1,0.3,0.8727272727272727,0.0,0.3333333333333333,1.0,High,1
41,Female,Engineering,Canada,0.7833333333333331,0.4800000000000001,0.6000000000000001,0.3818181818181818,0.0,0.0,0.3333333333333333,Low,0
21,Non-binary,Education,UK,0.6666666666666666,0.9,0.5,0.3272727272727272,0.5,0.6666666666666666,0.3333333333333333,Medium,0
24,Non-binary,IT,USA,0.5833333333333334,0.64,0.1,0.4,1.0,0.6666666666666666,0.6666666666666666,High,2
43,Male,Other,Australia,0.3666666666666666,0.08,0.9,0.4545454545454545,0.5,0.3333333333333333,0.0,Low,0
28,Prefer not to say,IT,India,0.9,0.3,0.0,0.4727272727272728,0.5,0.3333333333333333,1.0,Medium,1
44,Prefer not to say,Engineering,Australia,0.8000000000000002,0.16,0.7000000000000001,0.2909090909090909,0.5,0.3333333333333333,0.6666666666666666,Low,1
50,Male,Finance,India,0.6666666666666666,0.68,1.0,0.8,1.0,0.6666666666666666,0.3333333333333333,High,2
31,Female,Education,Canada,0.25,0.9,0.1,0.2545454545454545,0.0,0.3333333333333333,0.0,Medium,0
46,Non-binary,Engineering,India,0.2,0.88,0.0,0.8727272727272727,0.5,0.6666666666666666,0.3333333333333333,High,0
53,Non-binary,Healthcare,USA,0.2,0.5200000000000001,0.6000000000000001,0.2,1.0,1.0,0.3333333333333333,High,2
30,Prefer not to say,Education,Germany,0.7499999999999999,0.18,0.6000000000000001,0.5818181818181818,0.0,1.0,0.3333333333333333,Low,0
35,Female,Education,Australia,0.1666666666666666,0.5400000000000001,1.0,0.6545454545454544,1.0,0.3333333333333333,0.0,Medium,2
48,Prefer not to say,Education,India,0.6999999999999998,0.42,0.1,0.6727272727272727,0.0,0.6666666666666666,0.6666666666666666,High,1
53,Non-binary,Finance,USA,0.9833333333333332,0.04,0.9,0.2909090909090909,0.5,0.6666666666666666,0.0,Low,0
19,Male,Education,Germany,0.7833333333333331,0.5000000000000001,0.2,0.5272727272727272,0.0,0.6666666666666666,0.3333333333333333,Medium,0
33,Female,Other,Canada,0.35,0.96,0.2,0.5272727272727272,1.0,0.6666666666666666,0.0,High,2
54,Female,Sales,USA,0.3833333333333332,0.08,0.5,0.8,0.5,0.3333333333333333,0.3333333333333333,Medium,0
41,Prefer not to say,Education,India,0.7499999999999999,0.02,0.5,0.4545454545454545,0.0,0.0,0.6666666666666666,Low,1
21,Male,IT,Australia,0.0166666666666666,0.8000000000000002,0.0,0.7818181818181817,0.0,0.0,0.6666666666666666,High,1
37,Non-binary,Education,UK,0.0499999999999999,0.04,0.5,0.7090909090909091,0.5,1.0,0.6666666666666666,High,1
20,Male,Education,Germany,0.9166666666666666,0.08,0.8,0.7454545454545454,0.5,0.3333333333333333,0.0,Low,0
19,Male,Other,Other,0.4333333333333332,0.06,0.8,0.4181818181818181,0.5,1.0,0.0,Low,0
22,Male,Other,Germany,0.5333333333333333,0.5200000000000001,0.8,0.4727272727272728,0.0,0.0,0.3333333333333333,Low,0
38,Male,Healthcare,Germany,0.0833333333333333,0.1,0.1,1.0,0.0,0.3333333333333333,0.6666666666666666,High,1
46,Female,Healthcare,UK,0.6666666666666666,0.7800000000000001,0.2,0.9090909090909092,0.0,0.6666666666666666,1.0,High,1
21,Prefer not to say,IT,Australia,0.6833333333333332,0.44,0.7000000000000001,0.2181818181818181,0.0,0.0,0.0,Low,0
49,Non-binary,Education,Australia,0.45,0.3,0.0,0.9818181818181818,0.0,0.0,0.0,Low,0
44,Non-binary,Healthcare,Australia,0.3166666666666667,0.7800000000000001,0.5,1.0,0.5,1.0,0.3333333333333333,High,0
60,Prefer not to say,Healthcare,Other,0.35,0.5599999999999999,1.0,0.3454545454545454,1.0,0.6666666666666666,0.6666666666666666,High,2
31,Female,Engineering,UK,0.3166666666666667,0.64,0.5,0.1090909090909091,0.0,0.3333333333333333,1.0,Medium,1
59,Non-binary,IT,Other,0.7166666666666667,0.7800000000000001,0.1,1.0,0.0,1.0,0.3333333333333333,High,0
41,Male,Engineering,USA,0.4833333333333333,0.4800000000000001,0.3,0.9090909090909092,0.5,1.0,0.0,High,0
21,Non-binary,Finance,USA,0.5333333333333333,0.02,0.5,0.1818181818181818,0.0,0.0,0.0,Low,0
53,Prefer not to say,Other,Canada,0.2,0.64,0.1,0.0727272727272727,1.0,0.6666666666666666,1.0,High,2
55,Prefer not to say,IT,Germany,0.3666666666666666,0.12,0.0,0.0363636363636363,0.5,0.0,0.3333333333333333,Low,0
60,Non-binary,Other,India,0.5499999999999999,0.66,0.2,0.0909090909090909,0.5,1.0,1.0,High,1
45,Male,Other,Australia,0.8666666666666666,0.86,0.3,0.890909090909091,0.5,0.3333333333333333,1.0,High,1
19,Female,Finance,India,0.8166666666666668,0.4,0.1,0.8181818181818182,0.5,1.0,0.6666666666666666,High,1
37,Male,Engineering,Australia,0.2666666666666666,0.4600000000000001,0.5,0.2,0.0,0.6666666666666666,0.3333333333333333,Medium,0
46,Male,Finance,Germany,0.4,0.26,0.4,0.2545454545454545,0.5,0.6666666666666666,0.6666666666666666,Medium,1
54,Male,Education,UK,0.9499999999999998,0.2,0.8,0.6,0.0,0.6666666666666666,0.3333333333333333,Low,0
41,Prefer not to say,Engineering,India,0.4166666666666666,0.7400000000000001,0.7000000000000001,0.9818181818181818,0.5,1.0,1.0,High,1
45,Non-binary,Engineering,India,0.25,0.22,0.6000000000000001,0.0,1.0,1.0,1.0,High,2
58,Non-binary,IT,Canada,0.2999999999999999,0.7000000000000001,0.1,0.1818181818181818,1.0,0.0,1.0,High,2
40,Prefer not to say,IT,Germany,0.5666666666666668,0.4800000000000001,1.0,0.9636363636363636,0.5,0.6666666666666666,0.6666666666666666,High,1
39,Prefer not to say,Healthcare,India,0.2,0.5599999999999999,0.8,0.5454545454545454,0.5,0.6666666666666666,0.0,Medium,0
62,Male,Education,UK,0.6999999999999998,0.98,0.7000000000000001,0.5636363636363636,0.0,1.0,0.0,Low,0
53,Non-binary,Healthcare,UK,0.2833333333333333,0.18,0.6000000000000001,0.4363636363636363,1.0,0.6666666666666666,1.0,High,2
30,Non-binary,Sales,Canada,0.8833333333333334,0.5400000000000001,0.3,0.0181818181818181,0.0,0.0,0.6666666666666666,Low,1
46,Female,Engineering,Other,0.2,0.5599999999999999,0.4,0.6,0.5,1.0,0.3333333333333333,High,0
58,Prefer not to say,IT,Australia,0.2333333333333334,0.5000000000000001,0.2,0.7636363636363637,1.0,0.0,1.0,High,2
53,Prefer not to say,Finance,Australia,0.6333333333333332,0.14,0.0,0.2,0.5,0.6666666666666666,0.3333333333333333,Medium,0
31,Female,Education,Other,0.9166666666666666,0.14,0.9,0.8181818181818182,0.5,0.6666666666666666,0.6666666666666666,Medium,1
42,Female,Education,Germany,0.9333333333333332,0.28,0.5,0.9454545454545454,1.0,0.6666666666666666,0.6666666666666666,High,2
27,Non-binary,Sales,Canada,0.8333333333333334,0.24,0.9,0.6727272727272727,0.5,0.3333333333333333,0.3333333333333333,Low,0
55,Prefer not to say,Finance,UK,0.1833333333333332,0.88,0.0,0.3272727272727272,0.0,0.6666666666666666,0.6666666666666666,High,1
26,Female,Other,UK,0.2666666666666666,1.0,1.0,0.4727272727272728,0.5,0.3333333333333333,0.0,Medium,0
52,Male,Engineering,Australia,0.4833333333333333,0.88,0.4,0.1818181818181818,1.0,0.3333333333333333,0.0,Medium,2
46,Prefer not to say,Other,Germany,0.7833333333333331,0.58,0.8,0.7818181818181817,1.0,0.6666666666666666,0.0,Medium,2
57,Non-binary,Other,Germany,0.4999999999999999,0.06,1.0,0.3272727272727272,1.0,0.0,0.3333333333333333,Low,2
23,Female,Other,Germany,0.9499999999999998,0.9,0.1,0.6363636363636364,0.0,1.0,1.0,High,1
29,Female,Engineering,Other,0.4666666666666667,0.12,0.0,0.0363636363636363,1.0,0.6666666666666666,1.0,High,2
30,Non-binary,Finance,Other,0.6166666666666666,0.66,0.7000000000000001,0.9454545454545454,0.0,0.3333333333333333,0.3333333333333333,Medium,0
23,Female,IT,India,0.2666666666666666,0.22,0.8,0.4727272727272728,0.0,0.3333333333333333,0.3333333333333333,Low,0
59,Female,Finance,Germany,0.2333333333333334,0.96,1.0,0.6727272727272727,1.0,0.3333333333333333,1.0,High,2
33,Female,Healthcare,Other,0.9333333333333332,0.7600000000000001,0.5,0.0363636363636363,0.5,0.3333333333333333,0.6666666666666666,Medium,1
47,Female,Finance,India,0.8833333333333334,0.7800000000000001,0.5,0.2181818181818181,0.0,0.6666666666666666,0.6666666666666666,Medium,1
51,Non-binary,Finance,Germany,0.4833333333333333,0.94,0.8,0.7818181818181817,0.5,0.3333333333333333,0.6666666666666666,High,1
19,Male,Finance,Canada,0.4666666666666667,0.5400000000000001,0.5,0.0181818181818181,0.5,0.0,0.3333333333333333,Low,0
63,Non-binary,Engineering,USA,0.3166666666666667,0.62,0.0,0.890909090909091,1.0,0.0,0.6666666666666666,High,2
60,Prefer not to say,Other,UK,0.8666666666666666,0.18,1.0,0.1818181818181818,0.5,0.6666666666666666,0.6666666666666666,Low,1
40,Male,Engineering,UK,0.4333333333333332,0.84,0.6000000000000001,0.509090909090909,1.0,0.3333333333333333,0.6666666666666666,High,2
25,Prefer not to say,Sales,Canada,0.45,0.5200000000000001,0.6000000000000001,0.6181818181818182,0.5,0.6666666666666666,1.0,High,1
55,Prefer not to say,Other,Australia,0.0833333333333333,0.66,0.4,0.7454545454545454,0.0,1.0,0.0,High,0
32,Male,Other,India,0.8833333333333334,0.88,0.5,0.8727272727272727,1.0,0.6666666666666666,0.3333333333333333,High,2
41,Prefer not to say,Education,Canada,0.4666666666666667,0.5599999999999999,0.6000000000000001,0.4363636363636363,0.5,0.6666666666666666,0.6666666666666666,High,1
21,Prefer not to say,Finance,USA,0.9333333333333332,0.08,0.5,0.4363636363636363,0.0,0.6666666666666666,0.3333333333333333,Low,0
51,Female,Education,Germany,0.1333333333333333,0.7200000000000001,0.8,0.3272727272727272,1.0,0.3333333333333333,0.0,Medium,2
62,Male,IT,India,0.0666666666666667,0.94,0.2,0.2727272727272727,1.0,0.6666666666666666,0.0,High,2
40,Prefer not to say,Engineering,Canada,0.0833333333333333,0.3400000000000001,0.6000000000000001,0.4,0.0,1.0,0.0,Medium,0
40,Non-binary,Other,Australia,0.7166666666666667,0.4,0.7000000000000001,0.2909090909090909,0.5,1.0,0.3333333333333333,Low,0
41,Male,Finance,India,0.3833333333333332,0.12,0.8,0.5454545454545454,0.0,1.0,0.3333333333333333,Low,0
31,Prefer not to say,Healthcare,Australia,0.7833333333333331,0.68,0.6000000000000001,0.5454545454545454,0.0,0.6666666666666666,0.3333333333333333,Medium,0
21,Non-binary,Healthcare,Australia,0.35,0.24,0.3,0.2,1.0,1.0,1.0,High,2
51,Prefer not to say,Education,Australia,0.0833333333333333,0.5000000000000001,1.0,0.2363636363636363,0.0,0.6666666666666666,1.0,Medium,1
24,Male,Other,India,0.6166666666666666,0.14,0.7000000000000001,0.1272727272727272,0.0,0.0,0.0,Low,0
56,Non-binary,IT,USA,0.6166666666666666,0.64,0.8,0.3272727272727272,0.0,1.0,0.0,Low,0
27,Prefer not to say,Sales,India,0.5499999999999999,0.4600000000000001,1.0,0.9636363636363636,0.0,0.6666666666666666,0.3333333333333333,Medium,0
39,Female,IT,Other,0.1166666666666667,0.5000000000000001,0.5,0.9090909090909092,1.0,0.6666666666666666,0.3333333333333333,High,2
49,Female,Sales,UK,0.9,0.6,0.4,0.7454545454545454,0.0,0.3333333333333333,1.0,Medium,1
27,Male,IT,Other,0.3833333333333332,0.28,0.4,0.9454545454545454,0.5,1.0,0.6666666666666666,High,1
35,Female,Other,Australia,0.6166666666666666,0.4800000000000001,1.0,0.7818181818181817,0.5,1.0,0.0,Medium,0
50,Female,Sales,Other,0.2666666666666666,0.7800000000000001,0.8,0.3636363636363636,0.0,1.0,0.0,Medium,0
37,Female,IT,Germany,0.1166666666666667,0.7800000000000001,0.6000000000000001,0.1636363636363636,0.0,0.0,1.0,Medium,1
50,Female,Finance,Australia,1.0,0.7600000000000001,0.5,0.0181818181818181,0.5,0.0,0.0,Low,0
38,Female,IT,Australia,0.1666666666666666,0.92,0.7000000000000001,0.2909090909090909,0.0,0.0,0.3333333333333333,Low,0
38,Female,Healthcare,Germany,0.6833333333333332,0.7400000000000001,0.1,0.4909090909090909,0.0,0.6666666666666666,0.6666666666666666,High,1
32,Male,Engineering,Australia,0.2166666666666666,0.68,0.1,0.4181818181818181,0.0,1.0,0.3333333333333333,High,0
63,Male,Finance,Other,0.5333333333333333,0.44,0.0,0.8,1.0,0.6666666666666666,0.3333333333333333,High,2
32,Non-binary,IT,Canada,0.4999999999999999,0.06,0.4,0.2909090909090909,0.0,0.0,0.0,Low,0
32,Male,Sales,USA,0.8833333333333334,0.5599999999999999,0.5,0.6,1.0,0.0,1.0,Medium,2
29,Male,Sales,UK,0.5833333333333334,0.5400000000000001,0.9,0.6,0.0,1.0,0.0,Low,0
18,Prefer not to say,Education,Other,0.0166666666666666,0.7800000000000001,0.4,0.9636363636363636,0.5,1.0,0.0,High,0
38,Prefer not to say,Healthcare,Other,0.0666666666666667,0.68,0.2,0.0,1.0,1.0,1.0,High,2
49,Male,Healthcare,Australia,0.6333333333333332,0.4600000000000001,1.0,0.1818181818181818,1.0,0.3333333333333333,0.6666666666666666,Medium,2
19,Female,Sales,India,0.8166666666666668,0.58,1.0,0.1818181818181818,0.0,0.6666666666666666,0.0,Low,0
57,Female,IT,India,0.9166666666666666,0.94,0.4,0.6909090909090909,0.0,0.6666666666666666,1.0,High,1
28,Non-binary,Sales,Other,0.6833333333333332,0.86,0.1,0.2181818181818181,0.5,0.0,0.0,Low,0
27,Prefer not to say,Engineering,USA,0.9333333333333332,0.62,0.2,0.9636363636363636,1.0,1.0,1.0,High,2
20,Male,Other,India,0.1833333333333332,0.42,0.5,0.6181818181818182,0.0,1.0,1.0,High,1
43,Non-binary,Finance,USA,0.2833333333333333,0.7800000000000001,0.9,0.4909090909090909,0.0,1.0,0.6666666666666666,High,1
25,Prefer not to say,Finance,UK,0.3333333333333333,0.08,0.0,0.6363636363636364,0.0,0.3333333333333333,0.6666666666666666,Medium,1
36,Female,Healthcare,India,0.4999999999999999,0.3400000000000001,0.9,0.890909090909091,0.0,1.0,0.3333333333333333,Medium,0
48,Non-binary,IT,Germany,0.2333333333333334,0.6,0.6000000000000001,0.8363636363636363,0.5,1.0,0.0,High,0
46,Non-binary,Finance,India,0.5499999999999999,0.82,0.5,0.0181818181818181,1.0,1.0,0.6666666666666666,High,2
26,Male,Healthcare,USA,0.9166666666666666,0.2,0.1,0.7272727272727273,0.5,0.0,0.6666666666666666,Medium,1
64,Male,Healthcare,Australia,0.7333333333333333,0.82,0.4,0.8363636363636363,0.5,0.3333333333333333,0.6666666666666666,High,1
43,Prefer not to say,Healthcare,Canada,0.3833333333333332,0.96,0.4,0.8,1.0,0.6666666666666666,1.0,High,2
44,Male,Other,Other,0.2,0.42,0.5,0.8545454545454546,1.0,1.0,0.3333333333333333,High,2
40,Male,Education,Canada,0.6833333333333332,0.44,0.7000000000000001,0.1818181818181818,0.5,0.3333333333333333,0.6666666666666666,Low,1
42,Male,Finance,USA,0.65,0.7200000000000001,0.5,0.7090909090909091,1.0,0.3333333333333333,0.3333333333333333,High,2
19,Female,Finance,India,0.9499999999999998,0.4,0.8,0.7090909090909091,1.0,0.6666666666666666,1.0,High,2
31,Female,Other,USA,0.8000000000000002,0.4600000000000001,0.5,0.9818181818181818,0.0,0.0,0.0,Low,0
28,Prefer not to say,Healthcare,UK,0.9,0.98,0.4,0.2909090909090909,1.0,0.0,1.0,Medium,2
53,Prefer not to say,Healthcare,Canada,0.35,0.3400000000000001,0.6000000000000001,0.9818181818181818,1.0,0.6666666666666666,0.0,High,2
35,Male,Other,Canada,0.3666666666666666,0.66,0.6000000000000001,0.5636363636363636,1.0,0.0,0.6666666666666666,High,2
53,Non-binary,Sales,Australia,0.9666666666666668,0.08,0.7000000000000001,0.2181818181818181,0.5,0.3333333333333333,0.3333333333333333,Low,0
56,Female,Finance,India,0.8666666666666666,0.68,0.5,0.8363636363636363,1.0,0.6666666666666666,0.3333333333333333,High,2
51,Male,Education,India,0.15,0.68,0.4,0.4545454545454545,1.0,0.6666666666666666,0.6666666666666666,High,2
54,Non-binary,Finance,Australia,1.0,0.3400000000000001,0.7000000000000001,0.0,0.0,1.0,1.0,Low,1
33,Prefer not to say,Engineering,UK,0.6833333333333332,0.4,0.6000000000000001,0.9272727272727272,1.0,0.0,0.3333333333333333,Medium,2
30,Male,Sales,Other,0.25,0.7600000000000001,0.5,0.1818181818181818,0.0,0.6666666666666666,0.6666666666666666,High,1
59,Male,Sales,Canada,0.0333333333333333,0.7400000000000001,0.2,0.3272727272727272,0.5,0.3333333333333333,1.0,High,1
52,Male,Finance,Other,0.9833333333333332,0.7400000000000001,0.5,0.4363636363636363,0.5,1.0,0.6666666666666666,High,1
35,Prefer not to say,Healthcare,UK,0.85,0.24,0.8,0.2363636363636363,1.0,0.6666666666666666,0.0,Low,2
65,Male,IT,Germany,0.4333333333333332,0.04,1.0,0.3454545454545454,1.0,0.3333333333333333,0.6666666666666666,Medium,2
30,Female,IT,Australia,0.5499999999999999,0.32,0.4,0.2181818181818181,0.0,0.3333333333333333,0.3333333333333333,Low,0
63,Non-binary,Other,Other,0.1833333333333332,0.7000000000000001,0.3,0.5272727272727272,0.0,0.3333333333333333,0.3333333333333333,High,0
19,Female,Other,Canada,0.2666666666666666,0.22,0.7000000000000001,0.9636363636363636,0.5,0.6666666666666666,1.0,High,1
48,Non-binary,Finance,Canada,0.2333333333333334,0.7800000000000001,0.4,0.6,1.0,0.6666666666666666,0.6666666666666666,High,2
18,Non-binary,Engineering,Germany,0.6833333333333332,0.4600000000000001,0.2,0.5272727272727272,0.0,1.0,0.3333333333333333,Medium,0
33,Non-binary,IT,India,0.5833333333333334,0.7600000000000001,0.2,0.0363636363636363,1.0,0.0,1.0,High,2
37,Prefer not to say,Healthcare,USA,0.8166666666666668,0.26,0.6000000000000001,0.9636363636363636,0.5,0.0,0.0,Low,0
23,Prefer not to say,Education,Canada,0.5333333333333333,0.4800000000000001,0.2,0.4363636363636363,1.0,1.0,0.6666666666666666,High,2
28,Prefer not to say,Engineering,India,0.7666666666666665,0.6,0.0,0.4727272727272728,0.5,0.6666666666666666,0.0,Medium,0
59,Prefer not to say,Education,Other,0.7333333333333333,0.1,0.1,0.1272727272727272,0.5,0.0,0.3333333333333333,Low,0
54,Female,Healthcare,USA,0.0666666666666667,0.3,1.0,0.0727272727272727,0.5,1.0,0.6666666666666666,Medium,1
41,Non-binary,Sales,India,0.8833333333333334,0.12,0.6000000000000001,0.6363636363636364,0.5,0.0,0.0,Low,0
43,Non-binary,IT,Other,0.6833333333333332,0.44,0.3,0.0363636363636363,0.0,0.0,0.3333333333333333,Low,0
20,Male,IT,Germany,0.4666666666666667,0.14,0.8,0.1454545454545454,1.0,0.3333333333333333,0.0,Low,2
28,Female,IT,Other,0.2333333333333334,0.6,0.3,0.1818181818181818,0.0,0.6666666666666666,1.0,High,1
34,Prefer not to say,Finance,Other,0.6166666666666666,0.3,0.1,0.3272727272727272,0.0,0.0,0.3333333333333333,Low,0
35,Non-binary,Finance,USA,0.85,1.0,0.2,0.5272727272727272,1.0,1.0,1.0,High,2
22,Prefer not to say,Finance,UK,0.9333333333333332,0.96,0.1,0.7454545454545454,0.5,0.3333333333333333,0.6666666666666666,High,1
35,Male,Sales,Canada,0.0666666666666667,0.4800000000000001,0.7000000000000001,0.4727272727272728,1.0,1.0,0.6666666666666666,High,2
56,Prefer not to say,Engineering,Australia,0.8166666666666668,0.16,0.3,0.5818181818181818,0.5,0.3333333333333333,0.0,Low,0
64,Female,Other,Canada,0.8333333333333334,0.36,0.3,0.2,0.0,0.6666666666666666,0.0,Low,0
19,Non-binary,Other,India,0.6333333333333332,0.5200000000000001,0.3,0.6363636363636364,0.5,0.6666666666666666,1.0,High,1
40,Prefer not to say,Education,UK,0.2166666666666666,0.84,0.0,0.5636363636363636,0.0,0.6666666666666666,0.0,High,0
65,Prefer not to say,Sales,Germany,0.1833333333333332,0.02,0.6000000000000001,0.4363636363636363,1.0,0.3333333333333333,0.0,Medium,2
41,Non-binary,Education,Other,0.2333333333333334,0.6,0.3,0.4545454545454545,1.0,0.3333333333333333,0.0,High,2
40,Male,Other,India,0.3333333333333333,0.2,0.5,0.4,0.0,0.6666666666666666,1.0,Medium,1
65,Non-binary,Other,UK,0.3333333333333333,0.92,0.1,0.7272727272727273,0.0,0.0,1.0,High,1
41,Female,Finance,USA,0.6,0.84,0.6000000000000001,0.9090909090909092,0.5,0.0,0.6666666666666666,High,1
42,Male,Finance,Australia,0.6666666666666666,0.3,0.4,0.0909090909090909,1.0,0.3333333333333333,0.3333333333333333,Low,2
29,Female,IT,Canada,0.2333333333333334,0.96,0.6000000000000001,0.4,1.0,0.6666666666666666,1.0,High,2
34,Prefer not to say,IT,Other,0.45,0.16,0.0,0.1454545454545454,0.0,0.6666666666666666,0.6666666666666666,Medium,1
20,Prefer not to say,Finance,Germany,0.65,0.6,1.0,0.0181818181818181,0.0,0.0,0.6666666666666666,Low,1
54,Non-binary,Engineering,Australia,0.8166666666666668,0.4,0.4,0.4,0.5,0.3333333333333333,1.0,Medium,1
62,Prefer not to say,Education,Germany,0.2999999999999999,0.4,1.0,0.2181818181818181,0.0,0.0,0.6666666666666666,Low,1
56,Prefer not to say,Sales,Germany,0.4,0.0,0.5,0.0,1.0,0.3333333333333333,1.0,Medium,2
39,Male,Healthcare,Other,0.2666666666666666,0.86,0.4,0.8181818181818182,1.0,0.6666666666666666,1.0,High,2
44,Non-binary,Engineering,Canada,0.9499999999999998,0.24,0.5,0.3272727272727272,0.5,0.6666666666666666,0.3333333333333333,Low,0
36,Non-binary,IT,USA,0.5333333333333333,0.08,0.7000000000000001,0.7090909090909091,1.0,0.6666666666666666,0.6666666666666666,High,2
42,Prefer not to say,Engineering,Other,0.0666666666666667,0.7400000000000001,0.7000000000000001,0.4909090909090909,0.5,0.3333333333333333,1.0,High,1
51,Prefer not to say,IT,Germany,0.2,0.6,0.4,0.3090909090909091,0.0,0.0,0.3333333333333333,Low,0
19,Non-binary,IT,Australia,0.6166666666666666,0.24,0.8,0.2727272727272727,0.5,1.0,0.3333333333333333,Low,0
22,Non-binary,Education,Canada,0.7499999999999999,0.3400000000000001,0.9,0.7272727272727273,1.0,1.0,1.0,High,2
39,Prefer not to say,Education,Canada,0.0,0.7600000000000001,0.4,0.7636363636363637,0.5,0.6666666666666666,0.3333333333333333,High,0
65,Female,Finance,Other,0.4166666666666666,1.0,0.1,0.9454545454545454,0.0,1.0,0.6666666666666666,High,1
62,Non-binary,Education,USA,0.4833333333333333,0.26,0.6000000000000001,0.1636363636363636,0.5,0.0,1.0,Low,1
43,Prefer not to say,Other,Australia,0.1333333333333333,0.3400000000000001,0.4,0.0,0.0,0.6666666666666666,0.3333333333333333,Medium,0
55,Prefer not to say,IT,UK,0.2166666666666666,0.62,0.0,0.7272727272727273,0.0,0.6666666666666666,0.0,High,0
23,Prefer not to say,Other,USA,0.1666666666666666,0.66,0.5,0.7818181818181817,1.0,0.6666666666666666,0.0,High,2
50,Male,Education,Other,0.3166666666666667,0.9,0.0,0.6909090909090909,0.5,0.6666666666666666,0.6666666666666666,High,1
21,Non-binary,Finance,Canada,0.15,0.4,0.2,0.3818181818181818,0.0,0.6666666666666666,0.6666666666666666,High,1
48,Prefer not to say,Healthcare,Other,0.4833333333333333,0.7800000000000001,0.5,0.3272727272727272,1.0,0.6666666666666666,0.6666666666666666,High,2
19,Female,IT,Germany,0.8833333333333334,0.5599999999999999,0.9,0.1818181818181818,1.0,0.0,0.6666666666666666,Low,2
34,Female,Education,Other,0.1166666666666667,0.3,0.7000000000000001,0.3636363636363636,1.0,0.0,0.6666666666666666,Medium,2
65,Male,Finance,UK,0.2833333333333333,0.58,0.0,0.9090909090909092,0.5,0.3333333333333333,0.0,High,0
59,Prefer not to say,Other,Australia,0.7333333333333333,0.94,0.4,0.8363636363636363,0.0,1.0,0.6666666666666666,High,1
30,Male,Healthcare,Australia,0.0666666666666667,0.58,1.0,0.0727272727272727,0.0,0.6666666666666666,1.0,Medium,1
26,Female,Education,Other,0.7166666666666667,0.14,0.3,0.3272727272727272,0.5,0.6666666666666666,0.0,Low,0
26,Non-binary,Sales,Germany,0.5166666666666665,0.12,0.8,0.7272727272727273,0.5,0.0,0.0,Low,0
26,Female,Engineering,Other,0.4999999999999999,0.28,0.2,0.3090909090909091,0.0,0.3333333333333333,0.0,Low,0
41,Prefer not to say,Finance,USA,0.4333333333333332,0.3400000000000001,0.3,0.0727272727272727,1.0,1.0,1.0,High,2
28,Male,Engineering,Canada,0.0333333333333333,0.7400000000000001,0.0,0.9636363636363636,1.0,0.3333333333333333,0.3333333333333333,High,2
41,Female,Other,USA,0.8833333333333334,0.6,0.8,0.1636363636363636,0.5,0.3333333333333333,0.3333333333333333,Low,0
62,Female,Finance,USA,0.1166666666666667,0.4800000000000001,0.0,0.1090909090909091,0.0,0.6666666666666666,0.6666666666666666,High,1
28,Female,IT,UK,0.5333333333333333,0.7800000000000001,0.7000000000000001,0.7818181818181817,1.0,0.0,0.6666666666666666,High,2
36,Female,Finance,India,0.25,0.08,0.9,0.1454545454545454,0.5,0.0,0.3333333333333333,Low,0
37,Non-binary,Sales,India,0.5166666666666665,0.7800000000000001,0.9,0.8727272727272727,1.0,0.6666666666666666,0.3333333333333333,High,2
25,Female,Finance,USA,0.6,0.96,0.7000000000000001,0.509090909090909,0.5,0.0,1.0,Medium,1
57,Prefer not to say,Healthcare,Australia,0.7666666666666665,0.4800000000000001,0.2,0.6363636363636364,1.0,0.3333333333333333,0.0,Medium,2
51,Prefer not to say,Engineering,Canada,0.9166666666666666,0.36,0.1,0.7090909090909091,0.0,1.0,0.6666666666666666,High,1
51,Female,Finance,USA,0.7833333333333331,0.2,0.9,0.1818181818181818,0.5,1.0,1.0,Low,1
26,Non-binary,Education,USA,0.0,0.5400000000000001,0.3,0.6545454545454544,0.0,1.0,1.0,High,1
23,Prefer not to say,Other,Other,0.2999999999999999,0.92,0.2,0.9636363636363636,1.0,0.0,1.0,High,2
56,Non-binary,Education,Canada,0.6166666666666666,0.8000000000000002,0.4,0.6545454545454544,0.5,0.6666666666666666,0.3333333333333333,High,0
19,Female,Education,Canada,0.0833333333333333,0.84,0.0,0.0181818181818181,0.5,1.0,1.0,High,1
28,Prefer not to say,IT,USA,0.3833333333333332,0.58,0.3,0.2363636363636363,1.0,0.0,0.3333333333333333,Medium,2
51,Prefer not to say,Finance,Canada,0.8000000000000002,0.14,0.7000000000000001,0.0181818181818181,1.0,1.0,0.3333333333333333,Low,2
58,Non-binary,Healthcare,Canada,0.9833333333333332,0.68,0.6000000000000001,0.0,1.0,0.6666666666666666,0.0,Medium,2
43,Non-binary,Finance,UK,0.4166666666666666,1.0,0.9,0.9272727272727272,1.0,0.6666666666666666,0.3333333333333333,High,2
29,Non-binary,Engineering,Canada,0.3666666666666666,0.5400000000000001,1.0,0.0363636363636363,0.5,1.0,0.0,Low,0
60,Prefer not to say,IT,USA,0.7833333333333331,0.12,0.6000000000000001,0.6181818181818182,0.5,0.6666666666666666,0.6666666666666666,Medium,1
42,Non-binary,Healthcare,India,0.2666666666666666,0.3400000000000001,0.2,0.8181818181818182,1.0,1.0,0.6666666666666666,High,2
59,Non-binary,Healthcare,USA,0.9833333333333332,0.82,0.1,0.3454545454545454,0.5,0.3333333333333333,0.6666666666666666,High,1
62,Female,Other,Canada,0.5666666666666668,0.2,1.0,0.1636363636363636,0.5,0.0,0.3333333333333333,Low,0
39,Female,IT,UK,0.2,0.62,0.7000000000000001,1.0,0.0,1.0,0.0,Medium,0
57,Prefer not to say,Engineering,UK,0.2999999999999999,0.8000000000000002,0.7000000000000001,0.6363636363636364,0.5,0.0,0.3333333333333333,Medium,0
47,Female,Education,Australia,0.2999999999999999,0.36,1.0,0.7636363636363637,0.0,1.0,0.0,Medium,0
28,Non-binary,Healthcare,USA,0.2666666666666666,0.18,0.5,0.7454545454545454,0.5,0.3333333333333333,0.0,Medium,0
46,Prefer not to say,Engineering,Australia,0.0833333333333333,0.5000000000000001,0.7000000000000001,0.1272727272727272,1.0,1.0,0.0,Medium,2
60,Male,Engineering,Other,0.3666666666666666,0.06,0.5,0.2181818181818181,0.0,0.0,1.0,Low,1
60,Prefer not to say,Engineering,Australia,0.9499999999999998,0.5000000000000001,0.3,0.6,0.5,0.6666666666666666,1.0,High,1
53,Female,Other,Germany,0.9499999999999998,0.3400000000000001,0.1,0.1636363636363636,0.5,0.3333333333333333,0.0,Low,0
34,Non-binary,Healthcare,Other,0.7666666666666665,0.3,1.0,0.6545454545454544,0.5,0.3333333333333333,0.6666666666666666,Low,1
27,Male,Sales,Germany,0.1666666666666666,0.04,0.0,0.2181818181818181,0.0,0.3333333333333333,0.0,Low,0
38,Female,Other,UK,0.6333333333333332,0.14,0.6000000000000001,0.4909090909090909,0.0,0.0,0.0,Low,0
42,Prefer not to say,Sales,Other,0.15,0.2,0.5,0.9090909090909092,0.0,0.0,0.0,Low,0
53,Female,Sales,India,0.8833333333333334,0.5200000000000001,0.5,0.7636363636363637,1.0,1.0,0.6666666666666666,High,2
50,Non-binary,IT,Germany,0.5499999999999999,0.94,0.3,0.8727272727272727,1.0,0.0,0.0,High,2
30,Female,Healthcare,Australia,0.2833333333333333,0.06,0.5,0.4,0.5,1.0,1.0,High,1
28,Female,Engineering,Germany,0.3666666666666666,0.44,1.0,0.6181818181818182,1.0,1.0,0.6666666666666666,High,2
40,Prefer not to say,Education,UK,0.9,0.36,0.9,0.1090909090909091,0.0,1.0,1.0,Low,1
53,Female,Other,Germany,0.0499999999999999,0.28,0.3,0.8181818181818182,1.0,0.6666666666666666,1.0,High,2
59,Female,IT,Canada,0.1666666666666666,0.18,0.5,0.9636363636363636,1.0,0.6666666666666666,0.3333333333333333,High,2
55,Male,Healthcare,Germany,0.7333333333333333,0.7200000000000001,0.2,0.2181818181818181,0.5,0.6666666666666666,0.6666666666666666,High,1
58,Female,Healthcare,USA,0.5499999999999999,0.82,0.5,0.5636363636363636,0.5,0.6666666666666666,0.6666666666666666,High,1
41,Female,Healthcare,USA,0.2999999999999999,1.0,0.8,0.8181818181818182,0.5,0.0,0.6666666666666666,High,1
18,Prefer not to say,Education,India,0.4999999999999999,0.58,0.5,0.5636363636363636,1.0,0.6666666666666666,1.0,High,2
60,Female,Healthcare,India,0.0666666666666667,0.86,0.1,0.9818181818181818,1.0,0.3333333333333333,0.0,High,2
55,Male,Other,USA,0.1166666666666667,0.7200000000000001,0.4,0.2181818181818181,0.5,0.3333333333333333,0.6666666666666666,High,1
49,Male,Sales,UK,0.45,0.06,0.2,0.5636363636363636,1.0,0.3333333333333333,0.6666666666666666,High,2
57,Female,Finance,Australia,0.15,0.96,0.3,0.6181818181818182,0.0,1.0,0.6666666666666666,High,1
35,Female,Healthcare,UK,0.3166666666666667,0.5000000000000001,1.0,0.1272727272727272,1.0,0.6666666666666666,0.6666666666666666,High,2
55,Male,Sales,Other,0.15,0.5599999999999999,0.1,0.2363636363636363,0.5,0.0,0.3333333333333333,Medium,0
28,Female,Other,Germany,0.9333333333333332,0.02,0.0,0.7636363636363637,0.0,0.3333333333333333,0.6666666666666666,Medium,1
42,Female,Sales,UK,0.5166666666666665,0.66,1.0,0.2909090909090909,0.0,0.6666666666666666,1.0,Medium,1
31,Male,Finance,Other,0.5166666666666665,0.04,0.3,0.6909090909090909,0.0,0.6666666666666666,0.6666666666666666,High,1
58,Female,Engineering,India,0.9333333333333332,0.92,0.1,0.2181818181818181,1.0,1.0,0.3333333333333333,High,2
46,Male,Other,USA,0.35,0.58,0.1,0.4363636363636363,1.0,0.6666666666666666,0.6666666666666666,High,2
63,Male,Healthcare,Germany,0.1666666666666666,0.28,0.3,0.1090909090909091,0.0,0.3333333333333333,1.0,Medium,1
28,Female,Finance,Other,0.4999999999999999,0.4800000000000001,1.0,0.7636363636363637,0.0,0.3333333333333333,0.6666666666666666,Medium,1
35,Male,Sales,UK,0.4333333333333332,0.16,0.7000000000000001,0.1272727272727272,0.5,0.6666666666666666,0.3333333333333333,Low,0
28,Female,Sales,Canada,0.0999999999999999,0.08,0.1,0.7272727272727273,0.0,1.0,0.6666666666666666,High,1
18,Non-binary,Sales,USA,0.7499999999999999,0.5000000000000001,0.7000000000000001,0.1818181818181818,0.0,0.0,0.0,Low,0
48,Prefer not to say,Education,Other,0.7166666666666667,0.94,1.0,0.7818181818181817,0.0,0.0,0.0,Low,0
55,Prefer not to say,Engineering,Germany,0.4,0.8000000000000002,0.3,0.3090909090909091,1.0,0.3333333333333333,0.3333333333333333,High,2
41,Non-binary,Education,India,0.9833333333333332,0.44,0.2,0.6909090909090909,0.5,0.3333333333333333,0.6666666666666666,High,1
19,Male,IT,Other,0.9166666666666666,0.38,0.2,0.9272727272727272,1.0,0.6666666666666666,0.3333333333333333,High,2
40,Non-binary,Education,Australia,0.8666666666666666,0.32,0.8,0.5818181818181818,0.0,0.3333333333333333,0.6666666666666666,Low,1
45,Prefer not to say,Engineering,Australia,0.8166666666666668,0.94,0.5,0.8363636363636363,1.0,0.6666666666666666,1.0,High,2
40,Non-binary,Finance,Australia,0.3666666666666666,0.18,0.4,0.8727272727272727,1.0,0.6666666666666666,0.3333333333333333,High,2
24,Male,Engineering,Germany,0.7166666666666667,0.22,0.8,0.509090909090909,0.5,0.3333333333333333,0.0,Low,0
21,Female,Engineering,UK,0.0833333333333333,0.4,0.2,0.8727272727272727,0.5,0.6666666666666666,0.6666666666666666,High,1
39,Non-binary,Finance,Germany,0.8666666666666666,0.0,0.4,0.6181818181818182,0.5,1.0,1.0,Medium,1
42,Prefer not to say,Sales,Australia,0.2999999999999999,0.5200000000000001,0.8,0.2909090909090909,0.0,0.6666666666666666,0.0,Low,0
34,Female,Sales,UK,0.9333333333333332,0.7600000000000001,0.9,0.7272727272727273,1.0,0.3333333333333333,0.0,Medium,2
38,Female,Other,Australia,0.0999999999999999,0.62,0.3,0.1818181818181818,0.0,0.6666666666666666,0.0,Medium,0
40,Non-binary,Education,India,0.4166666666666666,0.3,0.0,0.8363636363636363,1.0,1.0,1.0,High,2
28,Male,Engineering,India,0.5166666666666665,0.66,0.3,0.7090909090909091,0.0,0.3333333333333333,1.0,High,1
33,Female,Other,India,0.4833333333333333,0.9,0.3,1.0,0.5,0.6666666666666666,0.6666666666666666,High,1
60,Non-binary,Sales,India,0.0999999999999999,0.06,0.6000000000000001,0.2363636363636363,0.0,0.6666666666666666,0.0,Low,0
47,Female,Finance,Germany,0.35,0.2,0.7000000000000001,0.3090909090909091,0.0,0.6666666666666666,1.0,Low,1
42,Prefer not to say,Healthcare,Germany,0.85,0.7400000000000001,0.7000000000000001,0.6727272727272727,0.5,0.0,0.6666666666666666,Medium,1
52,Non-binary,Healthcare,Other,0.0833333333333333,0.04,0.3,0.3090909090909091,0.0,1.0,0.3333333333333333,Medium,0
54,Prefer not to say,Education,India,0.15,0.32,0.8,0.5818181818181818,0.0,0.6666666666666666,1.0,Medium,1
65,Female,Education,UK,0.3833333333333332,0.7600000000000001,0.4,0.2727272727272727,1.0,0.6666666666666666,1.0,High,2
37,Non-binary,Education,India,0.4333333333333332,0.08,0.0,0.4,0.5,0.6666666666666666,0.0,Medium,0
39,Female,Engineering,USA,0.6166666666666666,0.7600000000000001,1.0,0.5818181818181818,0.0,0.3333333333333333,1.0,Medium,1
64,Prefer not to say,Sales,UK,0.4,0.9,0.4,0.4181818181818181,1.0,0.3333333333333333,1.0,High,2
44,Male,Education,USA,0.5166666666666665,0.28,0.3,0.6363636363636364,0.5,1.0,0.6666666666666666,High,1
26,Male,Engineering,Other,0.3666666666666666,0.3400000000000001,0.1,0.6909090909090909,0.5,0.6666666666666666,0.6666666666666666,High,1
24,Non-binary,Healthcare,Canada,0.2,0.88,0.2,0.890909090909091,1.0,0.0,1.0,High,2
54,Female,Education,India,0.5166666666666665,0.38,0.3,0.5272727272727272,1.0,1.0,0.3333333333333333,High,2
58,Female,Education,India,0.1166666666666667,0.08,0.7000000000000001,0.0,0.5,1.0,0.0,Low,0
32,Prefer not to say,IT,Other,0.8000000000000002,0.58,0.7000000000000001,0.2727272727272727,0.0,0.3333333333333333,1.0,Low,1
19,Female,Healthcare,USA,0.0666666666666667,0.88,0.5,0.0181818181818181,0.5,0.6666666666666666,0.3333333333333333,High,0
22,Prefer not to say,IT,Australia,0.85,0.64,0.3,0.6363636363636364,1.0,1.0,1.0,High,2
43,Male,Sales,Germany,0.0166666666666666,0.06,0.0,1.0,0.0,1.0,0.6666666666666666,High,1
58,Male,Finance,Australia,1.0,0.38,0.2,0.8181818181818182,0.5,1.0,1.0,High,1
27,Male,Sales,Other,0.25,0.26,0.0,0.0545454545454545,1.0,0.3333333333333333,1.0,High,2
27,Prefer not to say,Engineering,USA,0.2166666666666666,0.5000000000000001,0.7000000000000001,0.5818181818181818,1.0,0.3333333333333333,1.0,High,2
44,Non-binary,Education,UK,0.9833333333333332,0.14,0.5,0.8727272727272727,0.5,0.3333333333333333,1.0,Medium,1
24,Male,IT,India,0.5499999999999999,0.44,0.6000000000000001,0.4545454545454545,0.0,0.3333333333333333,1.0,Medium,1
31,Prefer not to say,IT,UK,0.6666666666666666,0.14,0.8,0.8,0.0,0.0,0.3333333333333333,Low,0
27,Non-binary,Education,Other,0.9333333333333332,0.58,0.9,0.0545454545454545,1.0,0.0,1.0,Low,2
19,Non-binary,Education,UK,0.4,0.82,0.0,0.6363636363636364,1.0,0.3333333333333333,0.0,High,2
31,Male,Finance,Germany,0.4333333333333332,0.4800000000000001,0.1,0.3272727272727272,1.0,0.0,0.3333333333333333,Medium,2
35,Female,Other,UK,0.4999999999999999,0.06,0.6000000000000001,0.7818181818181817,1.0,0.3333333333333333,0.6666666666666666,High,2
54,Female,Other,Canada,0.9499999999999998,0.5400000000000001,0.7000000000000001,0.8545454545454546,1.0,0.6666666666666666,0.6666666666666666,High,2
26,Male,Other,UK,0.0999999999999999,0.42,0.9,0.0181818181818181,0.5,0.3333333333333333,1.0,Medium,1
47,Non-binary,IT,UK,0.0333333333333333,0.96,0.9,0.1272727272727272,1.0,1.0,0.3333333333333333,High,2
27,Male,Finance,India,0.9,0.38,0.1,0.8181818181818182,1.0,1.0,0.0,High,2
40,Non-binary,Healthcare,Germany,0.4,0.02,0.9,0.3272727272727272,0.0,0.3333333333333333,0.6666666666666666,Low,1
33,Female,Healthcare,Other,0.5333333333333333,0.62,0.4,0.7272727272727273,1.0,0.0,1.0,High,2
21,Male,Education,India,0.5499999999999999,0.1,0.9,0.0727272727272727,0.0,0.0,0.6666666666666666,Low,1
57,Male,Sales,UK,0.1333333333333333,0.04,0.7000000000000001,0.7636363636363637,0.0,0.3333333333333333,1.0,Medium,1
65,Prefer not to say,Education,Canada,0.6166666666666666,0.2,0.3,0.509090909090909,0.5,1.0,1.0,High,1
24,Male,IT,India,0.0499999999999999,0.42,0.7000000000000001,0.2181818181818181,1.0,1.0,0.0,Medium,2
31,Non-binary,Finance,Other,0.0,0.6,0.8,0.7272727272727273,1.0,1.0,0.3333333333333333,High,2
59,Female,IT,Other,0.4,0.92,0.4,0.9272727272727272,0.5,0.0,1.0,High,1
18,Non-binary,Sales,Canada,0.3666666666666666,0.86,0.1,0.7272727272727273,1.0,0.0,0.6666666666666666,High,2
56,Male,Engineering,UK,0.8833333333333334,0.0,1.0,0.8545454545454546,0.0,1.0,0.0,Low,0
29,Male,Sales,Germany,0.9166666666666666,0.2,0.7000000000000001,0.2909090909090909,0.0,0.3333333333333333,0.0,Low,0
48,Prefer not to say,Healthcare,USA,0.5666666666666668,0.12,1.0,0.9818181818181818,1.0,1.0,0.0,Medium,2
61,Prefer not to say,IT,Germany,0.45,0.5400000000000001,0.9,0.2909090909090909,0.0,1.0,0.3333333333333333,Low,0
25,Non-binary,Finance,Other,0.1666666666666666,0.68,0.7000000000000001,0.7272727272727273,0.5,1.0,0.6666666666666666,High,1
35,Prefer not to say,IT,Australia,0.8666666666666666,0.64,0.3,0.1454545454545454,0.0,0.0,1.0,Low,1
31,Prefer not to say,Education,Canada,0.5166666666666665,0.8000000000000002,0.4,0.6363636363636364,0.5,0.3333333333333333,0.6666666666666666,High,1
39,Prefer not to say,Finance,India,1.0,0.28,0.8,0.5454545454545454,0.0,0.3333333333333333,0.3333333333333333,Low,0
52,Female,Engineering,Canada,0.4666666666666667,0.5400000000000001,0.3,0.0181818181818181,0.0,0.0,0.3333333333333333,Low,0
39,Non-binary,IT,Other,0.0833333333333333,0.66,0.6000000000000001,0.9090909090909092,0.5,0.6666666666666666,0.0,High,0
53,Prefer not to say,Engineering,UK,0.15,0.4600000000000001,1.0,0.8727272727272727,1.0,1.0,0.6666666666666666,High,2
47,Male,Healthcare,Canada,0.7333333333333333,0.5000000000000001,1.0,0.7454545454545454,0.0,0.0,0.6666666666666666,Low,1
25,Non-binary,Healthcare,USA,0.1833333333333332,0.92,0.0,0.3636363636363636,0.0,0.6666666666666666,1.0,High,1
56,Female,IT,Australia,0.5666666666666668,0.98,0.3,0.8727272727272727,0.5,0.0,0.3333333333333333,High,0
35,Male,Other,USA,0.1333333333333333,0.5200000000000001,1.0,0.6181818181818182,1.0,1.0,1.0,High,2
51,Non-binary,IT,Germany,0.9333333333333332,0.1,0.0,0.0545454545454545,0.5,0.0,1.0,Low,1
65,Prefer not to say,Finance,Australia,0.0166666666666666,0.94,1.0,0.2727272727272727,1.0,0.3333333333333333,0.6666666666666666,High,2
43,Non-binary,Finance,Australia,0.6333333333333332,0.7800000000000001,0.1,0.2363636363636363,0.5,0.6666666666666666,0.3333333333333333,High,0
58,Female,Sales,Canada,0.5833333333333334,0.96,0.3,0.2545454545454545,0.0,0.6666666666666666,1.0,High,1
19,Female,Education,USA,0.0,0.62,0.0,0.1272727272727272,0.5,0.3333333333333333,0.0,Medium,0
41,Non-binary,Sales,Other,0.3333333333333333,0.7600000000000001,0.6000000000000001,1.0,1.0,0.6666666666666666,0.3333333333333333,High,2
59,Male,Education,Germany,0.8666666666666666,0.32,0.4,0.3272727272727272,0.0,0.3333333333333333,0.3333333333333333,Low,0
29,Male,Education,India,0.3666666666666666,0.5599999999999999,0.0,0.4727272727272728,0.5,0.6666666666666666,0.6666666666666666,High,1
42,Male,Education,USA,0.0666666666666667,0.6,0.0,0.8363636363636363,0.0,1.0,1.0,High,1
38,Non-binary,Healthcare,Germany,0.85,0.5000000000000001,0.3,0.4363636363636363,0.0,0.0,0.3333333333333333,Low,0
51,Prefer not to say,Engineering,Germany,0.0333333333333333,0.1,0.9,0.2909090909090909,0.5,1.0,0.6666666666666666,Medium,1
51,Female,Education,India,0.0666666666666667,0.1,0.5,0.6545454545454544,0.0,0.3333333333333333,1.0,Medium,1
58,Female,Finance,India,0.45,0.84,0.9,0.5818181818181818,0.0,0.3333333333333333,0.0,Low,0
34,Female,IT,Australia,0.3333333333333333,0.16,0.8,0.1090909090909091,0.5,0.3333333333333333,0.6666666666666666,Low,1
49,Female,Finance,USA,0.8666666666666666,0.6,0.9,0.6,0.5,0.0,0.0,Low,0
22,Male,Healthcare,UK,0.65,1.0,0.6000000000000001,0.1090909090909091,0.5,0.3333333333333333,0.3333333333333333,Medium,0
31,Female,IT,Canada,0.1333333333333333,0.98,0.0,0.9090909090909092,0.5,0.6666666666666666,0.6666666666666666,High,1
24,Male,Sales,UK,0.1833333333333332,0.68,0.3,0.7090909090909091,1.0,0.3333333333333333,0.3333333333333333,High,2
39,Female,Engineering,India,0.4333333333333332,0.06,0.8,0.1090909090909091,1.0,1.0,0.6666666666666666,Medium,2
63,Non-binary,Finance,Australia,0.2,0.44,1.0,0.8181818181818182,0.0,1.0,0.6666666666666666,High,1
21,Non-binary,Other,India,0.3166666666666667,0.5599999999999999,0.7000000000000001,0.2,1.0,1.0,0.0,Medium,2
41,Prefer not to say,Education,Germany,0.1333333333333333,0.06,0.0,0.6545454545454544,0.0,0.0,0.6666666666666666,Medium,1
45,Non-binary,Engineering,Germany,0.15,0.1,0.7000000000000001,0.1818181818181818,0.5,0.6666666666666666,1.0,Medium,1
63,Female,Engineering,USA,0.9833333333333332,0.92,0.0,0.5454545454545454,0.5,0.3333333333333333,0.6666666666666666,High,1
34,Male,Healthcare,Canada,0.2,0.22,0.6000000000000001,0.509090909090909,0.5,1.0,1.0,High,1
20,Non-binary,Sales,Germany,0.2,0.5200000000000001,0.4,0.1636363636363636,0.5,0.0,1.0,Medium,1
32,Female,Education,USA,0.8166666666666668,0.3,1.0,0.5636363636363636,0.0,0.3333333333333333,0.6666666666666666,Low,1
42,Prefer not to say,Sales,UK,0.2166666666666666,0.26,0.7000000000000001,0.8363636363636363,0.0,0.6666666666666666,0.3333333333333333,Medium,0
59,Female,Healthcare,India,0.9333333333333332,0.7800000000000001,0.8,0.7090909090909091,1.0,0.6666666666666666,1.0,High,2
31,Non-binary,Engineering,Canada,0.0166666666666666,0.16,0.2,0.1272727272727272,0.5,0.0,1.0,Medium,1
49,Non-binary,IT,UK,0.4333333333333332,0.0,0.5,0.3636363636363636,1.0,0.3333333333333333,0.3333333333333333,Medium,2
43,Prefer not to say,Other,Other,0.1166666666666667,0.28,0.2,0.9454545454545454,1.0,1.0,0.6666666666666666,High,2
27,Male,IT,India,0.6833333333333332,0.08,0.4,0.4363636363636363,1.0,0.3333333333333333,0.0,Low,2
23,Female,Finance,Australia,0.0666666666666667,0.7400000000000001,0.7000000000000001,0.2,0.5,0.6666666666666666,1.0,High,1
46,Male,Education,Canada,0.5499999999999999,0.28,0.9,0.9454545454545454,0.5,1.0,0.3333333333333333,Medium,0
62,Non-binary,Engineering,UK,0.5499999999999999,0.84,1.0,0.2181818181818181,1.0,0.0,1.0,Medium,2
56,Prefer not to say,Finance,India,0.9333333333333332,0.44,0.8,0.5818181818181818,0.0,1.0,0.3333333333333333,Low,0
18,Male,IT,UK,0.4999999999999999,0.94,0.0,0.4727272727272728,0.5,1.0,1.0,High,1
63,Female,Education,Canada,0.2833333333333333,0.0,0.0,0.3818181818181818,0.0,0.0,0.6666666666666666,Medium,1
35,Female,Finance,India,0.7499999999999999,0.14,0.2,0.2181818181818181,0.0,0.3333333333333333,0.6666666666666666,Low,1
44,Non-binary,Other,Canada,0.4666666666666667,0.4600000000000001,0.3,0.8727272727272727,1.0,0.0,1.0,High,2
52,Non-binary,IT,UK,0.1166666666666667,0.44,0.0,0.3636363636363636,0.5,0.3333333333333333,0.6666666666666666,High,1
46,Non-binary,Healthcare,Germany,1.0,0.3400000000000001,0.9,0.1818181818181818,0.0,0.3333333333333333,0.0,Low,0
49,Female,Engineering,Australia,0.9166666666666666,0.96,0.6000000000000001,0.1454545454545454,0.5,1.0,0.3333333333333333,Medium,0
48,Non-binary,Finance,Other,0.6166666666666666,0.14,0.8,0.5636363636363636,0.5,1.0,1.0,Medium,1
51,Female,Healthcare,Other,0.3833333333333332,0.04,0.8,0.0181818181818181,0.5,0.6666666666666666,0.3333333333333333,Low,0
46,Non-binary,Sales,USA,0.2,0.68,0.5,0.8181818181818182,0.0,1.0,0.0,High,0
62,Prefer not to say,Sales,Australia,0.5166666666666665,0.02,0.4,0.6727272727272727,0.5,0.6666666666666666,0.0,Medium,0
18,Prefer not to say,Healthcare,USA,0.45,0.26,0.0,0.0363636363636363,0.0,0.3333333333333333,0.0,Low,0
34,Prefer not to say,Other,India,0.4333333333333332,0.94,0.8,0.509090909090909,0.5,1.0,0.6666666666666666,High,1
27,Female,Healthcare,Other,0.1333333333333333,0.8000000000000002,1.0,0.7818181818181817,0.0,0.3333333333333333,0.0,Medium,0
51,Female,Other,Canada,0.9833333333333332,0.44,0.4,0.5272727272727272,1.0,0.0,0.6666666666666666,Medium,2
49,Male,IT,Germany,0.0333333333333333,0.38,0.4,0.4727272727272728,0.5,0.3333333333333333,0.0,Medium,0
52,Male,IT,UK,0.1333333333333333,0.86,0.3,0.0909090909090909,0.5,0.6666666666666666,0.3333333333333333,High,0
37,Non-binary,Other,Australia,0.9666666666666668,0.22,0.9,0.9454545454545454,0.5,1.0,0.6666666666666666,Medium,1
61,Male,Other,Other,0.2666666666666666,0.24,0.5,0.8363636363636363,0.5,0.0,0.3333333333333333,Medium,0
56,Female,Education,Germany,0.7666666666666665,0.08,0.9,0.9818181818181818,1.0,0.3333333333333333,1.0,Medium,2
47,Prefer not to say,Finance,Australia,0.2,0.12,0.6000000000000001,0.8727272727272727,0.5,0.6666666666666666,0.3333333333333333,High,0
59,Male,Education,Canada,0.4666666666666667,0.32,0.9,0.1454545454545454,1.0,0.0,0.3333333333333333,Low,2
50,Prefer not to say,Finance,USA,0.9666666666666668,0.32,0.3,0.1636363636363636,0.0,0.3333333333333333,0.6666666666666666,Low,1
36,Prefer not to say,Other,India,0.1333333333333333,0.7000000000000001,0.8,0.1818181818181818,0.5,0.0,0.6666666666666666,Medium,1
45,Male,Healthcare,USA,0.6166666666666666,0.12,0.3,0.6545454545454544,1.0,0.6666666666666666,0.6666666666666666,High,2
22,Female,Healthcare,UK,0.9333333333333332,0.24,0.2,0.6545454545454544,1.0,0.6666666666666666,1.0,High,2
58,Male,Other,Canada,0.2999999999999999,0.04,0.4,0.6909090909090909,0.0,0.6666666666666666,1.0,High,1
65,Male,Finance,USA,0.0666666666666667,0.42,0.3,0.509090909090909,1.0,0.6666666666666666,0.3333333333333333,High,2
61,Male,IT,UK,0.0166666666666666,0.44,0.0,0.2181818181818181,1.0,1.0,1.0,High,2
30,Male,Sales,Australia,0.45,0.94,0.6000000000000001,0.2181818181818181,1.0,1.0,1.0,High,2
61,Female,Other,India,0.0166666666666666,0.98,0.3,0.6181818181818182,1.0,0.3333333333333333,1.0,High,2
18,Non-binary,Healthcare,Other,0.2666666666666666,0.82,0.6000000000000001,0.1636363636363636,0.5,0.3333333333333333,0.6666666666666666,High,1
40,Female,Healthcare,India,0.6666666666666666,0.4,0.0,0.3818181818181818,0.0,0.3333333333333333,0.0,Low,0
28,Prefer not to say,Sales,Other,0.5666666666666668,0.5599999999999999,0.4,0.8,0.5,0.3333333333333333,0.0,Medium,0
58,Female,IT,Germany,0.2166666666666666,0.7000000000000001,0.9,0.6181818181818182,0.0,0.6666666666666666,0.0,Medium,0
65,Prefer not to say,Healthcare,Other,0.1833333333333332,1.0,0.3,0.0363636363636363,1.0,0.6666666666666666,0.0,High,2
24,Prefer not to say,Engineering,Other,0.4166666666666666,0.06,0.7000000000000001,0.6545454545454544,0.0,0.0,1.0,Low,1
29,Female,Sales,Canada,0.45,0.7600000000000001,0.6000000000000001,0.8,0.0,0.0,0.3333333333333333,Medium,0
54,Non-binary,Finance,Germany,0.5666666666666668,0.62,0.2,0.8545454545454546,0.5,0.6666666666666666,1.0,High,1
20,Male,Other,Canada,0.9833333333333332,0.24,0.5,0.509090909090909,0.0,1.0,0.3333333333333333,Low,0
56,Female,Healthcare,Australia,0.7833333333333331,0.3400000000000001,0.8,0.890909090909091,1.0,1.0,0.0,Medium,2
40,Female,Finance,Other,0.5666666666666668,0.9,0.8,0.9272727272727272,1.0,0.0,0.0,Medium,2
56,Non-binary,Other,Canada,0.5333333333333333,0.5000000000000001,0.3,0.6363636363636364,1.0,0.6666666666666666,0.3333333333333333,High,2
20,Non-binary,Sales,UK,0.0499999999999999,0.8000000000000002,0.6000000000000001,0.4363636363636363,0.5,0.6666666666666666,1.0,High,1
21,Male,Healthcare,Australia,0.7166666666666667,0.24,0.1,0.4545454545454545,0.0,0.6666666666666666,1.0,Medium,1
61,Non-binary,Education,Other,0.6999999999999998,0.44,0.1,0.6,0.5,0.0,0.0,Low,0
31,Non-binary,Other,Other,0.2999999999999999,0.44,0.2,0.9272727272727272,0.5,0.0,0.3333333333333333,High,0
23,Non-binary,Healthcare,Australia,0.5666666666666668,0.7000000000000001,0.8,0.2727272727272727,0.5,0.0,0.0,Low,0
64,Prefer not to say,IT,Australia,0.25,0.08,0.4,0.0909090909090909,0.0,1.0,0.6666666666666666,Medium,1
18,Non-binary,Education,Canada,0.2166666666666666,0.3400000000000001,0.0,0.4727272727272728,0.0,0.6666666666666666,0.6666666666666666,High,1
43,Male,Healthcare,Australia,0.25,0.8000000000000002,0.3,0.4,0.0,0.3333333333333333,1.0,High,1
56,Male,Education,Germany,0.3166666666666667,0.18,0.8,0.7272727272727273,0.0,0.3333333333333333,1.0,Medium,1
59,Non-binary,Engineering,Canada,0.25,0.42,0.8,0.0545454545454545,1.0,0.0,0.6666666666666666,Medium,2
57,Male,Finance,USA,0.3333333333333333,0.94,0.2,0.9818181818181818,0.0,0.6666666666666666,0.3333333333333333,High,0
31,Prefer not to say,Other,Canada,0.9166666666666666,0.62,0.4,0.0727272727272727,1.0,0.3333333333333333,0.6666666666666666,Medium,2
58,Prefer not to say,Sales,India,0.15,0.14,0.8,0.4,1.0,0.3333333333333333,0.3333333333333333,Medium,2
30,Non-binary,IT,Other,0.8166666666666668,0.18,0.4,0.1454545454545454,0.0,0.0,0.3333333333333333,Low,0
30,Prefer not to say,Engineering,India,0.1666666666666666,0.24,0.4,0.4727272727272728,1.0,0.3333333333333333,1.0,High,2
20,Male,Finance,Other,0.5833333333333334,0.66,0.8,0.9090909090909092,1.0,1.0,0.6666666666666666,High,2
40,Male,Education,Germany,0.2,0.84,0.9,0.7454545454545454,0.5,0.0,0.0,Medium,0
44,Female,Healthcare,Germany,0.1666666666666666,0.7800000000000001,0.5,0.0545454545454545,0.0,0.0,0.0,Low,0
64,Prefer not to say,Education,USA,0.2,0.1,0.7000000000000001,0.7636363636363637,1.0,0.3333333333333333,0.6666666666666666,High,2
38,Non-binary,Other,Germany,0.9166666666666666,0.26,0.2,0.8545454545454546,0.5,0.0,1.0,Medium,1
18,Prefer not to say,Healthcare,Other,0.2833333333333333,0.62,0.8,0.8,0.5,0.6666666666666666,0.6666666666666666,High,1
65,Male,Healthcare,Australia,0.8166666666666668,0.58,0.4,0.6909090909090909,0.0,0.3333333333333333,1.0,Medium,1
46,Non-binary,Other,Australia,0.5833333333333334,0.44,0.7000000000000001,0.4545454545454545,0.5,0.3333333333333333,0.6666666666666666,Medium,1
27,Female,Finance,Other,0.4,0.7400000000000001,0.3,0.1818181818181818,0.5,0.0,0.3333333333333333,Medium,0
48,Female,Finance,Canada,0.0666666666666667,0.98,0.2,0.1090909090909091,0.5,1.0,0.3333333333333333,High,0
44,Female,Healthcare,India,0.1333333333333333,0.02,0.4,0.1818181818181818,0.0,1.0,0.6666666666666666,Medium,1
35,Male,Engineering,Australia,0.85,0.98,0.5,0.9090909090909092,1.0,0.6666666666666666,0.3333333333333333,High,2
25,Prefer not to say,Engineering,Germany,0.3833333333333332,0.82,0.8,0.3090909090909091,0.0,1.0,1.0,Medium,1
41,Male,Other,UK,0.7333333333333333,0.2,0.5,0.1090909090909091,1.0,0.3333333333333333,0.0,Low,2
41,Male,Finance,UK,0.8166666666666668,0.7200000000000001,0.8,0.7636363636363637,0.5,0.3333333333333333,0.3333333333333333,Medium,0
21,Prefer not to say,Education,India,0.9499999999999998,0.66,0.9,0.0181818181818181,0.5,1.0,0.0,Low,0
50,Male,Sales,Germany,0.6833333333333332,0.36,0.6000000000000001,0.7818181818181817,1.0,0.3333333333333333,0.0,Medium,2
55,Male,IT,India,0.9166666666666666,0.1,0.3,0.3636363636363636,0.0,1.0,1.0,Medium,1
50,Non-binary,Finance,USA,0.2333333333333334,0.44,0.8,0.1454545454545454,0.5,0.3333333333333333,0.6666666666666666,Medium,1
54,Prefer not to say,Healthcare,Australia,0.2833333333333333,0.7400000000000001,1.0,0.3454545454545454,0.5,0.6666666666666666,0.3333333333333333,High,0
65,Female,Healthcare,India,0.25,0.82,0.9,0.8545454545454546,1.0,0.3333333333333333,0.3333333333333333,High,2
44,Non-binary,Finance,Australia,0.5666666666666668,1.0,0.4,0.6727272727272727,1.0,0.0,0.3333333333333333,High,2
43,Prefer not to say,Finance,Other,0.5499999999999999,0.6,0.5,0.8727272727272727,0.5,0.0,0.3333333333333333,Medium,0
22,Female,Healthcare,Germany,0.9499999999999998,0.24,0.5,0.8,0.0,0.3333333333333333,0.0,Low,0
62,Female,Engineering,Canada,0.2833333333333333,0.2,0.0,0.1272727272727272,0.5,0.0,0.0,Low,0
41,Female,Other,Canada,0.0333333333333333,0.22,0.0,0.5272727272727272,0.0,0.6666666666666666,1.0,High,1
51,Prefer not to say,Finance,India,0.0499999999999999,0.88,0.7000000000000001,0.5454545454545454,0.5,0.0,0.3333333333333333,Medium,0
61,Male,Other,Canada,0.8333333333333334,0.14,0.6000000000000001,0.8545454545454546,0.0,1.0,0.6666666666666666,Medium,1
21,Prefer not to say,Education,Other,0.2833333333333333,0.9,0.4,0.7818181818181817,0.0,0.3333333333333333,0.3333333333333333,High,0
49,Male,Finance,Australia,0.3666666666666666,0.86,0.7000000000000001,0.0,0.0,0.6666666666666666,1.0,Medium,1
60,Male,Education,Australia,0.1333333333333333,0.88,0.8,0.509090909090909,1.0,0.3333333333333333,0.6666666666666666,High,2
21,Prefer not to say,Sales,USA,0.7166666666666667,0.08,1.0,0.3818181818181818,0.5,0.6666666666666666,0.0,Low,0
37,Female,IT,Canada,0.6666666666666666,0.4,0.4,0.7636363636363637,0.0,0.3333333333333333,1.0,Medium,1
18,Female,Engineering,UK,0.2833333333333333,0.1,0.6000000000000001,0.2909090909090909,0.0,0.0,1.0,Low,1
22,Non-binary,Education,Australia,0.85,0.9,0.5,0.0363636363636363,0.5,0.0,0.0,Low,0
64,Prefer not to say,IT,Canada,0.8000000000000002,0.02,0.9,0.7090909090909091,0.5,1.0,0.6666666666666666,Medium,1
50,Male,Sales,USA,0.7833333333333331,0.62,0.4,0.6,0.5,0.3333333333333333,0.6666666666666666,Medium,1
41,Non-binary,Sales,USA,0.2666666666666666,0.88,0.2,0.8545454545454546,1.0,0.6666666666666666,1.0,High,2
28,Non-binary,IT,Germany,0.4166666666666666,0.92,0.2,0.9272727272727272,0.5,1.0,0.3333333333333333,High,0
47,Prefer not to say,Finance,Canada,0.2999999999999999,0.4,0.8,0.890909090909091,0.5,0.3333333333333333,0.0,Medium,0
59,Prefer not to say,Sales,Germany,0.3166666666666667,0.4800000000000001,0.6000000000000001,0.0,0.5,0.6666666666666666,0.0,Medium,0
59,Female,Sales,Australia,0.7166666666666667,0.26,0.4,0.0181818181818181,0.0,1.0,0.6666666666666666,Low,1
65,Female,Sales,India,0.8000000000000002,0.06,0.6000000000000001,0.8545454545454546,0.0,0.3333333333333333,0.0,Low,0
36,Female,Sales,USA,0.1166666666666667,0.26,0.6000000000000001,0.3272727272727272,1.0,0.3333333333333333,0.3333333333333333,Medium,2
48,Prefer not to say,IT,India,0.6333333333333332,0.02,0.0,0.890909090909091,0.0,0.0,0.6666666666666666,Medium,1
46,Non-binary,IT,Other,0.35,0.88,0.1,0.4909090909090909,0.0,0.6666666666666666,0.3333333333333333,High,0
46,Non-binary,Other,USA,0.0833333333333333,0.16,0.9,0.4909090909090909,0.5,0.3333333333333333,0.0,Low,0
24,Male,Other,Canada,0.5166666666666665,0.1,0.0,0.6909090909090909,0.0,0.6666666666666666,0.0,Medium,0
45,Female,Healthcare,Germany,0.0666666666666667,0.06,0.2,0.7818181818181817,0.5,0.6666666666666666,0.3333333333333333,High,0
24,Female,Healthcare,Germany,0.6,0.9,0.1,0.2545454545454545,0.0,0.0,1.0,Medium,1
23,Male,Finance,Other,0.9166666666666666,0.06,0.2,0.4181818181818181,1.0,0.6666666666666666,1.0,High,2
25,Non-binary,Finance,Canada,0.45,0.22,0.0,0.9272727272727272,0.0,0.6666666666666666,0.6666666666666666,High,1
51,Male,Healthcare,Germany,0.2666666666666666,0.94,0.2,0.3818181818181818,1.0,0.6666666666666666,1.0,High,2
60,Female,Finance,India,0.85,0.16,0.6000000000000001,0.9636363636363636,0.5,0.0,0.3333333333333333,Low,0
35,Female,Sales,UK,0.9666666666666668,0.9,0.1,0.7636363636363637,0.0,1.0,0.3333333333333333,High,0
32,Non-binary,IT,Australia,0.6,0.0,1.0,0.9272727272727272,0.5,0.3333333333333333,0.0,Low,0
47,Female,Finance,Australia,0.85,0.04,0.3,0.7636363636363637,0.0,0.3333333333333333,0.0,Low,0
52,Non-binary,Healthcare,Canada,0.7833333333333331,0.68,0.2,0.3454545454545454,0.5,1.0,1.0,High,1
36,Prefer not to say,Other,UK,0.8666666666666666,0.16,0.4,0.0545454545454545,0.5,0.3333333333333333,0.3333333333333333,Low,0
41,Non-binary,Engineering,UK,0.5166666666666665,0.44,0.4,0.7636363636363637,1.0,0.6666666666666666,0.3333333333333333,High,2
31,Non-binary,Other,USA,0.2833333333333333,0.7400000000000001,0.6000000000000001,0.7636363636363637,0.0,0.6666666666666666,0.6666666666666666,High,1
35,Male,IT,USA,0.6333333333333332,0.7400000000000001,0.7000000000000001,0.2727272727272727,0.5,0.0,0.0,Low,0
26,Female,Other,Germany,0.5833333333333334,0.86,0.0,0.0363636363636363,1.0,1.0,0.0,High,2
44,Female,Finance,Australia,0.4666666666666667,0.7000000000000001,0.7000000000000001,0.7818181818181817,0.5,1.0,0.3333333333333333,High,0
42,Non-binary,Healthcare,Canada,0.7499999999999999,0.7200000000000001,0.3,0.4,1.0,0.6666666666666666,0.0,High,2
21,Male,IT,Australia,0.1333333333333333,0.7200000000000001,0.7000000000000001,0.7454545454545454,1.0,0.3333333333333333,0.0,High,2
35,Male,Education,India,0.6,0.5000000000000001,0.6000000000000001,0.4545454545454545,0.5,0.6666666666666666,0.6666666666666666,High,1
57,Female,Sales,USA,0.5333333333333333,0.4800000000000001,0.4,0.4181818181818181,1.0,0.6666666666666666,0.6666666666666666,High,2
20,Prefer not to say,IT,India,0.65,0.7800000000000001,0.1,0.2909090909090909,0.5,0.6666666666666666,1.0,High,1
38,Female,Healthcare,India,0.0333333333333333,0.4600000000000001,0.1,0.2727272727272727,0.5,1.0,1.0,High,1
31,Female,Education,Other,0.45,0.66,0.2,0.7454545454545454,1.0,1.0,0.6666666666666666,High,2
32,Prefer not to say,Healthcare,India,0.8666666666666666,0.68,0.6000000000000001,0.1090909090909091,0.0,1.0,0.6666666666666666,Medium,1
50,Prefer not to say,IT,India,0.8666666666666666,0.1,1.0,0.9636363636363636,1.0,0.3333333333333333,0.0,Low,2
22,Female,Education,USA,0.6999999999999998,0.08,0.5,0.3454545454545454,0.5,0.0,0.3333333333333333,Low,0
50,Prefer not to say,Education,Australia,0.1333333333333333,0.7800000000000001,0.9,0.890909090909091,0.5,0.0,0.6666666666666666,High,1
35,Male,Healthcare,UK,0.4666666666666667,0.7800000000000001,0.6000000000000001,0.2727272727272727,1.0,1.0,1.0,High,2
28,Non-binary,Other,USA,0.5499999999999999,1.0,0.4,0.8181818181818182,0.5,1.0,0.3333333333333333,High,0
38,Female,Other,UK,0.9499999999999998,0.6,0.2,0.6363636363636364,0.0,0.6666666666666666,0.3333333333333333,Medium,0
46,Non-binary,Finance,India,0.5499999999999999,0.86,0.5,0.6363636363636364,1.0,0.6666666666666666,0.6666666666666666,High,2
65,Prefer not to say,Sales,USA,0.9333333333333332,0.5000000000000001,0.4,0.4545454545454545,0.0,0.3333333333333333,0.3333333333333333,Low,0
45,Prefer not to say,IT,USA,0.2833333333333333,0.84,0.3,0.2909090909090909,0.0,0.6666666666666666,0.3333333333333333,High,0
44,Prefer not to say,Finance,Australia,0.3666666666666666,0.98,0.0,0.5454545454545454,1.0,1.0,0.6666666666666666,High,2
36,Prefer not to say,Healthcare,Australia,0.9833333333333332,0.84,0.6000000000000001,0.6545454545454544,1.0,0.3333333333333333,0.0,Medium,2
51,Female,Education,Germany,0.3166666666666667,0.5000000000000001,0.9,0.5636363636363636,1.0,0.3333333333333333,0.6666666666666666,High,2
55,Female,Engineering,Germany,0.4666666666666667,0.36,0.5,0.2727272727272727,0.0,1.0,0.6666666666666666,Medium,1
38,Prefer not to say,Education,Australia,0.4166666666666666,0.62,0.0,0.4181818181818181,0.5,0.6666666666666666,0.6666666666666666,High,1
51,Male,Education,Other,0.7833333333333331,0.4800000000000001,0.6000000000000001,0.6909090909090909,0.5,0.6666666666666666,0.6666666666666666,High,1
65,Non-binary,Healthcare,Other,0.1666666666666666,0.7800000000000001,0.5,0.9272727272727272,1.0,0.6666666666666666,0.0,High,2
38,Prefer not to say,Sales,Australia,0.0333333333333333,0.62,0.3,0.2909090909090909,1.0,0.6666666666666666,1.0,High,2
51,Prefer not to say,Engineering,UK,0.9,0.28,0.8,0.8,0.0,0.0,0.3333333333333333,Low,0
41,Male,Sales,Australia,0.5499999999999999,0.5599999999999999,0.0,0.1090909090909091,0.5,1.0,0.6666666666666666,High,1
57,Female,Other,Canada,0.3833333333333332,0.32,0.9,0.3454545454545454,0.0,0.3333333333333333,0.3333333333333333,Low,0
48,Male,Healthcare,Canada,0.5666666666666668,0.5599999999999999,0.7000000000000001,0.3272727272727272,0.0,0.0,0.6666666666666666,Low,1
56,Prefer not to say,Healthcare,UK,0.85,0.5000000000000001,0.2,0.4545454545454545,0.0,0.3333333333333333,0.0,Low,0
50,Non-binary,Other,Germany,0.2166666666666666,0.88,1.0,0.4181818181818181,0.5,0.3333333333333333,0.6666666666666666,High,1
21,Female,Healthcare,Other,0.1666666666666666,0.62,1.0,0.7272727272727273,1.0,0.3333333333333333,0.3333333333333333,High,2
39,Female,Finance,UK,0.6166666666666666,0.42,0.9,0.7272727272727273,0.0,0.3333333333333333,1.0,Medium,1
30,Non-binary,Engineering,India,0.25,0.8000000000000002,0.1,0.1090909090909091,1.0,0.0,1.0,High,2
33,Male,Healthcare,Germany,0.15,0.04,0.5,1.0,0.0,0.0,1.0,Medium,1
50,Non-binary,Healthcare,Australia,0.25,0.36,0.0,0.4545454545454545,1.0,0.6666666666666666,1.0,High,2
50,Female,Other,Germany,0.9166666666666666,0.5000000000000001,0.5,0.6,0.5,0.3333333333333333,1.0,Medium,1
51,Male,IT,Australia,0.4666666666666667,0.6,0.2,0.5454545454545454,0.5,1.0,0.6666666666666666,High,1
48,Prefer not to say,Other,Germany,0.0999999999999999,0.94,0.0,0.0727272727272727,0.5,0.0,0.6666666666666666,High,1
61,Male,Engineering,Australia,0.1666666666666666,0.12,0.3,0.4181818181818181,0.5,0.3333333333333333,1.0,High,1
31,Female,Other,Canada,0.2833333333333333,0.08,0.4,0.2,0.0,0.6666666666666666,0.6666666666666666,Medium,1
31,Non-binary,Finance,Other,0.3666666666666666,0.96,0.3,0.5818181818181818,0.5,0.0,1.0,High,1
48,Male,Finance,Other,0.0333333333333333,0.38,0.2,0.8181818181818182,0.5,0.6666666666666666,0.0,High,0
54,Female,Other,Canada,0.2833333333333333,0.3400000000000001,0.6000000000000001,0.8,1.0,1.0,1.0,High,2
38,Female,Sales,USA,0.4,0.62,0.8,0.3636363636363636,0.0,0.3333333333333333,0.0,Low,0
39,Prefer not to say,IT,USA,0.6833333333333332,0.32,0.7000000000000001,0.4181818181818181,0.5,0.3333333333333333,1.0,Low,1
49,Non-binary,IT,Australia,0.4333333333333332,0.66,1.0,0.8363636363636363,0.0,0.0,1.0,Medium,1
56,Non-binary,IT,USA,0.8166666666666668,0.66,0.0,0.3090909090909091,1.0,1.0,0.3333333333333333,High,2
60,Non-binary,Healthcare,Canada,0.7166666666666667,0.08,0.5,0.7454545454545454,0.5,0.0,0.0,Low,0
55,Non-binary,IT,Other,0.1166666666666667,0.06,0.3,0.8727272727272727,0.5,0.3333333333333333,0.3333333333333333,High,0
38,Female,IT,Australia,0.35,0.86,0.4,0.9454545454545454,0.5,1.0,0.3333333333333333,High,0
23,Female,Other,India,0.7333333333333333,0.7400000000000001,0.0,0.9636363636363636,1.0,0.3333333333333333,0.3333333333333333,High,2
22,Non-binary,IT,Australia,0.3666666666666666,0.7800000000000001,0.3,0.6363636363636364,0.5,0.0,0.0,Medium,0
42,Non-binary,Engineering,India,0.5166666666666665,0.24,0.2,0.9636363636363636,0.5,0.3333333333333333,0.6666666666666666,High,1
59,Non-binary,Healthcare,Australia,0.2,0.5200000000000001,0.0,0.6909090909090909,1.0,0.6666666666666666,0.0,High,2
40,Prefer not to say,Healthcare,India,0.9166666666666666,0.7400000000000001,1.0,0.3272727272727272,0.0,0.0,0.6666666666666666,Low,1
65,Non-binary,Education,India,0.0499999999999999,0.38,0.0,0.5454545454545454,0.5,0.0,0.6666666666666666,High,1
65,Prefer not to say,Education,Germany,0.9499999999999998,0.2,0.8,0.5818181818181818,0.0,0.0,0.6666666666666666,Low,1
32,Male,Education,UK,0.9333333333333332,0.4600000000000001,0.7000000000000001,0.7636363636363637,0.5,0.3333333333333333,0.0,Low,0
40,Prefer not to say,Sales,Canada,0.0166666666666666,0.98,0.6000000000000001,0.4363636363636363,1.0,0.3333333333333333,0.0,High,2
20,Female,Sales,Other,0.7833333333333331,0.7200000000000001,0.0,0.8545454545454546,0.0,1.0,1.0,High,1
27,Female,Other,USA,0.3166666666666667,0.3400000000000001,0.6000000000000001,0.3818181818181818,0.0,1.0,1.0,High,1
50,Male,Sales,Germany,0.2833333333333333,0.82,0.6000000000000001,0.8545454545454546,0.0,0.6666666666666666,0.6666666666666666,High,1
36,Female,IT,UK,0.35,0.94,0.8,0.6545454545454544,0.5,0.0,0.0,Low,0
42,Prefer not to say,Finance,USA,0.85,0.24,0.2,0.7454545454545454,0.0,0.3333333333333333,0.6666666666666666,Medium,1
36,Male,Education,India,0.7833333333333331,0.64,1.0,0.3636363636363636,0.5,0.6666666666666666,0.0,Low,0
47,Female,IT,Germany,0.9833333333333332,0.1,0.4,0.5636363636363636,0.0,0.3333333333333333,0.0,Low,0
56,Non-binary,Sales,Australia,0.9166666666666666,0.44,0.7000000000000001,0.2,0.0,0.3333333333333333,0.6666666666666666,Low,1
22,Male,Engineering,Germany,0.9333333333333332,0.7600000000000001,0.4,0.890909090909091,0.5,1.0,0.3333333333333333,High,0
29,Prefer not to say,Sales,Canada,0.65,0.24,0.8,0.4909090909090909,0.0,0.3333333333333333,0.6666666666666666,Low,1
57,Female,Healthcare,USA,0.5499999999999999,0.94,0.3,0.9090909090909092,0.5,0.0,0.3333333333333333,High,0
60,Prefer not to say,Engineering,UK,0.1166666666666667,0.7400000000000001,0.3,0.6727272727272727,0.0,0.3333333333333333,1.0,High,1
38,Prefer not to say,IT,Australia,0.6999999999999998,0.3,1.0,0.3090909090909091,0.5,0.6666666666666666,1.0,Low,1
19,Non-binary,Education,Germany,0.5333333333333333,0.96,0.4,0.8727272727272727,0.5,1.0,0.0,High,0
59,Prefer not to say,Sales,USA,0.8833333333333334,0.5000000000000001,0.6000000000000001,0.5636363636363636,0.5,0.6666666666666666,0.3333333333333333,Medium,0
46,Female,IT,Other,0.8000000000000002,0.66,0.8,0.0909090909090909,1.0,0.6666666666666666,0.3333333333333333,Medium,2
42,Non-binary,IT,Australia,0.1166666666666667,0.7800000000000001,0.0,0.3454545454545454,1.0,0.0,0.6666666666666666,High,2
22,Non-binary,Healthcare,Canada,0.6,1.0,0.3,0.2909090909090909,1.0,0.3333333333333333,0.3333333333333333,High,2
65,Male,Other,Other,0.3666666666666666,0.28,0.2,0.4,1.0,0.6666666666666666,0.3333333333333333,High,2
60,Prefer not to say,Engineering,Germany,0.4833333333333333,0.1,0.0,0.2181818181818181,1.0,0.6666666666666666,1.0,High,2
46,Non-binary,Other,Canada,0.8166666666666668,0.36,0.4,0.1454545454545454,0.5,1.0,1.0,Medium,1
18,Female,Sales,Other,0.7833333333333331,0.5599999999999999,0.5,0.2545454545454545,0.5,0.0,0.0,Low,0
51,Prefer not to say,Finance,USA,0.0666666666666667,0.12,0.0,0.6181818181818182,0.5,0.3333333333333333,0.0,Medium,0
32,Prefer not to say,Education,Other,0.9499999999999998,0.12,0.6000000000000001,0.1090909090909091,0.0,1.0,0.3333333333333333,Low,0
27,Prefer not to say,IT,Other,0.5666666666666668,0.4600000000000001,0.9,0.1818181818181818,0.5,0.0,0.6666666666666666,Low,1
50,Non-binary,Sales,UK,0.8000000000000002,0.5400000000000001,0.8,0.6181818181818182,1.0,0.3333333333333333,0.6666666666666666,Medium,2
38,Female,Healthcare,Australia,0.5166666666666665,0.7200000000000001,0.3,0.5272727272727272,1.0,1.0,0.6666666666666666,High,2
25,Female,Other,UK,0.7333333333333333,0.7800000000000001,0.1,0.0727272727272727,1.0,1.0,1.0,High,2
41,Male,IT,UK,0.7333333333333333,0.8000000000000002,0.1,0.4363636363636363,0.0,1.0,0.6666666666666666,High,1
22,Male,Healthcare,Canada,0.8000000000000002,0.62,0.2,0.0909090909090909,0.0,0.0,0.6666666666666666,Low,1
24,Female,Engineering,Canada,0.8833333333333334,0.4,0.0,0.2727272727272727,1.0,0.6666666666666666,0.0,Medium,2
36,Non-binary,Education,Germany,0.2166666666666666,0.3400000000000001,0.3,0.2181818181818181,0.5,1.0,0.6666666666666666,High,1
34,Prefer not to say,Finance,UK,0.85,0.68,0.8,0.6,0.5,1.0,0.3333333333333333,Medium,0
32,Female,Education,Canada,0.3333333333333333,0.1,0.1,0.509090909090909,0.0,0.6666666666666666,0.3333333333333333,Medium,0
43,Non-binary,IT,India,0.2166666666666666,0.66,0.4,0.8545454545454546,0.0,0.0,0.6666666666666666,High,1
43,Female,Engineering,Germany,0.0166666666666666,0.4800000000000001,0.3,0.2909090909090909,0.5,0.3333333333333333,0.0,Medium,0
30,Male,Other,USA,0.7666666666666665,0.2,0.0,0.4727272727272728,0.5,0.3333333333333333,1.0,Medium,1
25,Non-binary,Finance,USA,0.2833333333333333,0.98,0.1,0.9272727272727272,0.0,1.0,0.6666666666666666,High,1
59,Female,Other,Germany,0.1666666666666666,0.5200000000000001,0.3,0.6363636363636364,0.0,0.0,0.3333333333333333,Medium,0
27,Prefer not to say,Engineering,India,0.7666666666666665,0.4800000000000001,0.8,0.0909090909090909,1.0,0.0,1.0,Low,2
37,Male,Other,Australia,0.0166666666666666,0.7000000000000001,0.8,0.5454545454545454,0.5,1.0,0.3333333333333333,High,0
29,Female,Other,India,0.5166666666666665,0.22,0.7000000000000001,0.4181818181818181,1.0,0.6666666666666666,0.3333333333333333,Medium,2
54,Prefer not to say,Finance,UK,0.3666666666666666,0.32,0.7000000000000001,0.2181818181818181,0.0,0.0,0.3333333333333333,Low,0
36,Female,Sales,India,0.4999999999999999,0.18,0.7000000000000001,0.3454545454545454,0.5,0.0,1.0,Low,1
40,Female,Sales,India,0.45,0.5200000000000001,0.3,0.8727272727272727,1.0,0.0,0.6666666666666666,High,2
52,Female,Finance,Canada,0.3833333333333332,0.6,0.1,0.7636363636363637,0.5,0.6666666666666666,0.0,High,0
29,Non-binary,Finance,Australia,1.0,0.38,0.7000000000000001,0.509090909090909,0.0,0.3333333333333333,0.6666666666666666,Low,1
39,Prefer not to say,Finance,Other,0.2,0.6,0.7000000000000001,0.2363636363636363,0.0,0.6666666666666666,0.0,Low,0
62,Prefer not to say,Sales,Canada,0.1333333333333333,0.82,0.6000000000000001,0.5272727272727272,0.0,1.0,0.6666666666666666,High,1
37,Prefer not to say,Finance,Germany,0.15,0.9,0.2,0.7818181818181817,0.0,1.0,0.6666666666666666,High,1
29,Non-binary,Education,Other,0.7666666666666665,0.64,0.1,0.1090909090909091,1.0,1.0,1.0,High,2
18,Prefer not to say,Healthcare,Other,0.3166666666666667,0.3400000000000001,0.4,0.9454545454545454,1.0,0.3333333333333333,0.0,High,2
43,Prefer not to say,Education,Australia,0.6333333333333332,0.88,0.5,0.4181818181818181,0.0,0.6666666666666666,0.0,Medium,0
38,Non-binary,Engineering,Other,0.6999999999999998,0.12,0.9,0.4363636363636363,0.5,0.3333333333333333,0.0,Low,0
46,Non-binary,Education,India,0.7333333333333333,0.7600000000000001,0.7000000000000001,0.1272727272727272,1.0,0.3333333333333333,1.0,Medium,2
27,Prefer not to say,Healthcare,Canada,0.2166666666666666,0.68,0.0,0.1454545454545454,1.0,0.3333333333333333,0.3333333333333333,High,2
37,Prefer not to say,Engineering,UK,0.4999999999999999,0.88,0.0,0.3272727272727272,0.5,0.3333333333333333,0.0,Medium,0
47,Prefer not to say,IT,Germany,0.9,0.5000000000000001,0.8,0.2545454545454545,0.0,0.6666666666666666,0.3333333333333333,Low,0
29,Prefer not to say,Other,India,0.4333333333333332,0.86,1.0,0.7272727272727273,0.5,0.6666666666666666,0.3333333333333333,High,0
30,Female,Education,USA,0.3833333333333332,0.86,0.0,0.5272727272727272,1.0,0.6666666666666666,1.0,High,2
39,Non-binary,Healthcare,USA,0.7499999999999999,0.92,0.3,0.6727272727272727,1.0,0.6666666666666666,1.0,High,2
25,Prefer not to say,Other,India,0.2,0.7200000000000001,0.0,0.509090909090909,0.5,1.0,0.0,High,0
54,Male,Other,India,0.85,0.62,1.0,0.4545454545454545,0.5,1.0,1.0,Medium,1
45,Female,Education,Australia,0.7666666666666665,0.88,0.1,0.1636363636363636,0.5,0.6666666666666666,0.0,Medium,0
41,Male,Healthcare,Australia,0.7166666666666667,0.92,0.3,0.8,0.5,0.0,0.0,Medium,0
26,Male,Engineering,Canada,0.4166666666666666,0.98,0.4,0.9272727272727272,1.0,1.0,1.0,High,2
55,Male,Healthcare,Canada,0.3833333333333332,0.5000000000000001,0.4,0.0,0.5,0.0,0.3333333333333333,Low,0
19,Male,Healthcare,India,0.4333333333333332,0.68,0.4,0.6545454545454544,1.0,1.0,0.6666666666666666,High,2
30,Female,Engineering,UK,0.4,0.3,0.5,0.2363636363636363,0.0,0.3333333333333333,0.3333333333333333,Low,0
57,Prefer not to say,Engineering,Other,0.3333333333333333,0.4600000000000001,0.0,0.8181818181818182,0.5,1.0,0.3333333333333333,High,0
20,Male,Engineering,Australia,0.2999999999999999,0.86,0.8,0.509090909090909,1.0,1.0,1.0,High,2
60,Female,Healthcare,UK,0.6166666666666666,0.4,0.1,0.3454545454545454,0.5,1.0,0.3333333333333333,High,0
41,Non-binary,Education,Australia,0.8833333333333334,0.16,0.8,0.7818181818181817,0.5,0.3333333333333333,0.0,Low,0
56,Male,Other,Canada,0.0333333333333333,0.26,0.1,0.3272727272727272,0.5,0.0,1.0,Medium,1
32,Female,Sales,India,0.0333333333333333,0.1,0.2,0.2363636363636363,1.0,0.3333333333333333,0.0,Medium,2
41,Female,Other,Canada,0.7166666666666667,0.84,0.0,0.7636363636363637,1.0,0.6666666666666666,1.0,High,2
30,Female,Other,Canada,0.5833333333333334,0.2,0.8,0.3818181818181818,0.0,0.0,0.6666666666666666,Low,1
55,Female,IT,Australia,0.5166666666666665,0.16,0.2,0.1818181818181818,0.5,0.6666666666666666,0.3333333333333333,Medium,0
36,Female,Engineering,India,0.4,0.5000000000000001,0.4,0.1636363636363636,0.0,0.0,0.6666666666666666,Low,1
46,Male,Engineering,USA,0.8666666666666666,0.04,0.2,0.3818181818181818,0.0,1.0,0.0,Low,0
64,Female,Education,India,0.0333333333333333,0.08,0.0,0.0,0.0,0.0,0.0,Low,0
31,Prefer not to say,Education,Australia,0.3666666666666666,0.68,0.1,0.7090909090909091,1.0,0.3333333333333333,0.0,High,2
48,Prefer not to say,Finance,UK,0.8833333333333334,0.68,1.0,0.9090909090909092,0.5,0.6666666666666666,1.0,High,1
35,Prefer not to say,Finance,UK,0.15,1.0,0.4,0.9454545454545454,0.0,0.6666666666666666,0.3333333333333333,High,0
29,Male,Finance,India,0.35,0.7000000000000001,0.5,0.4727272727272728,1.0,0.3333333333333333,0.6666666666666666,High,2
39,Male,Sales,Canada,0.5666666666666668,0.1,0.2,0.9454545454545454,1.0,0.6666666666666666,0.3333333333333333,High,2
18,Male,Other,India,0.3333333333333333,0.24,0.4,0.6,0.5,0.3333333333333333,1.0,Medium,1
44,Female,Sales,USA,0.5833333333333334,1.0,0.0,0.3272727272727272,1.0,1.0,0.3333333333333333,High,2
29,Female,Sales,India,0.0499999999999999,0.88,0.2,0.0363636363636363,0.0,0.6666666666666666,0.6666666666666666,High,1
50,Female,Education,Canada,0.9,0.64,0.2,0.6909090909090909,0.0,0.3333333333333333,0.3333333333333333,Medium,0
64,Female,Sales,Canada,0.4333333333333332,0.32,0.1,0.6181818181818182,0.5,0.0,0.0,Low,0
59,Non-binary,Healthcare,India,0.25,0.22,0.5,0.6,1.0,1.0,0.6666666666666666,High,2
61,Prefer not to say,Healthcare,UK,0.5333333333333333,0.64,0.8,0.4909090909090909,1.0,0.0,0.0,Low,2
47,Male,Engineering,Canada,0.45,0.14,1.0,0.0181818181818181,0.0,0.3333333333333333,0.3333333333333333,Low,0
23,Prefer not to say,Finance,Australia,0.0833333333333333,0.4800000000000001,1.0,0.5454545454545454,0.5,0.6666666666666666,0.6666666666666666,High,1
48,Male,Healthcare,UK,0.9833333333333332,0.18,0.0,0.0909090909090909,1.0,0.3333333333333333,1.0,Medium,2
24,Male,Sales,Australia,0.8666666666666666,0.18,0.9,0.2,0.0,0.0,0.3333333333333333,Low,0
31,Non-binary,Education,Australia,0.6833333333333332,0.24,0.6000000000000001,0.2,0.5,0.3333333333333333,1.0,Low,1
46,Male,IT,UK,0.7666666666666665,1.0,0.3,0.6909090909090909,0.0,1.0,0.6666666666666666,High,1
33,Male,Engineering,Australia,0.9499999999999998,0.14,0.1,0.5636363636363636,1.0,0.6666666666666666,0.6666666666666666,High,2
22,Non-binary,Education,India,0.1833333333333332,0.32,0.7000000000000001,0.2,0.0,0.3333333333333333,0.6666666666666666,Low,1
28,Female,Sales,Other,0.3833333333333332,0.42,0.1,0.8363636363636363,0.5,1.0,1.0,High,1
46,Male,Education,India,0.7333333333333333,0.86,1.0,0.3454545454545454,0.0,0.0,0.6666666666666666,Low,1
33,Prefer not to say,Finance,Australia,0.3166666666666667,0.4800000000000001,0.8,0.2727272727272727,0.0,1.0,0.0,Low,0
19,Male,Finance,Canada,0.9166666666666666,0.38,0.0,0.9272727272727272,0.5,0.6666666666666666,0.6666666666666666,High,1
40,Prefer not to say,Engineering,Canada,0.2333333333333334,0.88,0.6000000000000001,0.9454545454545454,0.0,0.3333333333333333,0.6666666666666666,High,1
64,Prefer not to say,Other,Other,0.0333333333333333,0.14,0.6000000000000001,0.4363636363636363,1.0,0.6666666666666666,0.6666666666666666,High,2
35,Prefer not to say,Education,Germany,0.0499999999999999,0.38,0.4,0.4181818181818181,1.0,0.6666666666666666,0.0,High,2
43,Non-binary,Sales,India,0.9333333333333332,0.02,0.9,0.1272727272727272,0.5,1.0,0.0,Low,0
64,Non-binary,IT,India,0.6666666666666666,0.7200000000000001,0.3,0.5454545454545454,1.0,0.0,0.0,Medium,2
38,Prefer not to say,Healthcare,Australia,0.4999999999999999,0.36,0.0,0.509090909090909,0.0,0.6666666666666666,1.0,High,1
60,Non-binary,Healthcare,India,0.6666666666666666,0.26,0.5,0.1090909090909091,0.5,1.0,0.3333333333333333,Low,0
29,Non-binary,Engineering,Canada,0.5333333333333333,0.8000000000000002,0.7000000000000001,0.3272727272727272,1.0,0.6666666666666666,0.0,Medium,2
28,Non-binary,Education,USA,0.1333333333333333,0.22,0.1,0.6181818181818182,1.0,0.0,1.0,High,2
49,Non-binary,IT,Canada,0.8166666666666668,0.04,0.7000000000000001,0.4727272727272728,0.5,0.6666666666666666,0.0,Low,0
41,Non-binary,Sales,Other,0.2333333333333334,0.16,1.0,0.3818181818181818,0.0,0.6666666666666666,1.0,Medium,1
30,Prefer not to say,Other,USA,0.7333333333333333,0.44,0.7000000000000001,0.7272727272727273,0.5,0.3333333333333333,0.0,Low,0
27,Prefer not to say,Engineering,Other,0.6666666666666666,0.24,0.7000000000000001,0.8545454545454546,0.0,0.3333333333333333,0.0,Low,0
63,Male,Finance,Germany,0.4833333333333333,0.4,0.7000000000000001,0.2363636363636363,0.5,0.6666666666666666,0.0,Low,0
32,Male,Other,USA,0.2166666666666666,0.4800000000000001,0.9,0.509090909090909,1.0,0.6666666666666666,0.6666666666666666,High,2
51,Non-binary,Engineering,India,0.1833333333333332,0.3400000000000001,0.4,0.9636363636363636,0.5,0.6666666666666666,1.0,High,1
25,Non-binary,IT,Canada,0.0833333333333333,0.2,0.6000000000000001,0.7454545454545454,1.0,0.0,0.0,Medium,2
65,Non-binary,Healthcare,Germany,0.9,0.0,0.0,0.1272727272727272,0.5,0.6666666666666666,1.0,Medium,1
26,Female,Healthcare,Other,0.0499999999999999,0.24,0.6000000000000001,0.7636363636363637,1.0,1.0,0.6666666666666666,High,2
43,Female,Finance,UK,0.3333333333333333,0.98,1.0,0.0545454545454545,0.5,1.0,0.3333333333333333,Medium,0
64,Male,Other,Australia,0.5166666666666665,0.92,0.0,0.2727272727272727,0.5,0.3333333333333333,0.6666666666666666,High,1
38,Prefer not to say,Engineering,Other,0.0166666666666666,0.24,0.0,0.1090909090909091,1.0,0.0,0.3333333333333333,Medium,2
58,Prefer not to say,Other,Other,0.65,0.4,0.1,0.1272727272727272,0.0,0.3333333333333333,0.6666666666666666,Medium,1
35,Prefer not to say,Engineering,Canada,0.2,0.9,0.8,0.7818181818181817,0.5,0.3333333333333333,0.6666666666666666,High,1
48,Prefer not to say,Education,USA,0.4833333333333333,0.24,1.0,0.1272727272727272,0.5,0.0,1.0,Low,1
62,Non-binary,Engineering,UK,0.0499999999999999,0.38,0.7000000000000001,0.8545454545454546,0.5,1.0,1.0,High,1
19,Female,Education,USA,0.1333333333333333,0.62,0.3,0.2181818181818181,1.0,0.3333333333333333,0.3333333333333333,High,2
27,Non-binary,IT,USA,0.4166666666666666,0.22,0.7000000000000001,0.0363636363636363,0.0,0.0,0.6666666666666666,Low,1
47,Non-binary,Engineering,Canada,0.4999999999999999,0.24,0.9,0.3272727272727272,0.0,0.3333333333333333,0.0,Low,0
25,Female,Education,USA,0.8333333333333334,0.2,0.8,0.1454545454545454,0.5,0.6666666666666666,0.0,Low,0
63,Female,Sales,India,0.3333333333333333,0.7800000000000001,0.0,0.4363636363636363,0.5,1.0,1.0,High,1
50,Prefer not to say,Engineering,India,0.2,0.96,0.3,0.8727272727272727,1.0,0.3333333333333333,0.0,High,2
27,Prefer not to say,IT,USA,0.1666666666666666,0.18,1.0,0.9636363636363636,0.5,0.3333333333333333,0.3333333333333333,Medium,0
45,Female,Healthcare,Australia,0.6666666666666666,0.66,0.1,0.8727272727272727,0.5,1.0,0.6666666666666666,High,1
18,Prefer not to say,Sales,UK,0.5333333333333333,0.0,0.4,0.8545454545454546,0.5,0.0,0.6666666666666666,Medium,1
53,Prefer not to say,Other,USA,0.7833333333333331,0.3400000000000001,0.6000000000000001,0.5818181818181818,0.0,0.3333333333333333,0.3333333333333333,Low,0
43,Prefer not to say,IT,UK,0.15,0.66,0.7000000000000001,0.4181818181818181,0.5,1.0,0.6666666666666666,High,1
56,Prefer not to say,Healthcare,India,0.8666666666666666,0.94,0.0,0.5818181818181818,0.0,1.0,1.0,High,1
32,Male,Finance,India,0.1166666666666667,0.94,0.9,0.9818181818181818,1.0,0.6666666666666666,0.6666666666666666,High,2
39,Female,Healthcare,USA,0.4666666666666667,0.88,0.7000000000000001,0.7818181818181817,0.0,0.6666666666666666,0.0,Medium,0
42,Prefer not to say,IT,UK,0.8666666666666666,0.58,0.7000000000000001,0.0545454545454545,1.0,0.3333333333333333,0.0,Low,2
41,Female,Engineering,India,0.8333333333333334,0.7000000000000001,0.7000000000000001,0.6,1.0,0.0,0.0,Low,2
26,Female,Healthcare,Australia,0.0833333333333333,0.94,0.0,0.2545454545454545,0.0,0.6666666666666666,0.3333333333333333,High,0
25,Male,IT,Other,0.8000000000000002,0.04,0.8,0.5818181818181818,0.0,0.6666666666666666,0.6666666666666666,Low,1
23,Female,IT,USA,0.6333333333333332,0.4600000000000001,0.1,0.1454545454545454,0.5,1.0,0.6666666666666666,High,1
56,Prefer not to say,Other,UK,0.0499999999999999,0.3400000000000001,0.2,0.5818181818181818,0.5,0.0,0.6666666666666666,High,1
21,Female,Sales,Other,0.9333333333333332,0.7600000000000001,0.4,1.0,1.0,0.3333333333333333,1.0,High,2
22,Non-binary,Sales,UK,0.65,0.4600000000000001,0.2,0.9272727272727272,1.0,0.6666666666666666,0.3333333333333333,High,2
24,Non-binary,Healthcare,Canada,0.15,0.68,0.9,0.1090909090909091,1.0,0.6666666666666666,1.0,High,2
58,Prefer not to say,Sales,India,0.0833333333333333,0.2,0.1,0.4545454545454545,0.0,0.6666666666666666,0.0,Medium,0
43,Non-binary,IT,Other,0.4333333333333332,0.7600000000000001,0.6000000000000001,0.4727272727272728,0.5,1.0,0.3333333333333333,High,0
43,Female,Sales,India,0.5333333333333333,0.7800000000000001,0.0,0.7090909090909091,1.0,0.3333333333333333,0.3333333333333333,High,2
47,Prefer not to say,Finance,Australia,0.2833333333333333,0.22,1.0,0.509090909090909,0.5,0.6666666666666666,0.3333333333333333,Medium,0
33,Non-binary,Finance,USA,0.15,0.3400000000000001,0.2,0.8545454545454546,0.0,1.0,0.0,High,0
56,Prefer not to say,Sales,USA,0.35,0.96,0.6000000000000001,0.3090909090909091,1.0,0.6666666666666666,0.6666666666666666,High,2
22,Male,IT,Other,0.7333333333333333,0.5599999999999999,0.0,0.9272727272727272,1.0,1.0,0.3333333333333333,High,2
52,Non-binary,Sales,Germany,0.6333333333333332,0.62,0.3,0.7818181818181817,1.0,0.6666666666666666,0.6666666666666666,High,2
53,Prefer not to say,Sales,Other,0.0166666666666666,0.0,0.0,0.1818181818181818,1.0,0.3333333333333333,0.0,Medium,2
41,Female,IT,Australia,0.7166666666666667,0.5200000000000001,0.4,0.2,0.5,0.3333333333333333,0.0,Low,0
34,Prefer not to say,Sales,UK,0.8666666666666666,0.5599999999999999,0.8,0.4181818181818181,0.5,0.3333333333333333,0.0,Low,0
40,Male,IT,USA,0.3666666666666666,0.82,0.7000000000000001,0.1818181818181818,1.0,1.0,1.0,High,2
49,Prefer not to say,Education,Other,0.6999999999999998,0.6,0.8,0.0545454545454545,0.5,1.0,0.3333333333333333,Low,0
54,Non-binary,Engineering,India,0.3166666666666667,0.12,0.2,0.7090909090909091,1.0,0.3333333333333333,0.0,High,2
59,Male,Engineering,UK,0.6999999999999998,0.36,0.5,0.7818181818181817,0.5,0.0,0.6666666666666666,Medium,1
37,Female,Sales,India,0.4166666666666666,0.7600000000000001,0.0,0.3636363636363636,0.5,0.6666666666666666,0.3333333333333333,High,0
29,Non-binary,Other,Other,0.7833333333333331,0.22,0.0,0.9090909090909092,1.0,0.6666666666666666,0.3333333333333333,High,2
58,Male,Healthcare,India,0.3166666666666667,0.64,0.5,0.9636363636363636,0.5,0.6666666666666666,0.6666666666666666,High,1
38,Non-binary,Engineering,Canada,0.0333333333333333,0.26,0.2,0.9636363636363636,0.0,1.0,1.0,High,1
19,Female,Finance,USA,0.3833333333333332,0.16,0.7000000000000001,0.5454545454545454,0.0,0.3333333333333333,1.0,Low,1
44,Female,Sales,UK,0.2999999999999999,0.26,0.5,0.1636363636363636,0.0,0.0,1.0,Low,1
51,Male,Healthcare,UK,0.6166666666666666,0.64,0.0,0.6545454545454544,0.5,1.0,0.3333333333333333,High,0
34,Female,Engineering,Canada,0.4666666666666667,0.28,0.9,0.9272727272727272,0.5,0.3333333333333333,0.6666666666666666,Medium,1
50,Prefer not to say,Education,USA,0.9499999999999998,0.26,1.0,0.9090909090909092,1.0,0.3333333333333333,0.6666666666666666,Medium,2
48,Prefer not to say,Engineering,Australia,0.1333333333333333,0.66,0.6000000000000001,0.0909090909090909,1.0,0.6666666666666666,0.0,High,2
36,Male,Engineering,Germany,0.65,0.1,0.7000000000000001,0.1818181818181818,0.0,0.3333333333333333,0.6666666666666666,Low,1
56,Prefer not to say,Other,Germany,0.0999999999999999,0.5400000000000001,0.9,0.7818181818181817,1.0,0.6666666666666666,0.3333333333333333,High,2
32,Prefer not to say,Engineering,Other,0.6,0.08,0.8,0.7272727272727273,1.0,1.0,0.6666666666666666,High,2
37,Male,Engineering,India,0.7666666666666665,1.0,0.4,0.8,0.5,0.6666666666666666,0.6666666666666666,High,1
23,Non-binary,Engineering,USA,0.0833333333333333,0.08,0.2,0.4545454545454545,0.0,0.0,0.0,Low,0
30,Prefer not to say,Sales,UK,0.4333333333333332,0.3400000000000001,0.4,0.3272727272727272,0.0,0.3333333333333333,0.3333333333333333,Low,0
63,Non-binary,Finance,USA,0.4833333333333333,0.94,1.0,0.4545454545454545,1.0,1.0,0.6666666666666666,High,2
42,Prefer not to say,Sales,Australia,0.4166666666666666,0.5400000000000001,0.6000000000000001,0.8727272727272727,0.5,0.3333333333333333,0.0,Medium,0
19,Non-binary,Sales,Germany,0.15,0.4,0.2,0.6181818181818182,0.0,0.3333333333333333,1.0,High,1
39,Male,Finance,India,0.5333333333333333,0.32,0.8,0.6,0.0,0.3333333333333333,0.0,Low,0
62,Prefer not to say,Finance,Canada,0.6999999999999998,0.7000000000000001,0.0,0.1272727272727272,0.0,1.0,0.3333333333333333,Medium,0
43,Male,Other,Other,0.9,0.7800000000000001,0.4,0.4,0.5,0.0,0.0,Low,0
22,Male,Sales,Australia,0.0666666666666667,0.98,0.5,0.8727272727272727,0.0,0.3333333333333333,0.6666666666666666,High,1
63,Female,Education,Germany,0.5666666666666668,0.5400000000000001,0.4,0.4545454545454545,0.5,1.0,0.0,Medium,0
27,Female,Finance,USA,0.0833333333333333,0.5599999999999999,0.3,0.2,1.0,0.6666666666666666,1.0,High,2
18,Non-binary,Other,Other,0.35,0.26,0.0,0.3090909090909091,1.0,0.0,1.0,Medium,2
57,Prefer not to say,Engineering,Germany,0.8166666666666668,0.62,0.3,0.3454545454545454,0.5,0.0,0.6666666666666666,Medium,1
62,Female,Sales,Australia,0.3833333333333332,0.32,0.5,0.4727272727272728,0.0,0.6666666666666666,1.0,Medium,1
58,Non-binary,Other,USA,0.4333333333333332,0.68,0.0,0.8181818181818182,0.0,0.0,0.0,Medium,0
40,Prefer not to say,Finance,Canada,0.4166666666666666,0.66,0.1,0.4909090909090909,0.5,1.0,0.6666666666666666,High,1
58,Non-binary,Other,UK,0.9666666666666668,0.66,0.0,1.0,0.0,0.3333333333333333,0.6666666666666666,High,1
21,Non-binary,Healthcare,Germany,0.9333333333333332,0.7800000000000001,0.8,0.9090909090909092,1.0,0.6666666666666666,1.0,High,2
34,Non-binary,Engineering,Canada,0.7166666666666667,0.42,0.0,0.9272727272727272,0.5,0.3333333333333333,1.0,High,1
60,Female,Engineering,Other,0.1833333333333332,0.26,0.9,0.9272727272727272,0.0,0.0,0.0,Low,0
39,Non-binary,Sales,Canada,0.5333333333333333,0.4800000000000001,1.0,0.8545454545454546,1.0,0.0,0.3333333333333333,Medium,2
46,Prefer not to say,Sales,Other,0.9166666666666666,0.14,0.5,0.8181818181818182,0.0,0.6666666666666666,0.0,Low,0
61,Non-binary,Sales,Australia,0.2666666666666666,0.36,0.6000000000000001,0.6363636363636364,0.0,0.6666666666666666,1.0,High,1
52,Male,Finance,Other,0.3166666666666667,0.42,0.3,0.0727272727272727,1.0,0.3333333333333333,0.3333333333333333,High,2
53,Female,Engineering,USA,0.8166666666666668,0.7600000000000001,0.2,0.2,1.0,1.0,0.6666666666666666,High,2
31,Male,IT,Germany,0.2999999999999999,0.58,0.2,0.5636363636363636,1.0,0.0,0.6666666666666666,High,2
29,Non-binary,Sales,Australia,0.1166666666666667,0.92,0.2,0.9636363636363636,0.5,0.0,0.6666666666666666,High,1
45,Non-binary,Education,Australia,0.6666666666666666,0.7800000000000001,0.9,0.0181818181818181,1.0,0.3333333333333333,0.6666666666666666,Medium,2
32,Female,Finance,India,0.6833333333333332,0.62,0.1,0.6727272727272727,1.0,1.0,1.0,High,2
53,Non-binary,Education,Germany,0.7333333333333333,0.04,0.4,0.4727272727272728,1.0,1.0,0.3333333333333333,Medium,2
27,Male,Sales,UK,0.4333333333333332,0.02,0.9,0.509090909090909,0.0,0.0,0.6666666666666666,Low,1
35,Prefer not to say,IT,USA,0.0833333333333333,0.68,0.9,0.6545454545454544,1.0,0.6666666666666666,0.0,High,2
65,Prefer not to say,Sales,Other,0.7499999999999999,0.28,0.9,0.7090909090909091,1.0,0.3333333333333333,0.0,Low,2
49,Prefer not to say,Engineering,Germany,0.0999999999999999,0.5200000000000001,0.5,0.7090909090909091,0.5,1.0,0.3333333333333333,High,0
45,Non-binary,Education,USA,0.0999999999999999,0.3400000000000001,1.0,0.9454545454545454,0.5,0.6666666666666666,1.0,High,1
36,Male,Finance,Germany,0.0333333333333333,0.02,0.1,0.1272727272727272,0.0,0.3333333333333333,0.6666666666666666,Medium,1
34,Female,IT,Other,0.1666666666666666,0.12,0.9,0.4181818181818181,1.0,1.0,0.6666666666666666,High,2
34,Prefer not to say,Other,Canada,0.6666666666666666,0.68,0.2,0.4727272727272728,0.0,1.0,0.6666666666666666,High,1
32,Prefer not to say,Finance,Other,0.2,0.36,0.8,0.9272727272727272,0.5,1.0,0.6666666666666666,High,1
59,Prefer not to say,Sales,Germany,0.5166666666666665,0.8000000000000002,0.6000000000000001,0.9636363636363636,0.0,0.3333333333333333,0.0,Medium,0
45,Female,Sales,UK,0.5833333333333334,0.36,0.4,0.4,0.5,1.0,1.0,High,1
58,Prefer not to say,Engineering,Other,0.7833333333333331,0.5400000000000001,0.6000000000000001,0.1272727272727272,0.5,0.6666666666666666,0.6666666666666666,Medium,1
48,Male,Healthcare,Australia,0.5666666666666668,0.84,0.5,0.7454545454545454,1.0,0.3333333333333333,0.0,High,2
48,Female,Healthcare,Canada,0.1666666666666666,0.62,0.3,0.8545454545454546,0.0,0.3333333333333333,0.3333333333333333,High,0
53,Male,IT,UK,0.85,0.7600000000000001,1.0,0.2727272727272727,1.0,0.3333333333333333,1.0,Medium,2
50,Female,Healthcare,India,0.2333333333333334,0.5000000000000001,0.7000000000000001,0.2727272727272727,0.5,0.6666666666666666,0.3333333333333333,Medium,0
58,Non-binary,Healthcare,Australia,0.0999999999999999,0.06,0.7000000000000001,0.6,1.0,1.0,1.0,High,2
28,Non-binary,Other,Germany,0.25,0.9,0.8,0.9818181818181818,1.0,0.6666666666666666,0.3333333333333333,High,2
33,Female,Other,USA,0.9833333333333332,0.7400000000000001,0.5,0.509090909090909,0.0,0.0,0.3333333333333333,Low,0
54,Female,Other,Australia,0.1166666666666667,0.7000000000000001,1.0,0.8727272727272727,0.5,0.0,1.0,High,1
38,Prefer not to say,Other,Australia,0.0333333333333333,0.64,0.4,0.5818181818181818,0.0,0.0,0.6666666666666666,Medium,1
28,Non-binary,Finance,India,0.1666666666666666,0.02,0.2,0.7818181818181817,1.0,0.6666666666666666,0.0,High,2
20,Non-binary,Finance,USA,0.9,0.26,0.2,0.3636363636363636,0.0,0.0,0.0,Low,0
58,Female,Education,India,0.9499999999999998,0.68,0.1,0.509090909090909,0.5,1.0,0.6666666666666666,High,1
55,Female,Healthcare,Australia,0.7833333333333331,0.8000000000000002,0.5,0.9454545454545454,0.0,0.0,1.0,Medium,1
51,Non-binary,Other,USA,0.1166666666666667,0.94,0.0,0.6909090909090909,0.5,0.3333333333333333,0.3333333333333333,High,0
60,Prefer not to say,Other,Other,0.0666666666666667,0.22,0.3,0.5636363636363636,0.0,1.0,0.0,Medium,0
38,Female,IT,Australia,0.3833333333333332,0.28,0.0,0.8727272727272727,0.5,1.0,1.0,High,1
50,Male,Sales,India,0.0333333333333333,0.0,0.4,0.6363636363636364,1.0,0.6666666666666666,0.6666666666666666,High,2
60,Female,Other,Australia,0.35,0.4,0.2,0.9454545454545454,0.5,0.0,0.6666666666666666,High,1
47,Male,Healthcare,Australia,0.1166666666666667,0.44,0.9,0.1090909090909091,0.0,0.6666666666666666,1.0,Medium,1
22,Prefer not to say,Engineering,UK,0.5333333333333333,0.28,0.3,0.5818181818181818,1.0,0.3333333333333333,0.0,Medium,2
33,Prefer not to say,Other,Australia,0.9166666666666666,0.36,0.4,0.0363636363636363,0.0,0.3333333333333333,1.0,Low,1
19,Male,Finance,Canada,0.9833333333333332,0.3400000000000001,0.8,0.4363636363636363,1.0,0.3333333333333333,1.0,Medium,2
31,Non-binary,Healthcare,Germany,0.1333333333333333,0.22,1.0,0.9818181818181818,1.0,0.3333333333333333,0.6666666666666666,High,2
42,Female,Education,UK,0.0333333333333333,0.62,0.6000000000000001,0.6727272727272727,1.0,0.6666666666666666,1.0,High,2
41,Male,Healthcare,Canada,0.7833333333333331,0.08,0.3,0.5272727272727272,0.5,1.0,0.3333333333333333,Medium,0
49,Prefer not to say,IT,Canada,0.0166666666666666,0.5400000000000001,0.0,0.5818181818181818,1.0,0.6666666666666666,0.0,High,2
18,Prefer not to say,Engineering,USA,0.9833333333333332,0.06,0.0,0.2,0.0,0.0,0.6666666666666666,Low,1
30,Non-binary,Sales,Germany,0.4166666666666666,0.36,0.1,0.6909090909090909,1.0,0.0,0.3333333333333333,High,2
41,Male,Sales,India,0.2333333333333334,0.62,0.4,0.9454545454545454,0.0,1.0,0.6666666666666666,High,1
19,Non-binary,Finance,Australia,0.5833333333333334,0.42,1.0,0.2727272727272727,0.0,0.0,0.0,Low,0
44,Non-binary,IT,Other,0.1833333333333332,0.04,0.7000000000000001,0.2,0.5,1.0,0.6666666666666666,Medium,1
26,Male,Healthcare,India,0.6333333333333332,0.92,0.1,0.6181818181818182,1.0,0.3333333333333333,1.0,High,2
63,Non-binary,Engineering,Germany,0.0499999999999999,0.08,0.9,0.6,1.0,0.0,1.0,Medium,2
36,Non-binary,Healthcare,Germany,0.5666666666666668,0.2,0.9,0.8545454545454546,0.0,1.0,0.6666666666666666,Medium,1
62,Non-binary,Healthcare,Canada,0.6999999999999998,0.28,0.3,0.6545454545454544,1.0,0.6666666666666666,0.0,Medium,2
18,Non-binary,Other,Other,0.1833333333333332,1.0,0.8,0.9272727272727272,0.5,0.0,0.6666666666666666,High,1
29,Female,Finance,India,0.4666666666666667,0.98,0.5,0.6909090909090909,0.0,0.3333333333333333,0.0,Medium,0
28,Female,Engineering,Other,0.0666666666666667,0.32,0.1,0.1818181818181818,0.5,0.6666666666666666,0.0,Medium,0
60,Non-binary,Education,Canada,0.9333333333333332,0.0,0.9,0.2363636363636363,1.0,0.6666666666666666,0.0,Low,2
53,Female,IT,USA,0.6166666666666666,0.4,0.6000000000000001,0.3454545454545454,0.5,0.6666666666666666,1.0,High,1
20,Male,Healthcare,Canada,0.0499999999999999,0.7800000000000001,1.0,0.6181818181818182,0.0,0.3333333333333333,0.3333333333333333,Medium,0
60,Non-binary,Other,Australia,0.25,0.64,0.5,0.7272727272727273,1.0,1.0,0.3333333333333333,High,2
33,Non-binary,IT,USA,0.1333333333333333,1.0,1.0,0.0363636363636363,1.0,0.6666666666666666,0.6666666666666666,High,2
52,Female,IT,India,0.2,0.2,0.2,0.1818181818181818,0.0,0.3333333333333333,1.0,Medium,1
30,Female,IT,Canada,0.9499999999999998,0.28,0.6000000000000001,0.2545454545454545,1.0,0.0,0.0,Low,2
43,Non-binary,Healthcare,Other,0.45,0.22,0.9,0.0727272727272727,1.0,0.3333333333333333,0.3333333333333333,Low,2
51,Male,IT,Other,0.0499999999999999,0.88,0.2,0.1636363636363636,1.0,0.6666666666666666,0.6666666666666666,High,2
51,Male,Education,UK,0.5166666666666665,0.82,0.4,0.1454545454545454,1.0,0.6666666666666666,0.6666666666666666,High,2
29,Prefer not to say,IT,Australia,0.0166666666666666,0.98,0.1,0.4727272727272728,0.0,1.0,1.0,High,1
24,Female,IT,UK,0.4833333333333333,0.8000000000000002,0.7000000000000001,0.6363636363636364,1.0,0.6666666666666666,1.0,High,2
55,Prefer not to say,Engineering,Canada,0.9499999999999998,0.16,1.0,0.0909090909090909,0.5,0.3333333333333333,1.0,Low,1
65,Prefer not to say,Finance,USA,0.85,0.86,0.0,0.2545454545454545,0.5,1.0,0.6666666666666666,High,1
49,Male,Other,India,0.4999999999999999,0.26,0.7000000000000001,0.2909090909090909,0.0,0.6666666666666666,0.0,Low,0
45,Non-binary,Engineering,Australia,0.8666666666666666,0.0,0.9,0.509090909090909,1.0,1.0,0.6666666666666666,Medium,2
58,Non-binary,Healthcare,UK,0.5833333333333334,1.0,0.6000000000000001,0.2909090909090909,0.5,0.0,0.6666666666666666,Medium,1
43,Non-binary,Engineering,India,0.7833333333333331,0.18,0.7000000000000001,0.1090909090909091,0.5,0.3333333333333333,0.0,Low,0
47,Prefer not to say,Healthcare,India,0.15,0.66,0.0,0.6727272727272727,0.5,0.3333333333333333,0.6666666666666666,High,1
29,Male,Sales,USA,0.0,0.8000000000000002,0.2,0.4545454545454545,1.0,1.0,0.3333333333333333,High,2
27,Male,Healthcare,India,0.0499999999999999,0.2,1.0,0.4909090909090909,0.0,0.6666666666666666,0.0,Low,0
22,Non-binary,Finance,India,0.3333333333333333,0.38,0.6000000000000001,0.509090909090909,1.0,0.3333333333333333,0.0,Medium,2
18,Male,Other,Germany,0.9166666666666666,0.5400000000000001,0.8,0.1454545454545454,1.0,0.6666666666666666,0.0,Low,2
23,Prefer not to say,Healthcare,Other,0.0333333333333333,0.62,0.1,0.4909090909090909,1.0,0.3333333333333333,0.0,High,2
60,Female,Other,USA,0.0999999999999999,0.4,0.8,0.1272727272727272,0.0,1.0,0.6666666666666666,Medium,1
47,Female,Sales,Other,0.5166666666666665,0.06,0.6000000000000001,0.2181818181818181,0.5,1.0,1.0,Medium,1
26,Prefer not to say,Other,Canada,0.6,0.7200000000000001,0.9,0.2727272727272727,0.0,0.6666666666666666,0.0,Low,0
22,Non-binary,Finance,Germany,0.2166666666666666,0.36,0.8,0.8,0.0,0.0,0.6666666666666666,Medium,1
23,Female,Finance,India,0.1833333333333332,0.6,1.0,0.0363636363636363,1.0,1.0,0.0,Medium,2
33,Prefer not to say,Healthcare,Germany,0.9333333333333332,0.28,0.1,0.4545454545454545,0.0,1.0,1.0,Medium,1
56,Prefer not to say,Other,Canada,0.6166666666666666,0.7600000000000001,0.3,0.5454545454545454,0.5,1.0,0.3333333333333333,High,0
20,Male,Education,Other,0.9666666666666668,0.04,0.0,0.8363636363636363,0.0,0.3333333333333333,0.0,Low,0
65,Male,Healthcare,Other,0.3666666666666666,0.66,0.2,0.8,0.0,0.3333333333333333,1.0,High,1
64,Male,Finance,Other,0.8833333333333334,0.5599999999999999,0.8,0.4363636363636363,0.0,1.0,0.3333333333333333,Low,0
25,Prefer not to say,Education,India,0.85,0.88,0.7000000000000001,0.7090909090909091,0.0,0.3333333333333333,1.0,Medium,1
64,Prefer not to say,Finance,Germany,0.45,0.8000000000000002,0.0,0.7272727272727273,0.5,0.6666666666666666,1.0,High,1
33,Male,Finance,Other,0.15,0.7000000000000001,0.3,0.0,1.0,0.0,0.3333333333333333,High,2
19,Non-binary,Engineering,Canada,0.85,0.14,1.0,0.4909090909090909,0.0,0.0,0.6666666666666666,Low,1
38,Male,Other,India,0.5833333333333334,0.6,0.1,0.3454545454545454,1.0,0.3333333333333333,0.6666666666666666,High,2
50,Prefer not to say,IT,Australia,0.45,0.58,0.0,0.8,0.0,0.3333333333333333,0.0,Medium,0
18,Female,Other,Germany,0.0999999999999999,0.6,0.7000000000000001,0.1636363636363636,1.0,0.6666666666666666,1.0,High,2
43,Female,IT,Germany,0.65,0.5599999999999999,1.0,0.3090909090909091,0.0,0.0,0.6666666666666666,Low,1
62,Non-binary,Healthcare,Other,0.2666666666666666,0.7000000000000001,0.0,0.509090909090909,0.5,0.0,0.3333333333333333,High,0
54,Prefer not to say,IT,UK,0.3166666666666667,0.28,0.7000000000000001,0.8545454545454546,1.0,0.3333333333333333,0.6666666666666666,High,2
44,Female,Finance,Germany,0.1666666666666666,0.12,0.0,0.8181818181818182,0.0,0.3333333333333333,1.0,High,1
19,Female,IT,Australia,0.1166666666666667,0.8000000000000002,1.0,0.9090909090909092,0.5,0.6666666666666666,0.6666666666666666,High,1
61,Prefer not to say,Finance,Canada,0.2,0.28,0.5,0.8181818181818182,0.0,0.0,0.6666666666666666,Medium,1
44,Prefer not to say,Education,Other,0.5833333333333334,0.7400000000000001,0.2,0.3454545454545454,1.0,0.6666666666666666,0.3333333333333333,High,2
33,Prefer not to say,IT,Other,0.0499999999999999,0.28,0.7000000000000001,0.7454545454545454,0.0,0.0,0.3333333333333333,Low,0
50,Non-binary,Engineering,Australia,0.2166666666666666,0.32,0.1,0.2545454545454545,0.0,0.0,0.3333333333333333,Low,0
63,Male,IT,Canada,0.85,0.5599999999999999,0.5,0.7454545454545454,0.5,0.0,1.0,Medium,1
31,Prefer not to say,Other,UK,0.25,0.16,0.7000000000000001,0.4727272727272728,0.0,0.0,0.6666666666666666,Low,1
51,Non-binary,Engineering,USA,0.8000000000000002,0.6,0.6000000000000001,0.2545454545454545,0.0,0.0,0.6666666666666666,Low,1
57,Female,Engineering,USA,0.8833333333333334,0.02,0.0,0.9272727272727272,1.0,1.0,0.3333333333333333,High,2
55,Non-binary,Other,Germany,0.5833333333333334,0.7400000000000001,0.2,0.2909090909090909,0.0,0.0,0.0,Low,0
34,Non-binary,IT,Other,0.6,0.4600000000000001,0.6000000000000001,0.3818181818181818,0.5,0.3333333333333333,0.3333333333333333,Medium,0
59,Female,Sales,Other,0.9499999999999998,0.64,0.0,0.8,1.0,0.0,0.0,Medium,2
38,Male,IT,Australia,0.6999999999999998,0.64,0.6000000000000001,0.1454545454545454,1.0,0.3333333333333333,0.6666666666666666,Medium,2
29,Prefer not to say,Sales,USA,0.6,0.04,0.8,0.7636363636363637,0.0,0.3333333333333333,0.0,Low,0
39,Male,Engineering,Germany,0.6333333333333332,0.36,0.6000000000000001,0.5272727272727272,0.5,1.0,0.0,Medium,0
37,Female,Education,Germany,0.5833333333333334,0.22,0.9,0.1454545454545454,0.0,0.0,1.0,Low,1
31,Prefer not to say,Sales,USA,0.2166666666666666,0.58,0.4,0.1818181818181818,0.5,0.0,0.0,Low,0
29,Female,IT,USA,0.25,0.88,1.0,0.3090909090909091,1.0,0.6666666666666666,0.3333333333333333,High,2
64,Prefer not to say,Sales,Australia,0.2999999999999999,0.4600000000000001,0.8,0.9272727272727272,0.5,1.0,0.6666666666666666,High,1
59,Male,Education,USA,0.7666666666666665,0.94,1.0,0.2545454545454545,1.0,0.0,0.0,Low,2
37,Male,IT,Canada,0.6,0.06,0.0,0.4727272727272728,0.5,1.0,1.0,High,1
38,Female,Finance,Australia,0.7333333333333333,0.86,0.6000000000000001,0.0363636363636363,1.0,0.3333333333333333,0.3333333333333333,Medium,2
52,Prefer not to say,Healthcare,Germany,0.2999999999999999,0.98,0.6000000000000001,0.7090909090909091,1.0,0.6666666666666666,0.3333333333333333,High,2
34,Male,Healthcare,UK,0.3833333333333332,0.7200000000000001,0.3,0.8,0.5,0.6666666666666666,0.3333333333333333,High,0
34,Non-binary,Finance,Germany,0.9,0.8000000000000002,0.8,0.2545454545454545,0.0,0.0,1.0,Low,1
43,Prefer not to say,Healthcare,Other,0.9499999999999998,0.5599999999999999,0.3,0.0909090909090909,0.0,0.0,0.6666666666666666,Low,1
32,Prefer not to say,Engineering,India,0.9,0.4,0.0,0.0909090909090909,0.5,0.0,0.0,Low,0
34,Non-binary,Engineering,Germany,0.0666666666666667,0.12,0.9,0.3090909090909091,0.5,0.3333333333333333,0.0,Low,0
39,Male,IT,India,0.2,0.96,0.5,0.1090909090909091,1.0,0.3333333333333333,0.3333333333333333,High,2
61,Male,Engineering,Canada,0.7499999999999999,0.64,0.9,0.3090909090909091,1.0,0.0,0.3333333333333333,Low,2
41,Prefer not to say,Other,Australia,0.5666666666666668,0.88,0.2,0.5454545454545454,0.5,1.0,0.3333333333333333,High,0
57,Prefer not to say,Other,USA,0.85,0.3400000000000001,0.8,0.6363636363636364,1.0,0.3333333333333333,1.0,Medium,2
37,Female,IT,India,0.7166666666666667,0.2,0.6000000000000001,0.6,0.5,1.0,0.0,Low,0
63,Prefer not to say,IT,USA,0.2666666666666666,0.88,0.6000000000000001,0.0,1.0,0.6666666666666666,0.6666666666666666,High,2
47,Non-binary,Sales,Other,0.0,0.4,0.7000000000000001,0.7454545454545454,1.0,0.0,0.6666666666666666,High,2
48,Prefer not to say,Finance,UK,0.8666666666666666,0.82,0.4,0.9636363636363636,0.0,1.0,1.0,High,1
55,Non-binary,Education,USA,0.1833333333333332,0.58,0.4,0.0363636363636363,0.5,0.6666666666666666,1.0,High,1
62,Male,Education,UK,0.2999999999999999,0.88,0.0,0.2181818181818181,0.5,0.3333333333333333,0.3333333333333333,High,0
29,Prefer not to say,Engineering,Canada,0.4666666666666667,0.5000000000000001,0.3,0.3454545454545454,0.0,0.0,0.0,Low,0
25,Non-binary,Education,Other,0.1833333333333332,0.26,0.5,0.3090909090909091,1.0,0.3333333333333333,0.3333333333333333,Medium,2
62,Non-binary,Engineering,India,0.3333333333333333,0.86,0.0,0.0727272727272727,0.0,0.0,0.0,Low,0
33,Male,Engineering,USA,0.1333333333333333,0.9,0.1,0.9272727272727272,0.5,0.3333333333333333,0.3333333333333333,High,0
38,Male,Other,Germany,0.5666666666666668,0.5200000000000001,0.9,0.8363636363636363,0.5,0.6666666666666666,0.6666666666666666,High,1
54,Male,IT,Canada,1.0,0.18,0.4,0.1272727272727272,0.5,0.3333333333333333,0.0,Low,0
60,Non-binary,Healthcare,UK,0.6666666666666666,0.9,0.5,0.890909090909091,0.0,0.6666666666666666,0.0,Medium,0
51,Male,Sales,India,0.0166666666666666,0.7000000000000001,0.1,0.0545454545454545,0.5,0.3333333333333333,1.0,High,1
41,Non-binary,Engineering,USA,0.5499999999999999,0.2,0.6000000000000001,0.9636363636363636,0.0,0.0,0.3333333333333333,Low,0
55,Prefer not to say,Sales,Canada,0.0666666666666667,0.2,1.0,0.7272727272727273,0.5,0.3333333333333333,0.3333333333333333,Medium,0
46,Prefer not to say,Education,USA,0.2,0.32,0.0,0.9272727272727272,0.0,0.6666666666666666,0.3333333333333333,High,0
55,Female,Education,Other,0.45,0.4600000000000001,0.5,0.5454545454545454,0.0,1.0,0.3333333333333333,Medium,0
34,Female,Education,Canada,0.6166666666666666,0.26,1.0,0.7636363636363637,1.0,0.3333333333333333,0.3333333333333333,Medium,2
54,Non-binary,Education,Australia,0.6833333333333332,0.22,0.6000000000000001,0.9636363636363636,0.0,0.0,0.6666666666666666,Low,1
48,Prefer not to say,IT,Australia,0.2666666666666666,0.7200000000000001,0.5,0.0181818181818181,1.0,1.0,0.6666666666666666,High,2
22,Female,Healthcare,Germany,0.5499999999999999,0.4600000000000001,0.0,0.9454545454545454,0.0,0.3333333333333333,0.0,Medium,0
33,Male,Finance,USA,0.45,0.58,0.5,0.4909090909090909,0.5,0.0,0.0,Low,0
63,Male,Engineering,Australia,0.9499999999999998,0.36,1.0,0.890909090909091,0.0,0.6666666666666666,0.6666666666666666,Medium,1
49,Prefer not to say,Sales,Canada,0.0166666666666666,0.28,0.7000000000000001,0.6,1.0,0.0,0.6666666666666666,Medium,2
31,Female,Healthcare,India,0.65,0.5200000000000001,0.1,0.7818181818181817,0.0,0.3333333333333333,0.6666666666666666,High,1
39,Non-binary,Finance,Germany,0.7333333333333333,0.32,1.0,0.6363636363636364,0.5,0.0,0.0,Low,0
45,Prefer not to say,Healthcare,USA,0.8166666666666668,0.92,0.4,0.3454545454545454,0.0,0.6666666666666666,0.3333333333333333,Medium,0
45,Female,Healthcare,USA,0.3333333333333333,0.96,0.1,0.1272727272727272,0.0,0.0,1.0,Medium,1
61,Prefer not to say,Finance,USA,0.35,0.0,0.6000000000000001,0.7090909090909091,1.0,0.3333333333333333,0.0,Medium,2
56,Prefer not to say,IT,India,0.5333333333333333,0.92,1.0,0.1636363636363636,0.5,0.3333333333333333,0.0,Low,0
58,Prefer not to say,Other,Canada,0.9666666666666668,0.32,0.8,0.8727272727272727,0.0,0.3333333333333333,1.0,Low,1
32,Prefer not to say,IT,Germany,0.0666666666666667,0.14,0.5,0.3272727272727272,0.0,0.0,1.0,Low,1
36,Prefer not to say,Engineering,Australia,0.8333333333333334,0.1,0.0,0.890909090909091,0.5,0.0,1.0,Medium,1
50,Non-binary,Finance,Canada,0.1833333333333332,0.42,1.0,0.2363636363636363,0.0,0.0,1.0,Low,1
56,Prefer not to say,Sales,Germany,0.1166666666666667,0.7000000000000001,0.7000000000000001,0.5272727272727272,1.0,0.3333333333333333,0.3333333333333333,High,2
46,Prefer not to say,IT,Canada,0.6166666666666666,0.18,0.2,0.1090909090909091,1.0,0.0,0.6666666666666666,Medium,2
63,Prefer not to say,Sales,UK,0.25,0.44,0.9,0.6909090909090909,0.5,0.6666666666666666,1.0,High,1
60,Prefer not to say,Finance,India,0.2666666666666666,0.02,0.2,0.7090909090909091,0.5,0.6666666666666666,0.6666666666666666,High,1
46,Prefer not to say,Engineering,Canada,0.2333333333333334,1.0,0.1,0.2545454545454545,0.5,0.6666666666666666,1.0,High,1
18,Male,IT,Canada,0.4833333333333333,0.24,0.1,0.8363636363636363,0.0,0.6666666666666666,0.0,Medium,0
25,Non-binary,Healthcare,Canada,0.6166666666666666,0.62,0.5,0.2181818181818181,0.0,0.0,1.0,Low,1
46,Female,Finance,Australia,0.9,0.68,0.4,0.509090909090909,1.0,1.0,0.6666666666666666,High,2
29,Prefer not to say,Sales,Germany,0.8833333333333334,0.82,0.5,0.3636363636363636,0.0,0.0,0.0,Low,0
36,Non-binary,Engineering,India,0.6,0.4800000000000001,0.4,0.1818181818181818,1.0,0.6666666666666666,0.6666666666666666,High,2
38,Non-binary,Engineering,USA,0.9,0.5400000000000001,0.9,0.7272727272727273,1.0,1.0,0.0,Medium,2
24,Prefer not to say,Other,Canada,0.8833333333333334,0.68,1.0,0.4181818181818181,1.0,1.0,0.6666666666666666,High,2
55,Prefer not to say,Education,Canada,0.5333333333333333,0.58,0.4,0.9090909090909092,1.0,1.0,0.6666666666666666,High,2
36,Non-binary,Finance,Australia,0.6166666666666666,0.12,0.9,0.9454545454545454,1.0,0.6666666666666666,0.0,Medium,2
60,Female,Healthcare,USA,1.0,0.16,1.0,0.9636363636363636,1.0,0.3333333333333333,1.0,Medium,2
43,Female,Healthcare,Australia,0.1666666666666666,0.68,0.1,0.0181818181818181,1.0,0.6666666666666666,0.0,High,2
25,Male,Healthcare,USA,0.6,0.2,0.9,0.9454545454545454,1.0,0.6666666666666666,0.0,Medium,2
42,Non-binary,Other,UK,0.8833333333333334,0.0,1.0,0.2545454545454545,0.5,0.6666666666666666,0.0,Low,0
51,Male,Finance,UK,0.3833333333333332,0.7200000000000001,0.8,0.1090909090909091,0.0,0.6666666666666666,0.6666666666666666,Medium,1
55,Non-binary,Education,USA,0.9,0.9,0.0,0.3636363636363636,1.0,0.3333333333333333,0.6666666666666666,High,2
40,Prefer not to say,Engineering,UK,0.9499999999999998,0.4800000000000001,0.0,0.2545454545454545,0.0,0.3333333333333333,0.3333333333333333,Low,0
64,Non-binary,Engineering,India,0.5333333333333333,0.82,0.5,0.6545454545454544,0.5,1.0,1.0,High,1
44,Male,Education,Canada,0.8166666666666668,0.7800000000000001,0.1,0.2363636363636363,0.5,0.3333333333333333,0.3333333333333333,Medium,0
55,Male,Other,India,0.5166666666666665,0.68,0.2,0.9272727272727272,0.5,0.0,0.6666666666666666,High,1
50,Female,Education,Germany,0.6666666666666666,0.84,0.0,0.4727272727272728,1.0,0.0,1.0,High,2
24,Female,Healthcare,USA,0.8000000000000002,0.42,0.7000000000000001,0.4909090909090909,1.0,0.0,0.3333333333333333,Low,2
42,Female,Healthcare,UK,0.2833333333333333,0.58,0.7000000000000001,0.0727272727272727,0.0,1.0,0.6666666666666666,Medium,1
21,Non-binary,IT,India,0.7833333333333331,0.82,1.0,0.0363636363636363,0.5,0.3333333333333333,0.0,Low,0
34,Female,Engineering,India,0.3833333333333332,0.7800000000000001,0.1,0.0363636363636363,0.5,0.3333333333333333,0.0,Medium,0
34,Female,Engineering,India,0.3166666666666667,0.1,0.0,0.8363636363636363,0.5,0.3333333333333333,0.6666666666666666,High,1
23,Male,IT,Canada,0.7499999999999999,0.3400000000000001,0.9,0.4181818181818181,1.0,0.0,0.0,Low,2
49,Female,Finance,UK,0.2833333333333333,0.66,0.4,0.8181818181818182,1.0,0.6666666666666666,1.0,High,2
41,Non-binary,Education,India,0.2333333333333334,0.26,0.4,0.3272727272727272,0.0,1.0,0.0,Low,0
51,Non-binary,Engineering,Australia,0.7333333333333333,0.64,0.8,0.0363636363636363,0.5,0.3333333333333333,0.0,Low,0
35,Prefer not to say,IT,USA,0.9333333333333332,0.3,0.7000000000000001,0.8727272727272727,0.5,0.3333333333333333,0.3333333333333333,Low,0
41,Male,Sales,UK,0.3166666666666667,1.0,0.2,0.3090909090909091,0.0,0.3333333333333333,0.0,Medium,0
42,Male,Healthcare,USA,0.6666666666666666,0.28,1.0,0.6181818181818182,0.5,0.0,1.0,Low,1
18,Male,IT,Other,0.4,0.2,0.0,0.6727272727272727,0.5,0.0,0.3333333333333333,Medium,0
53,Male,Finance,USA,0.2666666666666666,0.24,0.3,0.9454545454545454,1.0,1.0,1.0,High,2
54,Non-binary,Sales,Germany,0.4166666666666666,0.98,0.3,0.1818181818181818,1.0,1.0,0.6666666666666666,High,2
52,Prefer not to say,Finance,USA,0.35,0.38,0.1,0.890909090909091,1.0,1.0,0.3333333333333333,High,2
39,Male,Finance,Australia,0.7166666666666667,0.64,0.4,0.4181818181818181,0.0,0.6666666666666666,1.0,Medium,1
59,Prefer not to say,Healthcare,Australia,0.6666666666666666,0.04,0.9,0.3272727272727272,0.0,0.3333333333333333,0.6666666666666666,Low,1
60,Female,Healthcare,Australia,0.9833333333333332,0.14,0.4,0.2545454545454545,1.0,0.0,0.6666666666666666,Low,2
62,Prefer not to say,Other,India,0.85,0.66,0.2,0.2545454545454545,0.0,0.0,0.3333333333333333,Low,0
34,Male,Education,Germany,0.5333333333333333,0.94,0.6000000000000001,0.2363636363636363,0.5,0.0,0.6666666666666666,Medium,1
21,Prefer not to say,Sales,USA,0.9333333333333332,0.02,0.5,0.6545454545454544,0.5,1.0,1.0,Medium,1
59,Prefer not to say,Finance,UK,0.4999999999999999,0.42,0.8,0.3636363636363636,1.0,0.6666666666666666,0.0,Medium,2
37,Non-binary,Finance,Canada,0.0333333333333333,0.1,0.5,0.2727272727272727,1.0,1.0,1.0,High,2
65,Male,Sales,Canada,0.7666666666666665,0.36,0.7000000000000001,0.3272727272727272,1.0,0.0,0.3333333333333333,Low,2
25,Non-binary,Other,India,0.7499999999999999,0.5400000000000001,0.3,0.3090909090909091,0.0,0.6666666666666666,1.0,Medium,1
52,Male,Finance,USA,0.15,0.96,0.2,0.9454545454545454,0.0,0.6666666666666666,0.0,High,0
23,Prefer not to say,Other,Canada,0.7166666666666667,0.5400000000000001,0.0,0.7636363636363637,0.5,1.0,0.3333333333333333,High,0
51,Female,Other,Australia,0.2999999999999999,0.7000000000000001,1.0,0.4181818181818181,0.5,0.3333333333333333,0.0,Medium,0
27,Male,Sales,India,0.1833333333333332,0.7000000000000001,0.5,0.6181818181818182,1.0,1.0,0.0,High,2
27,Female,Sales,UK,0.65,1.0,0.6000000000000001,0.7636363636363637,1.0,0.0,0.6666666666666666,High,2
44,Non-binary,Engineering,UK,0.0166666666666666,0.2,0.1,0.0,1.0,0.6666666666666666,0.3333333333333333,High,2
33,Non-binary,Sales,Germany,0.85,0.22,0.5,0.6363636363636364,0.0,0.0,0.0,Low,0
18,Male,IT,Germany,0.4166666666666666,0.4600000000000001,0.7000000000000001,0.2909090909090909,0.5,0.0,1.0,Low,1
31,Non-binary,Engineering,Australia,0.0999999999999999,0.1,0.4,0.509090909090909,0.5,0.6666666666666666,1.0,High,1
20,Non-binary,Other,Other,0.25,0.4800000000000001,0.7000000000000001,0.8545454545454546,1.0,0.6666666666666666,0.6666666666666666,High,2
59,Female,Healthcare,Canada,0.2333333333333334,0.82,0.7000000000000001,0.4,1.0,1.0,0.0,High,2
59,Male,Other,Other,0.9166666666666666,0.88,0.0,0.8727272727272727,1.0,0.0,1.0,High,2
46,Male,Education,USA,0.3833333333333332,0.4800000000000001,0.8,0.3272727272727272,0.0,0.0,1.0,Low,1
53,Prefer not to say,Healthcare,USA,0.5833333333333334,0.8000000000000002,0.7000000000000001,0.3818181818181818,0.0,1.0,0.3333333333333333,Medium,0
35,Male,Healthcare,Canada,0.9166666666666666,0.94,0.6000000000000001,0.0545454545454545,0.0,1.0,0.6666666666666666,Medium,1
38,Female,Healthcare,India,0.15,0.26,0.6000000000000001,0.0181818181818181,0.5,0.6666666666666666,0.3333333333333333,Medium,0
44,Prefer not to say,Education,Germany,0.3333333333333333,0.62,0.0,0.3636363636363636,1.0,0.6666666666666666,0.6666666666666666,High,2
41,Prefer not to say,IT,USA,0.8666666666666666,0.7200000000000001,0.6000000000000001,0.5818181818181818,0.5,0.0,0.0,Low,0
39,Female,Other,Australia,0.25,0.7000000000000001,0.0,0.8545454545454546,0.0,0.3333333333333333,0.6666666666666666,High,1
26,Female,Healthcare,Germany,0.4666666666666667,0.94,0.5,0.8363636363636363,0.5,0.6666666666666666,1.0,High,1
37,Female,Other,UK,0.7333333333333333,0.4,0.2,0.6363636363636364,1.0,0.3333333333333333,0.6666666666666666,High,2
54,Male,Healthcare,India,0.6999999999999998,0.7000000000000001,0.6000000000000001,0.1454545454545454,1.0,0.6666666666666666,0.6666666666666666,High,2
50,Prefer not to say,Healthcare,Germany,0.3833333333333332,0.12,0.3,0.5272727272727272,0.0,0.0,0.3333333333333333,Low,0
35,Non-binary,Finance,Canada,0.1833333333333332,0.16,0.0,0.9090909090909092,0.0,0.3333333333333333,0.0,Medium,0
59,Non-binary,IT,Canada,0.1166666666666667,0.86,1.0,0.6727272727272727,1.0,0.6666666666666666,1.0,High,2
22,Prefer not to say,Finance,Germany,0.4833333333333333,0.5200000000000001,0.7000000000000001,0.2545454545454545,0.0,0.0,0.3333333333333333,Low,0
43,Prefer not to say,Engineering,Australia,0.9833333333333332,0.42,0.3,0.1272727272727272,1.0,0.0,1.0,Medium,2
19,Female,Education,Other,0.7666666666666665,0.94,0.7000000000000001,0.8363636363636363,0.5,0.0,1.0,Medium,1
53,Female,Sales,India,0.25,0.4,0.3,0.3090909090909091,1.0,0.0,1.0,High,2
65,Non-binary,Healthcare,Other,0.3166666666666667,0.96,0.2,0.8,0.0,0.6666666666666666,1.0,High,1
24,Male,Engineering,USA,0.9833333333333332,0.7000000000000001,0.3,0.0909090909090909,0.0,0.3333333333333333,0.6666666666666666,Medium,1
24,Female,Sales,Australia,0.0833333333333333,0.7000000000000001,0.9,0.8,1.0,0.3333333333333333,1.0,High,2
47,Non-binary,Healthcare,Germany,0.1833333333333332,0.7200000000000001,0.5,0.6909090909090909,0.0,0.0,0.0,Medium,0
37,Female,IT,UK,0.3833333333333332,0.92,0.3,0.8545454545454546,0.5,0.6666666666666666,0.0,High,0
37,Prefer not to say,Education,UK,0.7333333333333333,0.4,1.0,0.1454545454545454,1.0,1.0,0.6666666666666666,Medium,2
19,Non-binary,Education,India,0.2166666666666666,0.5599999999999999,1.0,0.8181818181818182,0.5,0.6666666666666666,0.6666666666666666,High,1
35,Prefer not to say,Finance,Germany,0.1833333333333332,0.18,0.7000000000000001,0.4363636363636363,1.0,0.3333333333333333,0.3333333333333333,Medium,2
40,Prefer not to say,Finance,USA,0.8666666666666666,0.82,0.3,0.6727272727272727,0.5,0.3333333333333333,0.3333333333333333,High,0
24,Prefer not to say,Education,India,0.6999999999999998,0.7400000000000001,0.2,0.6545454545454544,1.0,0.0,0.0,Medium,2
52,Male,Healthcare,UK,0.4999999999999999,0.32,0.3,0.5818181818181818,0.0,1.0,0.3333333333333333,Medium,0
20,Female,Finance,Other,0.8166666666666668,0.32,0.2,0.0545454545454545,0.0,0.0,0.3333333333333333,Low,0
35,Female,Engineering,Canada,0.3333333333333333,1.0,0.6000000000000001,0.4181818181818181,0.0,0.0,0.0,Low,0
48,Female,Engineering,Australia,0.9333333333333332,0.04,0.6000000000000001,0.0545454545454545,1.0,0.0,1.0,Low,2
64,Male,IT,Other,0.8833333333333334,0.5000000000000001,0.1,0.3272727272727272,0.5,0.3333333333333333,0.6666666666666666,Medium,1
64,Non-binary,Engineering,UK,0.8666666666666666,0.32,0.5,0.5272727272727272,1.0,1.0,0.3333333333333333,Medium,2
58,Prefer not to say,Healthcare,India,0.8166666666666668,0.18,0.2,0.1090909090909091,0.0,0.6666666666666666,0.3333333333333333,Low,0
30,Prefer not to say,Education,Australia,0.25,0.86,0.8,0.0545454545454545,0.5,0.3333333333333333,0.3333333333333333,Medium,0
39,Male,IT,Canada,0.0666666666666667,0.38,0.6000000000000001,0.5636363636363636,0.5,0.6666666666666666,1.0,High,1
49,Prefer not to say,Healthcare,USA,0.1166666666666667,0.98,0.0,0.9636363636363636,0.5,1.0,0.6666666666666666,High,1
49,Female,Sales,Other,0.35,0.9,0.0,0.0545454545454545,0.5,0.6666666666666666,0.3333333333333333,High,0
27,Prefer not to say,Education,UK,0.65,0.68,0.4,0.6,0.0,0.6666666666666666,0.0,Medium,0
37,Non-binary,Education,Australia,0.6,0.1,0.7000000000000001,0.5636363636363636,0.5,0.0,0.6666666666666666,Low,1
52,Male,Sales,Australia,0.1333333333333333,0.16,0.8,0.6545454545454544,0.0,0.0,0.6666666666666666,Low,1
40,Non-binary,Engineering,UK,0.0333333333333333,0.0,0.2,0.9272727272727272,0.5,0.6666666666666666,0.3333333333333333,High,0
23,Non-binary,Education,USA,0.4166666666666666,0.66,0.4,0.5272727272727272,0.5,1.0,1.0,High,1
49,Male,Sales,Germany,0.9833333333333332,0.08,0.4,0.8181818181818182,0.5,0.0,0.3333333333333333,Low,0
52,Male,Education,Germany,0.4333333333333332,0.04,0.8,0.890909090909091,0.0,0.3333333333333333,0.3333333333333333,Low,0
51,Female,Sales,USA,0.2833333333333333,0.9,0.7000000000000001,0.3636363636363636,0.5,1.0,1.0,High,1
54,Female,Healthcare,Germany,0.6833333333333332,0.68,0.9,0.3454545454545454,1.0,0.0,1.0,Medium,2
41,Prefer not to say,Healthcare,Germany,0.1333333333333333,0.7600000000000001,0.0,0.8727272727272727,1.0,1.0,0.0,High,2
61,Prefer not to say,Finance,UK,0.2166666666666666,0.36,0.4,0.6363636363636364,0.5,0.6666666666666666,0.3333333333333333,High,0
63,Prefer not to say,IT,USA,0.6833333333333332,0.3400000000000001,0.3,0.890909090909091,1.0,1.0,0.3333333333333333,High,2
63,Male,IT,Germany,0.8666666666666666,0.06,0.2,0.1454545454545454,0.0,0.0,0.0,Low,0
21,Prefer not to say,Engineering,UK,0.2999999999999999,0.94,0.2,0.7090909090909091,0.5,1.0,1.0,High,1
36,Prefer not to say,IT,USA,0.85,0.62,0.9,0.0181818181818181,1.0,1.0,0.0,Low,2
51,Prefer not to say,Engineering,Other,0.0833333333333333,0.96,0.7000000000000001,0.0,0.5,0.3333333333333333,0.3333333333333333,Medium,0
32,Male,Healthcare,Australia,0.7333333333333333,0.24,0.9,0.0181818181818181,0.0,0.0,0.0,Low,0
39,Female,IT,USA,0.65,0.7800000000000001,0.1,0.9090909090909092,0.5,1.0,0.0,High,0
30,Male,Finance,Germany,0.1333333333333333,0.5000000000000001,0.3,0.0181818181818181,0.0,1.0,1.0,High,1
30,Female,Engineering,USA,0.7499999999999999,0.68,1.0,0.2,0.5,0.0,0.6666666666666666,Low,1
21,Prefer not to say,Engineering,Canada,0.9333333333333332,0.32,0.2,0.2,0.5,0.0,0.3333333333333333,Low,0
43,Non-binary,IT,UK,0.2666666666666666,0.8000000000000002,0.5,0.7818181818181817,0.5,1.0,0.0,High,0
46,Prefer not to say,Education,India,0.5333333333333333,0.44,0.3,0.9272727272727272,0.0,0.3333333333333333,0.0,Medium,0
53,Non-binary,Sales,India,0.1333333333333333,0.24,0.3,0.2181818181818181,1.0,0.0,0.3333333333333333,Medium,2
23,Prefer not to say,Healthcare,India,0.4166666666666666,0.9,0.0,0.3090909090909091,1.0,0.6666666666666666,0.0,High,2
60,Female,Healthcare,Australia,0.6999999999999998,0.6,0.0,0.1272727272727272,0.0,0.6666666666666666,1.0,Medium,1
23,Male,Other,UK,0.6666666666666666,0.26,0.1,0.890909090909091,1.0,0.6666666666666666,1.0,High,2
21,Prefer not to say,Education,Germany,0.0999999999999999,0.66,0.0,0.8181818181818182,0.5,0.6666666666666666,0.3333333333333333,High,0
52,Female,Engineering,UK,0.85,0.5200000000000001,1.0,0.2363636363636363,0.5,0.3333333333333333,0.6666666666666666,Low,1
65,Prefer not to say,Healthcare,Canada,0.0666666666666667,0.5000000000000001,0.2,0.8727272727272727,0.0,0.0,1.0,High,1
62,Non-binary,Other,UK,0.4333333333333332,0.1,0.5,0.7272727272727273,0.0,0.6666666666666666,0.3333333333333333,Medium,0
65,Non-binary,Finance,Canada,0.0666666666666667,0.6,0.5,0.7636363636363637,0.0,0.3333333333333333,0.6666666666666666,High,1
65,Male,Education,India,0.8666666666666666,0.06,0.8,0.509090909090909,0.0,0.6666666666666666,0.0,Low,0
23,Male,Healthcare,USA,0.25,0.08,0.7000000000000001,0.7090909090909091,1.0,0.3333333333333333,0.0,Medium,2
40,Female,Education,Other,0.5333333333333333,0.3400000000000001,0.2,0.1090909090909091,0.5,0.0,0.0,Low,0
60,Non-binary,IT,Canada,0.1833333333333332,0.42,0.7000000000000001,0.2181818181818181,1.0,0.0,0.6666666666666666,Medium,2
18,Male,Sales,Germany,0.4,0.4800000000000001,0.8,0.0363636363636363,0.5,0.6666666666666666,0.0,Low,0
62,Male,Other,Australia,0.7499999999999999,0.8000000000000002,0.1,0.2909090909090909,0.0,0.3333333333333333,0.0,Low,0
38,Male,Finance,USA,0.8666666666666666,0.38,0.8,0.3272727272727272,1.0,0.6666666666666666,0.0,Low,2
48,Male,Engineering,Australia,0.2333333333333334,0.66,0.7000000000000001,0.8363636363636363,1.0,0.3333333333333333,0.3333333333333333,High,2
45,Male,Healthcare,India,0.2,0.82,0.6000000000000001,0.2181818181818181,0.0,0.0,0.6666666666666666,Medium,1
37,Non-binary,Other,Other,0.2166666666666666,0.04,0.4,0.3636363636363636,1.0,0.3333333333333333,1.0,High,2
35,Prefer not to say,Engineering,USA,0.4666666666666667,0.58,1.0,1.0,1.0,0.3333333333333333,1.0,High,2
29,Non-binary,Education,India,0.45,0.1,0.4,0.5818181818181818,0.5,0.0,0.3333333333333333,Low,0
62,Prefer not to say,Engineering,Australia,0.9666666666666668,0.3400000000000001,0.2,0.0363636363636363,0.0,0.6666666666666666,0.0,Low,0
23,Male,Sales,Canada,0.9499999999999998,0.38,0.9,0.890909090909091,0.5,0.0,0.3333333333333333,Low,0
19,Non-binary,Other,Other,0.5499999999999999,0.82,0.9,0.3818181818181818,0.5,1.0,0.6666666666666666,High,1
65,Prefer not to say,Finance,USA,0.7499999999999999,0.08,1.0,0.8727272727272727,1.0,0.3333333333333333,0.0,Low,2
27,Non-binary,Education,Other,0.6833333333333332,0.84,1.0,0.6181818181818182,0.0,0.0,0.3333333333333333,Low,0
46,Male,Finance,USA,0.5499999999999999,0.5000000000000001,0.0,0.9818181818181818,1.0,0.6666666666666666,1.0,High,2
49,Prefer not to say,Healthcare,Canada,0.5666666666666668,0.4600000000000001,1.0,0.7636363636363637,0.5,0.0,1.0,Medium,1
50,Female,Education,UK,0.6333333333333332,0.14,0.4,0.0727272727272727,0.0,0.3333333333333333,0.0,Low,0
49,Non-binary,IT,India,0.2333333333333334,0.08,0.3,0.2,0.5,1.0,0.6666666666666666,High,1
25,Non-binary,Engineering,Australia,0.0999999999999999,0.36,1.0,0.3818181818181818,0.5,0.0,0.0,Low,0
63,Male,Healthcare,Germany,0.2999999999999999,0.86,0.9,0.3818181818181818,0.5,0.0,0.3333333333333333,Medium,0
42,Male,Sales,India,0.2833333333333333,0.68,0.1,0.0181818181818181,1.0,0.0,0.6666666666666666,High,2
22,Male,Other,Other,0.9499999999999998,0.14,0.7000000000000001,0.3818181818181818,0.5,0.3333333333333333,0.3333333333333333,Low,0
24,Prefer not to say,Finance,Canada,0.1333333333333333,0.7000000000000001,0.0,0.0545454545454545,1.0,1.0,0.6666666666666666,High,2
24,Prefer not to say,Finance,India,0.2999999999999999,1.0,0.6000000000000001,0.6727272727272727,1.0,0.3333333333333333,1.0,High,2
27,Non-binary,Education,India,0.65,0.64,0.5,0.3272727272727272,0.0,0.0,1.0,Low,1
30,Male,Education,UK,0.1666666666666666,0.7400000000000001,0.8,0.9454545454545454,0.5,0.6666666666666666,0.6666666666666666,High,1
21,Male,Sales,Other,0.1833333333333332,0.68,0.9,0.7272727272727273,0.5,1.0,0.6666666666666666,High,1
30,Male,Finance,Germany,0.0166666666666666,0.7000000000000001,0.6000000000000001,0.0727272727272727,0.5,1.0,1.0,High,1
35,Male,IT,India,0.1333333333333333,0.36,0.4,0.4181818181818181,0.5,0.3333333333333333,0.6666666666666666,High,1
36,Female,Other,Other,0.45,0.4,0.8,0.2727272727272727,0.0,0.3333333333333333,0.3333333333333333,Low,0
47,Male,Education,Canada,0.3666666666666666,0.7800000000000001,0.7000000000000001,0.7090909090909091,0.0,0.6666666666666666,1.0,High,1
22,Non-binary,Healthcare,India,0.1333333333333333,0.9,0.0,0.3090909090909091,1.0,1.0,0.6666666666666666,High,2
47,Non-binary,IT,USA,0.45,0.38,0.2,0.9818181818181818,0.0,0.6666666666666666,0.3333333333333333,High,0
41,Non-binary,Healthcare,UK,0.5333333333333333,0.7600000000000001,0.3,0.3636363636363636,0.0,1.0,0.3333333333333333,High,0
22,Female,Finance,Germany,0.1833333333333332,0.66,0.6000000000000001,0.0909090909090909,0.0,0.6666666666666666,1.0,High,1
52,Prefer not to say,Healthcare,Other,0.2333333333333334,0.58,0.3,0.2909090909090909,1.0,1.0,0.6666666666666666,High,2
19,Prefer not to say,Healthcare,UK,0.5666666666666668,0.5000000000000001,0.0,0.4363636363636363,0.5,1.0,0.6666666666666666,High,1
45,Non-binary,Education,Germany,0.7166666666666667,0.7600000000000001,0.6000000000000001,0.0909090909090909,0.5,0.3333333333333333,1.0,Medium,1
27,Prefer not to say,Sales,India,0.85,0.82,0.3,0.6181818181818182,0.5,1.0,0.3333333333333333,High,0
39,Prefer not to say,Education,Germany,0.85,0.1,1.0,0.2181818181818181,0.0,1.0,0.6666666666666666,Low,1
33,Prefer not to say,Engineering,Germany,0.6666666666666666,0.5599999999999999,0.6000000000000001,0.4545454545454545,0.0,0.6666666666666666,1.0,Medium,1
27,Male,Other,Australia,0.9166666666666666,0.64,0.3,0.7090909090909091,0.0,0.6666666666666666,0.0,Medium,0
58,Female,Other,UK,0.2,0.36,0.9,0.2,0.5,0.3333333333333333,0.6666666666666666,Medium,1
60,Non-binary,IT,Germany,0.4833333333333333,0.84,0.7000000000000001,0.3818181818181818,0.5,1.0,0.6666666666666666,High,1
18,Prefer not to say,Sales,Other,0.3666666666666666,0.5400000000000001,0.6000000000000001,0.7272727272727273,1.0,1.0,0.3333333333333333,High,2
46,Prefer not to say,Other,UK,0.4,0.62,1.0,0.5272727272727272,0.0,0.0,0.3333333333333333,Low,0
31,Female,Sales,USA,0.0833333333333333,0.86,0.0,0.2545454545454545,0.0,0.3333333333333333,0.0,Medium,0
32,Male,IT,Australia,0.9499999999999998,0.96,0.3,0.5636363636363636,0.0,1.0,0.6666666666666666,High,1
65,Non-binary,Sales,India,0.0166666666666666,0.6,0.6000000000000001,0.7818181818181817,1.0,1.0,0.0,High,2
48,Male,IT,UK,0.0999999999999999,0.6,0.2,0.3818181818181818,0.0,0.0,0.3333333333333333,Medium,0
43,Non-binary,Finance,India,0.2,0.94,0.0,0.2,0.0,0.6666666666666666,0.3333333333333333,High,0
63,Prefer not to say,Sales,Other,0.6833333333333332,0.5400000000000001,0.0,0.3090909090909091,1.0,1.0,0.6666666666666666,High,2
65,Female,Sales,UK,0.9333333333333332,0.58,0.9,0.4909090909090909,0.0,0.0,1.0,Low,1
43,Prefer not to say,Healthcare,Australia,0.6666666666666666,0.32,0.3,0.7636363636363637,0.0,0.3333333333333333,1.0,Medium,1
21,Prefer not to say,Other,Australia,0.0833333333333333,0.28,0.6000000000000001,0.890909090909091,1.0,0.3333333333333333,0.6666666666666666,High,2
54,Prefer not to say,Sales,India,0.8000000000000002,0.5200000000000001,0.3,0.4363636363636363,1.0,0.6666666666666666,0.3333333333333333,High,2
51,Prefer not to say,Education,Other,0.9166666666666666,0.7400000000000001,0.2,0.6909090909090909,0.0,1.0,0.3333333333333333,High,0
31,Female,Education,India,0.4,0.88,0.6000000000000001,0.8181818181818182,0.5,0.6666666666666666,0.3333333333333333,High,0
42,Female,Sales,India,0.0333333333333333,0.7600000000000001,0.1,0.4545454545454545,0.0,0.3333333333333333,0.6666666666666666,High,1
20,Male,IT,UK,0.2666666666666666,0.32,0.2,0.3818181818181818,1.0,0.0,1.0,High,2
46,Non-binary,IT,Other,0.0999999999999999,0.08,0.5,0.0909090909090909,0.5,0.3333333333333333,1.0,Medium,1
53,Female,Other,Other,0.9,0.7200000000000001,0.1,0.9818181818181818,1.0,0.3333333333333333,0.3333333333333333,High,2
33,Female,Other,Australia,0.9166666666666666,0.62,1.0,0.8363636363636363,0.5,1.0,0.3333333333333333,Medium,0
40,Prefer not to say,Healthcare,Canada,0.2833333333333333,0.26,0.7000000000000001,0.1272727272727272,0.0,0.0,0.3333333333333333,Low,0
65,Male,Education,India,0.85,0.0,0.8,0.1818181818181818,0.0,0.0,1.0,Low,1
34,Male,IT,Canada,0.0166666666666666,0.08,0.5,0.0727272727272727,1.0,1.0,0.6666666666666666,High,2
53,Non-binary,Engineering,Germany,0.9,0.0,0.9,0.4909090909090909,1.0,0.0,0.0,Low,2
39,Prefer not to say,Finance,Germany,0.2166666666666666,0.66,0.1,0.5818181818181818,0.5,0.3333333333333333,0.6666666666666666,High,1
27,Female,Engineering,Other,0.2166666666666666,1.0,0.0,0.4545454545454545,0.0,1.0,0.0,High,0
37,Non-binary,Education,Canada,0.7166666666666667,0.84,0.4,0.6909090909090909,1.0,0.3333333333333333,1.0,High,2
42,Female,Other,Australia,0.5333333333333333,0.84,0.9,0.0181818181818181,0.0,0.0,0.0,Low,0
25,Non-binary,Finance,UK,0.9666666666666668,0.5599999999999999,0.3,0.0181818181818181,1.0,1.0,0.0,Medium,2
56,Female,IT,Canada,0.6166666666666666,0.2,0.8,0.8545454545454546,1.0,0.0,0.0,Low,2
44,Female,Finance,Other,0.6999999999999998,0.94,0.9,0.5454545454545454,0.0,1.0,1.0,Medium,1
35,Male,IT,UK,0.8666666666666666,0.84,0.9,0.9454545454545454,0.5,0.0,0.0,Low,0
28,Prefer not to say,Education,Canada,0.0,0.7200000000000001,0.1,0.9090909090909092,0.0,0.0,1.0,High,1
25,Non-binary,Healthcare,Canada,0.2166666666666666,0.44,1.0,0.890909090909091,0.0,0.0,0.0,Low,0
53,Female,IT,UK,0.7666666666666665,0.5400000000000001,0.4,0.2,1.0,1.0,0.3333333333333333,Medium,2
36,Male,Other,Germany,0.9166666666666666,0.44,0.6000000000000001,0.1272727272727272,0.0,0.6666666666666666,0.0,Low,0
61,Male,Other,UK,0.7833333333333331,0.7000000000000001,1.0,0.4181818181818181,1.0,0.3333333333333333,0.3333333333333333,Medium,2
28,Male,Education,UK,0.5833333333333334,0.9,0.2,0.890909090909091,0.0,0.6666666666666666,0.6666666666666666,High,1
34,Prefer not to say,Finance,USA,0.5833333333333334,0.04,1.0,0.3090909090909091,0.5,0.3333333333333333,0.6666666666666666,Low,1
57,Female,Sales,Germany,0.5166666666666665,0.4600000000000001,0.8,0.5636363636363636,0.0,1.0,0.6666666666666666,Medium,1
19,Male,Healthcare,Australia,0.6833333333333332,0.5599999999999999,0.5,0.2909090909090909,0.5,0.6666666666666666,0.0,Low,0
43,Prefer not to say,Finance,India,0.2833333333333333,0.5000000000000001,0.0,0.2181818181818181,0.5,0.6666666666666666,1.0,High,1
65,Non-binary,Other,Germany,0.7833333333333331,0.98,1.0,0.6181818181818182,1.0,0.0,1.0,Medium,2
29,Prefer not to say,Other,Canada,0.0833333333333333,0.8000000000000002,0.6000000000000001,0.0363636363636363,1.0,0.6666666666666666,0.0,High,2
64,Male,Education,UK,0.7333333333333333,0.02,0.6000000000000001,0.8727272727272727,1.0,1.0,1.0,High,2
26,Non-binary,Other,India,0.3166666666666667,0.3,0.8,0.8181818181818182,0.5,0.0,1.0,Medium,1
18,Prefer not to say,Other,Other,0.9833333333333332,0.86,1.0,0.2181818181818181,0.0,0.3333333333333333,1.0,Low,1
61,Male,Other,Canada,0.9333333333333332,0.5200000000000001,0.8,0.1454545454545454,1.0,0.6666666666666666,0.6666666666666666,Medium,2
41,Non-binary,Education,Germany,0.6333333333333332,0.14,0.2,0.1818181818181818,0.0,1.0,0.6666666666666666,Medium,1
29,Male,Engineering,UK,0.2666666666666666,0.26,0.9,0.6,0.0,0.0,1.0,Low,1
42,Female,IT,Other,0.4333333333333332,0.3400000000000001,0.7000000000000001,0.0,0.5,1.0,0.6666666666666666,Medium,1
57,Male,Sales,Canada,0.5499999999999999,1.0,0.0,0.1272727272727272,0.0,0.6666666666666666,1.0,High,1
36,Prefer not to say,IT,Other,0.85,0.28,0.3,0.5454545454545454,0.0,1.0,1.0,Medium,1
62,Non-binary,Healthcare,Germany,0.7666666666666665,0.3400000000000001,0.8,0.2727272727272727,0.0,0.3333333333333333,1.0,Low,1
21,Female,Finance,Germany,0.9666666666666668,0.18,0.8,0.0545454545454545,0.5,0.0,0.6666666666666666,Low,1
27,Non-binary,IT,India,0.1333333333333333,0.7200000000000001,0.2,0.0363636363636363,1.0,0.6666666666666666,0.3333333333333333,High,2
64,Female,Sales,India,0.5166666666666665,0.58,0.0,0.2727272727272727,1.0,1.0,0.6666666666666666,High,2
62,Non-binary,Education,India,0.2999999999999999,0.64,0.5,1.0,0.5,0.0,1.0,High,1
44,Male,Finance,Germany,0.35,0.6,0.1,0.8,1.0,0.0,0.6666666666666666,High,2
54,Female,Education,Australia,0.2833333333333333,0.8000000000000002,0.2,0.0545454545454545,0.0,0.3333333333333333,0.0,Medium,0
51,Prefer not to say,Sales,Other,0.8666666666666666,0.7800000000000001,0.8,0.3090909090909091,1.0,0.3333333333333333,0.0,Low,2
62,Non-binary,Other,UK,0.7166666666666667,0.66,0.6000000000000001,0.509090909090909,0.0,0.3333333333333333,0.0,Low,0
63,Non-binary,Education,Canada,0.2999999999999999,0.5200000000000001,0.0,0.5454545454545454,0.5,0.0,0.6666666666666666,High,1
33,Non-binary,Healthcare,Canada,0.2666666666666666,0.4600000000000001,1.0,0.2363636363636363,1.0,0.0,0.0,Low,2
65,Prefer not to say,Engineering,India,0.8833333333333334,0.28,0.9,0.509090909090909,0.0,0.3333333333333333,0.6666666666666666,Low,1
21,Male,Education,UK,0.6166666666666666,0.14,0.9,0.4909090909090909,0.5,1.0,1.0,Medium,1
31,Female,IT,UK,0.6666666666666666,0.3400000000000001,0.1,0.6363636363636364,1.0,0.3333333333333333,1.0,High,2
63,Male,Other,Other,0.25,0.32,0.5,0.4363636363636363,0.0,0.3333333333333333,1.0,Medium,1
18,Non-binary,IT,Germany,0.9833333333333332,0.5599999999999999,0.3,0.3454545454545454,1.0,1.0,1.0,High,2
58,Female,Other,India,0.3333333333333333,0.06,0.5,0.9454545454545454,0.0,0.6666666666666666,0.3333333333333333,Medium,0
62,Female,Education,Germany,0.6999999999999998,0.92,0.7000000000000001,0.0909090909090909,0.5,0.6666666666666666,1.0,Medium,1
41,Male,Other,Australia,0.5666666666666668,0.5400000000000001,0.2,0.3090909090909091,1.0,0.6666666666666666,0.6666666666666666,High,2
54,Male,Finance,Australia,0.5666666666666668,0.14,0.0,0.7818181818181817,1.0,0.3333333333333333,1.0,High,2
37,Non-binary,Other,Other,0.0666666666666667,0.5000000000000001,0.0,0.1090909090909091,1.0,1.0,0.6666666666666666,High,2
31,Prefer not to say,Healthcare,Australia,0.2999999999999999,0.08,0.1,0.3636363636363636,1.0,0.6666666666666666,1.0,High,2
41,Female,Education,Canada,0.8333333333333334,0.6,0.8,0.0727272727272727,1.0,0.6666666666666666,0.6666666666666666,Medium,2
52,Non-binary,Healthcare,UK,0.4166666666666666,0.04,0.6000000000000001,0.1090909090909091,0.0,1.0,0.0,Low,0
47,Male,IT,Germany,0.0833333333333333,0.7200000000000001,0.1,0.0363636363636363,1.0,1.0,0.0,High,2
26,Male,Engineering,USA,0.7333333333333333,0.5000000000000001,0.6000000000000001,0.7454545454545454,0.5,0.6666666666666666,0.6666666666666666,High,1
59,Non-binary,Healthcare,UK,0.6,0.5200000000000001,0.5,0.4363636363636363,0.5,0.6666666666666666,0.6666666666666666,High,1
46,Male,Other,Other,0.8166666666666668,0.24,0.8,0.0363636363636363,0.0,0.3333333333333333,0.0,Low,0
37,Prefer not to say,IT,Other,0.4333333333333332,0.2,0.1,0.9454545454545454,0.5,0.6666666666666666,0.3333333333333333,High,0
41,Prefer not to say,Engineering,UK,0.6333333333333332,0.28,0.4,0.6545454545454544,0.0,1.0,0.6666666666666666,Medium,1
40,Prefer not to say,IT,Australia,0.2333333333333334,0.82,0.6000000000000001,0.4363636363636363,1.0,0.6666666666666666,0.6666666666666666,High,2
19,Non-binary,Sales,USA,0.0499999999999999,0.28,0.0,0.5272727272727272,0.0,0.0,0.0,Low,0
25,Non-binary,Finance,UK,0.4666666666666667,0.22,0.3,0.9454545454545454,0.5,0.3333333333333333,0.0,Medium,0
34,Female,IT,Australia,0.85,0.36,0.0,0.2727272727272727,1.0,0.3333333333333333,0.3333333333333333,Medium,2
18,Male,Education,Germany,0.25,0.7000000000000001,0.8,0.2727272727272727,0.5,0.6666666666666666,0.0,Medium,0
49,Female,Education,USA,0.7666666666666665,0.04,0.5,0.0363636363636363,0.0,0.6666666666666666,0.0,Low,0
24,Non-binary,Engineering,UK,0.15,0.64,0.6000000000000001,0.5454545454545454,1.0,0.6666666666666666,0.6666666666666666,High,2
37,Female,Engineering,USA,0.1666666666666666,0.18,0.2,0.6909090909090909,0.5,1.0,0.0,High,0
36,Female,Finance,Australia,0.9499999999999998,1.0,0.1,0.8727272727272727,0.0,0.3333333333333333,1.0,High,1
59,Prefer not to say,Education,India,0.8166666666666668,0.06,0.0,0.6,0.0,1.0,0.6666666666666666,Medium,1
59,Prefer not to say,IT,USA,0.5833333333333334,0.66,0.0,0.8545454545454546,1.0,0.3333333333333333,0.3333333333333333,High,2
34,Non-binary,IT,Other,0.4833333333333333,0.7200000000000001,0.6000000000000001,0.9454545454545454,0.0,0.3333333333333333,0.0,Medium,0
24,Non-binary,Healthcare,India,0.0833333333333333,0.42,0.4,0.5272727272727272,1.0,0.6666666666666666,1.0,High,2
25,Female,Sales,India,0.9,0.26,0.7000000000000001,0.9454545454545454,0.0,0.0,0.3333333333333333,Low,0
28,Female,Other,India,0.1666666666666666,0.8000000000000002,0.4,0.8181818181818182,1.0,0.3333333333333333,0.6666666666666666,High,2
33,Prefer not to say,Education,Germany,0.4666666666666667,0.7800000000000001,0.1,0.2909090909090909,0.0,1.0,0.0,Medium,0
27,Female,IT,Canada,0.9,0.1,0.5,0.0727272727272727,0.5,0.0,1.0,Low,1
38,Male,Finance,Germany,0.6999999999999998,0.9,0.8,0.8545454545454546,1.0,0.6666666666666666,0.3333333333333333,High,2
20,Prefer not to say,Education,India,0.2999999999999999,0.08,0.0,0.7636363636363637,1.0,0.0,1.0,High,2
18,Non-binary,Engineering,UK,0.8833333333333334,0.32,0.4,0.8545454545454546,0.5,0.0,0.0,Low,0
34,Male,Healthcare,Canada,0.5499999999999999,0.94,0.1,0.4727272727272728,0.0,0.6666666666666666,0.6666666666666666,High,1
61,Male,Education,Other,0.9833333333333332,0.92,0.8,0.3090909090909091,1.0,0.3333333333333333,1.0,Medium,2
23,Prefer not to say,Engineering,Other,0.15,0.24,0.3,0.9454545454545454,0.0,1.0,0.6666666666666666,High,1
64,Male,Engineering,USA,0.4666666666666667,0.38,0.9,0.3454545454545454,0.0,1.0,0.6666666666666666,Medium,1
18,Non-binary,Education,Australia,0.7666666666666665,0.04,1.0,0.6363636363636364,1.0,0.6666666666666666,0.6666666666666666,Medium,2
56,Prefer not to say,Finance,India,0.0166666666666666,0.36,0.8,0.8,1.0,0.3333333333333333,0.3333333333333333,High,2
45,Male,Other,India,0.2166666666666666,0.92,0.3,0.6,0.5,0.6666666666666666,0.0,High,0
61,Female,Education,Other,0.7499999999999999,0.8000000000000002,0.2,0.0363636363636363,0.0,0.6666666666666666,0.3333333333333333,Medium,0
29,Prefer not to say,IT,Canada,0.3833333333333332,0.12,0.1,0.8,0.5,0.6666666666666666,0.3333333333333333,High,0
33,Non-binary,Education,Australia,0.6666666666666666,0.88,0.8,0.509090909090909,0.5,0.3333333333333333,0.0,Low,0
51,Non-binary,Engineering,UK,0.8833333333333334,0.66,0.7000000000000001,0.9636363636363636,0.0,1.0,0.3333333333333333,Medium,0
56,Non-binary,Healthcare,USA,0.85,0.28,0.3,0.5272727272727272,0.5,0.3333333333333333,0.0,Low,0
53,Non-binary,IT,UK,0.8333333333333334,0.14,0.7000000000000001,0.0727272727272727,0.0,1.0,1.0,Low,1
33,Male,Other,India,0.2999999999999999,0.6,0.0,0.3818181818181818,0.0,0.3333333333333333,0.0,Medium,0
33,Female,Sales,USA,0.6166666666666666,0.82,0.8,0.6909090909090909,1.0,1.0,0.3333333333333333,High,2
19,Prefer not to say,Finance,USA,0.5333333333333333,0.9,0.4,0.9636363636363636,0.5,0.6666666666666666,0.6666666666666666,High,1
45,Female,IT,Australia,0.2333333333333334,0.94,0.7000000000000001,0.5818181818181818,1.0,0.0,1.0,High,2
41,Male,Finance,India,1.0,0.04,0.7000000000000001,0.5818181818181818,0.0,0.6666666666666666,0.3333333333333333,Low,0
50,Prefer not to say,Healthcare,Australia,0.0166666666666666,0.4,0.0,0.0727272727272727,0.5,1.0,0.6666666666666666,High,1
39,Female,IT,India,0.8166666666666668,1.0,0.3,0.9636363636363636,1.0,0.3333333333333333,0.0,High,2
53,Prefer not to say,Engineering,India,0.6,0.16,0.2,0.1272727272727272,0.0,0.0,0.3333333333333333,Low,0
58,Male,Other,Canada,0.3166666666666667,0.08,1.0,0.7636363636363637,0.5,0.0,1.0,Medium,1
42,Male,Healthcare,Germany,0.2666666666666666,0.9,0.1,0.0181818181818181,0.5,1.0,0.0,High,0
60,Prefer not to say,Finance,Canada,0.0166666666666666,0.8000000000000002,0.0,0.4545454545454545,1.0,0.0,0.0,High,2
40,Female,Education,Australia,1.0,0.58,1.0,0.7636363636363637,1.0,1.0,1.0,High,2
48,Non-binary,IT,Australia,0.5166666666666665,0.12,0.3,0.4,1.0,0.3333333333333333,1.0,High,2
27,Non-binary,Engineering,UK,0.15,0.58,0.9,0.7818181818181817,0.5,0.3333333333333333,1.0,High,1
54,Female,Sales,USA,0.3666666666666666,0.88,0.9,0.5454545454545454,0.5,1.0,0.0,Medium,0
65,Male,Education,Australia,0.6333333333333332,0.92,0.5,0.7818181818181817,0.0,1.0,1.0,High,1
52,Male,Finance,India,0.1166666666666667,0.92,0.3,0.6545454545454544,0.0,0.0,1.0,High,1
21,Female,Sales,UK,0.9,0.8000000000000002,0.0,0.2181818181818181,0.5,1.0,1.0,High,1
20,Female,Finance,UK,0.6166666666666666,0.66,0.1,0.6545454545454544,0.0,0.3333333333333333,0.0,Medium,0
56,Prefer not to say,Finance,Germany,0.7833333333333331,0.28,0.5,0.6727272727272727,1.0,1.0,0.6666666666666666,High,2
60,Prefer not to say,Engineering,India,0.45,0.5000000000000001,0.8,0.5818181818181818,0.5,0.0,0.0,Low,0
58,Prefer not to say,IT,India,0.7666666666666665,0.98,0.4,0.0909090909090909,1.0,0.3333333333333333,0.3333333333333333,Medium,2
51,Non-binary,Finance,Canada,0.0166666666666666,0.62,0.6000000000000001,0.1272727272727272,0.0,0.3333333333333333,1.0,Medium,1
33,Prefer not to say,Other,India,0.2166666666666666,0.62,0.2,0.4545454545454545,0.5,1.0,0.0,High,0
30,Female,Other,India,0.25,0.3,0.1,0.8363636363636363,1.0,0.3333333333333333,0.0,High,2
43,Female,IT,Germany,0.6333333333333332,0.02,1.0,0.3454545454545454,0.5,1.0,0.6666666666666666,Medium,1
46,Non-binary,Engineering,Australia,0.1333333333333333,0.66,0.2,0.8363636363636363,0.0,1.0,0.0,High,0
45,Non-binary,Education,UK,0.8166666666666668,0.4800000000000001,0.7000000000000001,0.0909090909090909,0.5,0.6666666666666666,0.0,Low,0
59,Male,Sales,USA,0.35,0.02,0.1,0.8,1.0,0.0,0.6666666666666666,High,2
61,Male,Other,Australia,1.0,0.5400000000000001,0.0,0.5272727272727272,0.0,0.0,0.3333333333333333,Low,0
53,Male,Healthcare,UK,0.5499999999999999,0.2,0.9,0.7636363636363637,0.0,0.0,0.6666666666666666,Low,1
39,Male,Education,Germany,0.5666666666666668,0.92,0.7000000000000001,0.0909090909090909,0.0,0.3333333333333333,0.3333333333333333,Low,0
45,Female,Finance,Canada,0.15,0.24,0.4,0.6727272727272727,0.0,0.0,1.0,Medium,1
57,Female,Education,USA,0.85,0.2,0.8,0.3818181818181818,1.0,0.0,0.0,Low,2
28,Female,Education,Canada,0.3333333333333333,0.1,0.8,0.1818181818181818,0.5,0.3333333333333333,0.6666666666666666,Low,1
25,Prefer not to say,Finance,USA,0.7333333333333333,0.7400000000000001,0.5,0.9090909090909092,1.0,0.0,0.0,Medium,2
19,Male,Finance,Australia,0.35,0.92,1.0,0.2363636363636363,0.5,1.0,0.3333333333333333,Medium,0
60,Non-binary,Sales,Australia,0.45,0.4600000000000001,0.1,0.8363636363636363,1.0,1.0,1.0,High,2
35,Non-binary,Finance,Australia,0.9,0.62,0.6000000000000001,0.6,1.0,1.0,1.0,High,2
18,Non-binary,IT,India,0.8333333333333334,1.0,0.1,0.3636363636363636,0.5,0.3333333333333333,1.0,High,1
46,Male,Engineering,Australia,0.45,0.38,0.5,0.9636363636363636,0.5,0.3333333333333333,0.0,Medium,0
19,Female,Sales,Australia,0.9333333333333332,0.9,0.2,0.4727272727272728,1.0,1.0,0.3333333333333333,High,2
38,Female,Healthcare,USA,0.6999999999999998,0.04,0.9,0.509090909090909,0.5,0.3333333333333333,0.0,Low,0
61,Prefer not to say,Finance,India,0.6999999999999998,0.44,0.1,0.890909090909091,1.0,1.0,0.0,High,2
22,Non-binary,Education,Canada,0.3333333333333333,0.08,0.4,0.4727272727272728,0.0,0.3333333333333333,0.0,Low,0
18,Prefer not to say,IT,Other,0.0166666666666666,0.44,0.9,0.890909090909091,0.0,0.3333333333333333,0.3333333333333333,Medium,0
63,Male,Other,Canada,0.6999999999999998,0.4800000000000001,0.9,0.0363636363636363,0.5,0.6666666666666666,0.0,Low,0
62,Male,Engineering,India,0.5499999999999999,0.4800000000000001,0.0,0.9090909090909092,0.5,0.6666666666666666,0.0,High,0
42,Prefer not to say,Healthcare,Australia,0.7333333333333333,0.7200000000000001,0.0,0.1454545454545454,0.0,0.0,0.3333333333333333,Low,0
46,Prefer not to say,Other,USA,0.4833333333333333,0.36,0.4,0.0909090909090909,0.5,1.0,0.3333333333333333,Medium,0
57,Female,Sales,Germany,0.8333333333333334,0.14,0.0,0.4909090909090909,1.0,0.6666666666666666,1.0,High,2
59,Female,Education,Other,0.9666666666666668,0.12,0.7000000000000001,0.2363636363636363,0.5,0.3333333333333333,0.0,Low,0
36,Prefer not to say,Engineering,Other,0.6166666666666666,0.36,0.6000000000000001,0.6,1.0,1.0,0.3333333333333333,High,2
36,Female,Engineering,Canada,0.4,0.7200000000000001,0.7000000000000001,0.3090909090909091,0.5,0.3333333333333333,0.0,Low,0
60,Male,Other,Australia,0.0,0.96,0.3,0.8,1.0,0.0,0.6666666666666666,High,2
65,Prefer not to say,Education,Germany,0.7666666666666665,0.08,0.7000000000000001,0.1818181818181818,0.5,1.0,1.0,Low,1
42,Prefer not to say,Engineering,India,0.4999999999999999,0.6,0.7000000000000001,0.0727272727272727,0.0,0.3333333333333333,0.3333333333333333,Low,0
63,Male,Other,UK,0.85,0.4800000000000001,1.0,0.2909090909090909,0.0,0.3333333333333333,0.3333333333333333,Low,0
31,Female,Engineering,Germany,0.9666666666666668,0.44,1.0,0.8,0.5,0.3333333333333333,0.0,Low,0
51,Non-binary,Sales,Other,0.2,0.1,1.0,0.4909090909090909,0.0,1.0,0.6666666666666666,Medium,1
62,Prefer not to say,Engineering,India,0.3666666666666666,0.82,0.3,0.4181818181818181,1.0,0.3333333333333333,0.6666666666666666,High,2
23,Female,Sales,Canada,0.2333333333333334,0.26,0.0,0.6181818181818182,0.5,0.6666666666666666,0.3333333333333333,High,0
45,Prefer not to say,Healthcare,Other,0.4666666666666667,0.7800000000000001,0.7000000000000001,0.3090909090909091,1.0,0.3333333333333333,0.3333333333333333,Medium,2
57,Male,Sales,Canada,0.45,0.18,0.3,0.8727272727272727,0.0,0.0,0.6666666666666666,Medium,1
38,Non-binary,Sales,Canada,0.9,0.44,1.0,0.0,1.0,1.0,0.0,Low,2
61,Female,Finance,Germany,0.0499999999999999,0.4,0.4,0.509090909090909,1.0,1.0,1.0,High,2
65,Non-binary,Sales,India,0.3666666666666666,0.32,0.4,0.7272727272727273,0.5,0.6666666666666666,0.6666666666666666,High,1
59,Female,Engineering,Australia,0.6833333333333332,0.9,0.4,0.6363636363636364,0.5,0.0,0.6666666666666666,Medium,1
57,Male,Engineering,Other,0.0666666666666667,0.32,0.9,0.4545454545454545,0.0,0.0,0.3333333333333333,Low,0
28,Non-binary,Engineering,Canada,0.0333333333333333,0.44,0.0,0.9636363636363636,0.5,0.0,1.0,High,1
33,Prefer not to say,Sales,Canada,0.2833333333333333,1.0,0.5,0.8,1.0,0.3333333333333333,0.0,High,2
42,Female,Sales,Other,0.8166666666666668,0.9,0.2,0.8181818181818182,0.0,0.3333333333333333,1.0,High,1
34,Non-binary,Finance,Other,0.4166666666666666,0.7600000000000001,0.8,0.7272727272727273,1.0,0.3333333333333333,0.3333333333333333,High,2
65,Male,Sales,Germany,0.0166666666666666,0.92,0.7000000000000001,0.1636363636363636,1.0,0.6666666666666666,1.0,High,2
24,Female,IT,Canada,0.85,0.28,0.9,0.2,0.5,0.0,0.6666666666666666,Low,1
60,Male,Education,USA,0.1833333333333332,0.32,0.4,0.7454545454545454,1.0,0.3333333333333333,1.0,High,2
57,Female,IT,UK,0.8666666666666666,0.84,0.8,0.3636363636363636,1.0,1.0,0.6666666666666666,High,2
30,Female,Engineering,Australia,0.0999999999999999,0.42,0.2,0.890909090909091,1.0,1.0,0.0,High,2
46,Prefer not to say,Sales,Other,0.7333333333333333,0.7000000000000001,1.0,0.0,1.0,0.6666666666666666,0.3333333333333333,Medium,2
25,Non-binary,Sales,Germany,0.25,0.4600000000000001,0.6000000000000001,0.8545454545454546,0.5,1.0,0.3333333333333333,High,0
45,Female,Finance,Other,0.9,0.2,0.3,0.0181818181818181,1.0,0.3333333333333333,1.0,Medium,2
65,Prefer not to say,Education,UK,0.5666666666666668,0.64,0.1,0.3454545454545454,0.5,1.0,0.6666666666666666,High,1
24,Male,Finance,Other,0.85,0.64,1.0,0.8727272727272727,1.0,0.6666666666666666,1.0,High,2
62,Prefer not to say,Education,Germany,0.8166666666666668,0.7000000000000001,0.7000000000000001,0.7818181818181817,0.5,0.0,0.0,Low,0
28,Male,Sales,USA,0.4333333333333332,0.7400000000000001,0.3,0.6,0.0,0.6666666666666666,0.3333333333333333,High,0
25,Male,Engineering,Other,0.6,0.64,0.0,0.8363636363636363,0.5,0.3333333333333333,1.0,High,1
51,Male,Education,Germany,0.5333333333333333,0.04,0.5,0.4545454545454545,0.5,0.0,0.0,Low,0
42,Male,IT,UK,0.9,0.5000000000000001,0.3,0.7272727272727273,1.0,0.3333333333333333,0.3333333333333333,High,2
64,Female,Other,Other,0.0999999999999999,0.3400000000000001,1.0,0.4363636363636363,0.0,0.3333333333333333,1.0,Medium,1
36,Prefer not to say,Other,India,0.4,0.7600000000000001,0.6000000000000001,0.3454545454545454,0.5,0.6666666666666666,0.3333333333333333,High,0
46,Non-binary,IT,Canada,0.7333333333333333,0.6,0.2,0.7454545454545454,1.0,0.3333333333333333,1.0,High,2
38,Prefer not to say,Sales,UK,0.2999999999999999,0.92,0.8,0.8727272727272727,1.0,0.6666666666666666,0.3333333333333333,High,2
44,Non-binary,Sales,India,0.6,0.7800000000000001,1.0,0.9090909090909092,1.0,0.6666666666666666,0.3333333333333333,High,2
49,Female,Finance,Other,0.3666666666666666,0.7600000000000001,1.0,0.6181818181818182,0.5,1.0,0.0,Medium,0
48,Prefer not to say,Healthcare,India,0.4833333333333333,0.58,0.2,0.0181818181818181,0.5,0.6666666666666666,1.0,High,1
37,Non-binary,IT,USA,0.8000000000000002,0.3400000000000001,0.3,0.0181818181818181,1.0,1.0,1.0,High,2
43,Male,IT,Canada,0.3833333333333332,0.38,0.8,0.8,0.0,0.3333333333333333,0.6666666666666666,Medium,1
48,Male,Other,Germany,0.7499999999999999,0.14,0.4,0.3272727272727272,0.0,0.3333333333333333,1.0,Low,1
48,Male,Engineering,India,0.0333333333333333,0.5599999999999999,0.4,0.6727272727272727,0.5,0.3333333333333333,0.6666666666666666,High,1
58,Prefer not to say,IT,Canada,0.2833333333333333,0.26,0.7000000000000001,0.5818181818181818,0.0,0.0,1.0,Low,1
28,Female,Other,Germany,0.7833333333333331,0.6,0.0,0.9090909090909092,0.0,0.6666666666666666,0.0,Medium,0
56,Prefer not to say,Sales,Germany,0.1833333333333332,0.8000000000000002,1.0,0.5818181818181818,0.0,0.0,1.0,Medium,1
35,Male,Education,Other,0.3166666666666667,0.04,0.1,0.6363636363636364,0.5,0.3333333333333333,1.0,High,1
21,Male,Healthcare,Germany,0.65,0.12,0.7000000000000001,0.3272727272727272,0.0,0.3333333333333333,1.0,Low,1
33,Non-binary,IT,Canada,0.8333333333333334,0.0,0.4,0.2545454545454545,1.0,0.0,0.3333333333333333,Low,2
21,Male,Engineering,India,0.7666666666666665,0.88,0.8,0.3454545454545454,1.0,0.3333333333333333,0.3333333333333333,Medium,2
55,Non-binary,Education,Other,0.6333333333333332,0.42,0.3,0.3272727272727272,0.5,0.6666666666666666,1.0,High,1
34,Prefer not to say,IT,India,0.6,0.7600000000000001,0.3,0.1090909090909091,0.0,0.3333333333333333,0.3333333333333333,Medium,0
42,Prefer not to say,IT,Other,0.6333333333333332,0.22,0.6000000000000001,0.890909090909091,1.0,0.0,0.3333333333333333,Medium,2
56,Prefer not to say,IT,USA,0.4,0.2,0.9,0.4545454545454545,0.0,1.0,0.3333333333333333,Low,0
25,Male,Finance,Australia,0.7499999999999999,0.7600000000000001,0.9,0.3090909090909091,1.0,0.3333333333333333,0.6666666666666666,Medium,2
52,Female,Healthcare,UK,0.15,0.22,0.0,0.6909090909090909,1.0,0.0,1.0,High,2
61,Male,Education,Other,0.3333333333333333,0.24,0.3,0.0727272727272727,0.5,0.6666666666666666,0.3333333333333333,Medium,0
64,Female,IT,Canada,0.85,0.5000000000000001,0.6000000000000001,0.5454545454545454,1.0,0.0,0.0,Low,2
32,Prefer not to say,Healthcare,Canada,0.1333333333333333,0.16,0.2,0.6545454545454544,0.0,0.0,0.0,Low,0
29,Prefer not to say,Finance,India,0.3833333333333332,0.5200000000000001,0.2,0.4727272727272728,1.0,0.0,0.0,Medium,2
63,Non-binary,Healthcare,India,0.1166666666666667,0.98,0.9,0.4727272727272728,1.0,0.0,0.0,Medium,2
56,Female,Other,Germany,0.35,0.7200000000000001,0.9,0.8727272727272727,0.0,0.6666666666666666,1.0,High,1
60,Non-binary,Other,Canada,0.7666666666666665,0.7400000000000001,0.8,0.0363636363636363,1.0,0.0,0.0,Low,2
44,Prefer not to say,IT,Canada,0.1666666666666666,0.58,0.5,0.7090909090909091,1.0,0.3333333333333333,0.0,High,2
65,Prefer not to say,Engineering,Other,0.25,0.9,0.2,0.0727272727272727,1.0,1.0,0.0,High,2
44,Non-binary,IT,Australia,0.0999999999999999,0.64,0.8,0.3636363636363636,0.5,0.6666666666666666,0.6666666666666666,High,1
63,Prefer not to say,IT,UK,0.15,0.5200000000000001,0.6000000000000001,0.9272727272727272,1.0,0.3333333333333333,0.0,High,2
19,Female,Engineering,Other,0.9,0.7400000000000001,0.7000000000000001,0.509090909090909,0.5,0.0,0.0,Low,0
20,Female,Finance,India,0.4166666666666666,0.12,0.2,0.7272727272727273,0.0,0.3333333333333333,0.3333333333333333,Medium,0
46,Prefer not to say,Healthcare,UK,0.1166666666666667,0.66,0.9,0.3818181818181818,0.0,1.0,1.0,High,1
28,Prefer not to say,Healthcare,India,0.4833333333333333,0.12,1.0,0.6181818181818182,0.0,0.3333333333333333,0.0,Low,0
38,Prefer not to say,Finance,Canada,0.4,0.94,0.4,0.9818181818181818,1.0,0.6666666666666666,1.0,High,2
59,Prefer not to say,Finance,Other,0.65,0.5000000000000001,0.3,0.3818181818181818,1.0,0.6666666666666666,0.3333333333333333,High,2
44,Prefer not to say,Education,Other,0.0499999999999999,0.96,1.0,0.509090909090909,0.5,0.6666666666666666,1.0,High,1
43,Non-binary,Other,Other,0.0666666666666667,0.42,0.5,0.6363636363636364,1.0,0.0,0.0,Medium,2
31,Prefer not to say,Healthcare,Canada,0.0833333333333333,0.4600000000000001,1.0,0.8181818181818182,1.0,0.0,1.0,High,2
55,Male,Education,Other,0.8000000000000002,0.44,0.3,0.8727272727272727,1.0,0.0,1.0,High,2
49,Female,Engineering,Germany,0.7666666666666665,0.08,0.8,0.3454545454545454,1.0,0.6666666666666666,1.0,Medium,2
62,Non-binary,Other,Germany,0.0499999999999999,0.0,0.9,0.6,1.0,0.3333333333333333,0.3333333333333333,Medium,2
62,Prefer not to say,IT,UK,0.6666666666666666,0.96,0.5,0.2545454545454545,0.0,1.0,1.0,Medium,1
53,Prefer not to say,Sales,Other,0.8166666666666668,0.5000000000000001,0.5,0.5818181818181818,0.5,0.0,0.3333333333333333,Low,0
28,Male,IT,Canada,0.6999999999999998,0.82,1.0,0.2181818181818181,0.5,0.0,1.0,Low,1
43,Prefer not to say,Healthcare,Canada,0.9166666666666666,0.94,0.4,0.5636363636363636,1.0,1.0,1.0,High,2
19,Female,Education,Australia,0.2166666666666666,0.08,0.9,0.3090909090909091,0.0,0.0,0.3333333333333333,Low,0
20,Male,Healthcare,Australia,0.6166666666666666,0.58,0.7000000000000001,0.1090909090909091,1.0,0.3333333333333333,0.6666666666666666,Medium,2
41,Female,Other,Australia,1.0,0.7000000000000001,0.1,0.9272727272727272,0.0,0.3333333333333333,0.0,Medium,0
64,Female,Finance,India,0.4833333333333333,0.1,0.5,0.890909090909091,0.5,1.0,0.0,Medium,0
39,Female,Finance,Australia,0.9499999999999998,0.28,0.4,0.3636363636363636,0.0,0.3333333333333333,1.0,Low,1
50,Prefer not to say,Finance,USA,0.0666666666666667,0.5599999999999999,0.9,0.1090909090909091,1.0,0.3333333333333333,0.3333333333333333,Medium,2
50,Non-binary,IT,UK,0.85,0.5000000000000001,0.7000000000000001,0.6181818181818182,1.0,0.3333333333333333,0.0,Low,2
65,Female,Healthcare,India,0.4166666666666666,1.0,0.2,0.6363636363636364,0.0,0.6666666666666666,1.0,High,1
22,Female,IT,India,0.6333333333333332,0.38,0.7000000000000001,0.1636363636363636,0.0,0.0,1.0,Low,1
62,Prefer not to say,Healthcare,Canada,0.2999999999999999,0.28,0.7000000000000001,0.0727272727272727,0.0,0.6666666666666666,0.0,Low,0
48,Non-binary,Other,Other,0.6333333333333332,0.98,0.6000000000000001,0.4,0.0,1.0,0.6666666666666666,High,1
29,Female,Education,Canada,0.85,0.5599999999999999,1.0,0.8363636363636363,0.5,0.3333333333333333,0.6666666666666666,Medium,1
19,Male,Sales,Canada,0.4,0.44,0.8,0.2545454545454545,0.5,0.0,0.6666666666666666,Low,1
63,Prefer not to say,IT,Germany,0.9,0.5599999999999999,0.5,0.1090909090909091,0.5,1.0,0.6666666666666666,Medium,1
33,Male,Finance,Germany,0.4333333333333332,0.96,0.0,0.890909090909091,1.0,0.0,0.3333333333333333,High,2
64,Prefer not to say,Engineering,Other,0.3333333333333333,0.2,1.0,0.1090909090909091,0.0,0.0,1.0,Low,1
49,Male,Healthcare,Other,0.3833333333333332,0.84,0.1,0.7090909090909091,0.5,1.0,0.3333333333333333,High,0
30,Non-binary,Healthcare,India,0.7499999999999999,0.7000000000000001,0.7000000000000001,0.9454545454545454,1.0,0.6666666666666666,1.0,High,2
35,Female,Education,Canada,0.4833333333333333,0.84,1.0,0.5454545454545454,1.0,1.0,1.0,High,2
47,Non-binary,Other,USA,0.4333333333333332,0.16,0.0,0.4181818181818181,0.5,1.0,1.0,High,1
42,Non-binary,Finance,UK,0.6166666666666666,0.28,0.8,0.2,0.0,0.3333333333333333,0.6666666666666666,Low,1
59,Male,Sales,India,0.1333333333333333,0.5599999999999999,0.3,0.9090909090909092,0.5,0.6666666666666666,1.0,High,1
23,Male,Education,Australia,0.8333333333333334,0.4,0.2,0.6545454545454544,0.5,0.0,1.0,Medium,1
23,Non-binary,Other,Other,0.6333333333333332,0.18,0.6000000000000001,0.890909090909091,1.0,0.6666666666666666,0.6666666666666666,High,2
25,Non-binary,Healthcare,USA,0.2666666666666666,0.94,1.0,0.9818181818181818,1.0,0.0,1.0,High,2
28,Prefer not to say,Healthcare,Australia,0.2,1.0,0.5,0.6909090909090909,0.5,0.3333333333333333,0.6666666666666666,High,1
58,Non-binary,Engineering,Canada,0.85,0.7600000000000001,0.5,0.7454545454545454,0.5,1.0,1.0,High,1
20,Female,Sales,Other,0.15,0.6,0.0,0.7272727272727273,0.5,0.3333333333333333,0.6666666666666666,High,1
58,Prefer not to say,Other,Germany,0.1333333333333333,0.38,0.7000000000000001,0.1636363636363636,0.5,0.6666666666666666,0.3333333333333333,Medium,0
54,Male,Healthcare,Other,0.7166666666666667,0.42,0.5,0.9454545454545454,0.0,0.3333333333333333,0.6666666666666666,Medium,1
48,Prefer not to say,Education,UK,0.9833333333333332,0.4,0.9,0.1454545454545454,0.5,0.0,0.6666666666666666,Low,1
20,Non-binary,Healthcare,UK,0.5166666666666665,0.28,0.9,0.4727272727272728,0.5,0.0,1.0,Low,1
35,Non-binary,IT,UK,0.0833333333333333,0.3,0.2,0.5818181818181818,1.0,1.0,0.3333333333333333,High,2
59,Prefer not to say,Healthcare,Germany,0.5666666666666668,0.94,0.3,0.2,0.5,1.0,0.6666666666666666,High,1
30,Female,Healthcare,Germany,0.6333333333333332,0.5200000000000001,0.9,0.8363636363636363,0.0,1.0,0.3333333333333333,Medium,0
48,Male,Healthcare,Australia,0.9833333333333332,0.1,0.5,0.9090909090909092,0.0,0.0,0.6666666666666666,Low,1
42,Male,Sales,USA,0.3666666666666666,0.3,0.8,0.890909090909091,0.5,0.0,0.3333333333333333,Low,0
48,Male,Engineering,Germany,0.8166666666666668,0.96,0.5,0.3818181818181818,0.5,0.6666666666666666,0.6666666666666666,High,1
20,Non-binary,Finance,USA,0.1666666666666666,0.84,0.3,0.0,1.0,0.6666666666666666,0.0,High,2
28,Prefer not to say,Engineering,India,0.5166666666666665,0.18,0.9,0.1636363636363636,0.0,0.0,0.3333333333333333,Low,0
59,Prefer not to say,Finance,UK,0.0,0.7200000000000001,0.7000000000000001,0.2181818181818181,1.0,1.0,1.0,High,2
18,Non-binary,Engineering,USA,0.3833333333333332,0.84,0.4,0.3818181818181818,1.0,0.6666666666666666,0.0,High,2
61,Non-binary,Other,India,0.6666666666666666,0.26,0.8,0.0909090909090909,0.0,1.0,0.0,Low,0
44,Non-binary,IT,Other,0.65,0.96,0.2,0.6181818181818182,0.5,1.0,1.0,High,1
61,Non-binary,Healthcare,UK,0.4,0.8000000000000002,0.6000000000000001,0.8181818181818182,0.0,0.6666666666666666,0.6666666666666666,High,1
58,Non-binary,Healthcare,Germany,0.0666666666666667,0.5400000000000001,0.2,0.8545454545454546,1.0,0.6666666666666666,0.6666666666666666,High,2
18,Prefer not to say,Engineering,USA,0.35,0.42,0.5,0.4363636363636363,0.5,1.0,0.0,Medium,0
61,Prefer not to say,Finance,Other,0.4666666666666667,0.12,1.0,0.6,0.5,0.6666666666666666,1.0,Medium,1
25,Male,Finance,UK,0.8833333333333334,0.3,0.4,0.8363636363636363,0.5,0.0,0.0,Low,0
48,Female,Healthcare,Other,0.0666666666666667,0.58,0.5,0.8181818181818182,1.0,0.6666666666666666,0.6666666666666666,High,2
19,Prefer not to say,Education,Other,0.4166666666666666,0.16,0.6000000000000001,0.3454545454545454,0.0,0.0,0.0,Low,0
51,Female,Sales,UK,0.25,0.86,0.5,0.7636363636363637,0.0,0.3333333333333333,1.0,High,1
28,Non-binary,IT,India,0.4333333333333332,0.94,0.2,0.6727272727272727,0.5,1.0,1.0,High,1
32,Prefer not to say,Engineering,Canada,0.7499999999999999,0.88,0.3,0.2727272727272727,0.0,0.0,0.3333333333333333,Low,0
18,Prefer not to say,Sales,Other,0.25,0.7600000000000001,0.5,0.4727272727272728,1.0,1.0,0.3333333333333333,High,2
62,Female,Healthcare,Canada,0.15,0.5200000000000001,0.2,0.0909090909090909,1.0,1.0,1.0,High,2
32,Male,Finance,Other,0.0333333333333333,0.68,0.5,0.8363636363636363,1.0,0.3333333333333333,0.6666666666666666,High,2
41,Prefer not to say,Engineering,Canada,0.0833333333333333,0.2,0.2,0.8181818181818182,0.0,0.6666666666666666,0.6666666666666666,High,1
33,Prefer not to say,Sales,USA,0.4999999999999999,0.4800000000000001,0.8,0.6909090909090909,0.5,1.0,1.0,High,1
20,Non-binary,Healthcare,Canada,0.0499999999999999,0.7600000000000001,0.2,0.6,0.5,0.3333333333333333,0.6666666666666666,High,1
52,Male,Education,Germany,0.6999999999999998,0.4,0.3,0.890909090909091,1.0,1.0,0.3333333333333333,High,2
57,Non-binary,Finance,UK,0.0,0.32,0.6000000000000001,0.1454545454545454,0.5,1.0,0.3333333333333333,Medium,0
40,Non-binary,IT,USA,0.0166666666666666,0.8000000000000002,0.3,0.5272727272727272,1.0,0.6666666666666666,0.6666666666666666,High,2
34,Female,Finance,Australia,0.8833333333333334,0.02,0.9,0.3090909090909091,0.0,0.3333333333333333,1.0,Low,1
36,Prefer not to say,Other,Canada,0.6999999999999998,0.28,0.6000000000000001,0.0727272727272727,0.0,1.0,0.0,Low,0
46,Female,Finance,Canada,0.5666666666666668,0.94,0.6000000000000001,0.890909090909091,0.5,0.6666666666666666,0.0,High,0
34,Male,Other,USA,0.6666666666666666,0.58,0.1,0.0181818181818181,0.0,0.0,0.6666666666666666,Low,1
38,Male,Education,India,0.5833333333333334,0.66,0.4,0.6909090909090909,0.0,0.6666666666666666,1.0,High,1
56,Male,Sales,Australia,0.6999999999999998,0.44,0.8,0.0181818181818181,0.0,0.3333333333333333,0.0,Low,0
26,Male,Sales,Australia,0.6166666666666666,0.7600000000000001,0.7000000000000001,0.1090909090909091,0.0,1.0,0.6666666666666666,Medium,1
46,Prefer not to say,Finance,Germany,0.3166666666666667,0.12,0.4,0.0545454545454545,0.0,1.0,0.0,Low,0
27,Prefer not to say,Finance,Australia,0.7833333333333331,0.4,0.1,0.0727272727272727,1.0,0.6666666666666666,0.6666666666666666,High,2
59,Male,Other,Australia,0.4,0.92,0.8,0.4,1.0,0.6666666666666666,0.3333333333333333,High,2
40,Male,Sales,USA,0.8833333333333334,0.16,0.9,0.8,1.0,0.3333333333333333,1.0,Medium,2
55,Non-binary,IT,India,0.1666666666666666,0.96,0.9,0.6,0.5,1.0,1.0,High,1
22,Prefer not to say,Engineering,India,0.0999999999999999,0.3,0.8,0.3454545454545454,0.5,0.3333333333333333,1.0,Medium,1
60,Prefer not to say,Other,Australia,0.0666666666666667,0.92,0.4,0.1272727272727272,0.0,0.6666666666666666,0.0,Medium,0
36,Prefer not to say,IT,Australia,0.7166666666666667,0.68,0.1,0.0727272727272727,0.5,0.0,1.0,Medium,1
21,Prefer not to say,Sales,Australia,0.7666666666666665,0.26,0.2,0.9818181818181818,1.0,1.0,0.6666666666666666,High,2
48,Prefer not to say,Engineering,India,0.7666666666666665,0.28,0.7000000000000001,0.0363636363636363,0.0,0.3333333333333333,1.0,Low,1
65,Female,Engineering,Germany,0.9499999999999998,0.36,0.6000000000000001,0.8,1.0,0.3333333333333333,1.0,High,2
40,Prefer not to say,Sales,Germany,0.3833333333333332,0.7200000000000001,0.0,0.9090909090909092,1.0,0.3333333333333333,0.3333333333333333,High,2
39,Female,Engineering,India,0.0833333333333333,0.94,0.6000000000000001,0.890909090909091,0.5,1.0,1.0,High,1
57,Female,IT,Canada,0.0,0.44,0.9,0.2,0.0,0.6666666666666666,1.0,Medium,1
32,Non-binary,Finance,Canada,0.5833333333333334,0.42,0.6000000000000001,0.7454545454545454,1.0,0.0,0.0,Medium,2
20,Male,Other,USA,0.3666666666666666,0.7800000000000001,0.0,0.7090909090909091,1.0,0.6666666666666666,0.0,High,2
33,Prefer not to say,Sales,USA,0.8000000000000002,0.3,0.3,0.6727272727272727,1.0,1.0,0.3333333333333333,High,2
31,Female,Other,UK,0.2333333333333334,0.62,0.4,0.9454545454545454,0.5,0.6666666666666666,1.0,High,1
57,Female,Sales,Other,0.5499999999999999,0.7800000000000001,0.5,0.3090909090909091,0.0,0.0,0.3333333333333333,Low,0
63,Non-binary,Education,Canada,0.5333333333333333,0.92,0.1,0.9818181818181818,1.0,0.0,0.6666666666666666,High,2
37,Female,Other,Other,0.6999999999999998,0.38,0.1,0.4,0.0,0.0,0.0,Low,0
57,Prefer not to say,Healthcare,Germany,0.0999999999999999,0.7200000000000001,0.6000000000000001,0.1272727272727272,0.5,0.6666666666666666,0.6666666666666666,High,1
21,Male,Healthcare,Other,0.6,0.5599999999999999,0.6000000000000001,0.3636363636363636,0.5,0.6666666666666666,0.6666666666666666,High,1
21,Female,Other,UK,0.6666666666666666,0.62,0.6000000000000001,0.1272727272727272,0.5,1.0,1.0,Medium,1
60,Prefer not to say,Sales,USA,0.0666666666666667,0.0,0.3,0.8181818181818182,0.5,0.6666666666666666,1.0,High,1
20,Female,IT,UK,0.2666666666666666,0.4600000000000001,0.3,0.5818181818181818,1.0,1.0,0.6666666666666666,High,2
57,Prefer not to say,Other,USA,0.1833333333333332,0.24,0.6000000000000001,0.7090909090909091,0.0,0.0,1.0,Medium,1
19,Prefer not to say,Other,Other,0.65,0.7000000000000001,0.4,0.2727272727272727,0.5,1.0,0.0,Medium,0
63,Male,Sales,Germany,0.7499999999999999,0.18,0.9,0.4,0.0,1.0,0.3333333333333333,Low,0
58,Female,Education,Australia,0.5166666666666665,0.12,0.8,0.9272727272727272,1.0,0.6666666666666666,1.0,High,2
20,Prefer not to say,Education,India,0.0333333333333333,0.16,0.1,0.7818181818181817,1.0,0.3333333333333333,1.0,High,2
53,Prefer not to say,Healthcare,India,0.9499999999999998,0.86,0.0,0.2545454545454545,1.0,0.6666666666666666,1.0,High,2
61,Non-binary,Healthcare,UK,0.9,0.32,0.6000000000000001,0.3272727272727272,1.0,0.6666666666666666,0.6666666666666666,Medium,2
39,Female,Healthcare,USA,0.7666666666666665,0.86,0.1,0.8363636363636363,0.0,0.0,0.3333333333333333,Medium,0
25,Prefer not to say,Sales,India,0.2833333333333333,0.8000000000000002,0.6000000000000001,0.8545454545454546,0.0,0.3333333333333333,0.6666666666666666,High,1
61,Non-binary,Sales,Australia,0.0999999999999999,0.82,0.0,0.3636363636363636,0.5,1.0,0.6666666666666666,High,1
54,Female,IT,UK,0.5166666666666665,0.16,0.5,0.6727272727272727,0.5,0.3333333333333333,0.3333333333333333,Medium,0
40,Prefer not to say,Healthcare,Germany,0.8166666666666668,0.5000000000000001,0.6000000000000001,0.9636363636363636,0.0,0.0,0.0,Low,0
45,Female,Engineering,Canada,0.7333333333333333,0.12,0.3,0.7818181818181817,1.0,0.3333333333333333,1.0,High,2
46,Male,Sales,Germany,0.8666666666666666,0.5000000000000001,0.0,0.9272727272727272,1.0,1.0,1.0,High,2
41,Female,Finance,Canada,0.4999999999999999,0.4600000000000001,1.0,0.2727272727272727,0.0,0.3333333333333333,0.0,Low,0
32,Non-binary,Education,USA,0.4166666666666666,0.94,0.4,0.6363636363636364,0.0,0.6666666666666666,0.0,Medium,0
59,Prefer not to say,IT,Australia,0.45,0.08,0.9,0.2909090909090909,0.5,0.0,0.0,Low,0
64,Female,IT,USA,0.9833333333333332,0.5000000000000001,0.2,0.8363636363636363,0.0,0.6666666666666666,0.0,Medium,0
56,Non-binary,Sales,India,0.9333333333333332,0.42,0.9,0.2909090909090909,0.0,0.6666666666666666,0.3333333333333333,Low,0
60,Prefer not to say,Healthcare,UK,0.4,0.58,0.7000000000000001,0.1090909090909091,0.0,0.6666666666666666,0.0,Low,0
58,Male,Other,Germany,0.5499999999999999,0.38,0.1,0.7636363636363637,1.0,1.0,0.0,High,2
43,Female,Other,Australia,0.35,0.7800000000000001,0.3,0.5454545454545454,0.5,1.0,0.6666666666666666,High,1
44,Female,Finance,India,0.0333333333333333,0.08,0.1,0.2,0.0,1.0,0.3333333333333333,Medium,0
23,Male,Other,Germany,0.5166666666666665,0.5400000000000001,0.4,0.5272727272727272,0.5,0.6666666666666666,1.0,High,1
37,Non-binary,Engineering,Germany,0.6333333333333332,0.5200000000000001,0.6000000000000001,0.8,1.0,0.6666666666666666,1.0,High,2
57,Female,Engineering,Australia,0.4333333333333332,0.5000000000000001,1.0,0.8727272727272727,0.5,0.6666666666666666,0.0,Medium,0
23,Non-binary,Finance,USA,0.8833333333333334,0.88,0.8,0.3454545454545454,0.0,0.0,0.6666666666666666,Low,1
28,Non-binary,Sales,Canada,0.6166666666666666,0.82,0.3,0.1090909090909091,1.0,1.0,1.0,High,2
26,Female,Other,Germany,0.7833333333333331,0.5599999999999999,0.1,0.7636363636363637,0.5,0.3333333333333333,0.6666666666666666,High,1
52,Non-binary,Finance,UK,0.0666666666666667,0.0,0.9,0.4727272727272728,0.0,0.6666666666666666,0.6666666666666666,Medium,1
30,Prefer not to say,Education,UK,0.5666666666666668,0.58,0.7000000000000001,0.5818181818181818,0.0,0.0,0.6666666666666666,Low,1
53,Female,Sales,UK,0.0999999999999999,0.66,0.4,0.6181818181818182,0.5,0.6666666666666666,1.0,High,1
43,Prefer not to say,Other,India,0.2833333333333333,0.3,0.5,0.4727272727272728,0.0,0.3333333333333333,0.6666666666666666,Medium,1
45,Female,Education,Germany,0.4,0.9,0.4,0.3272727272727272,0.0,0.3333333333333333,0.6666666666666666,Medium,1
61,Prefer not to say,Finance,Canada,0.25,0.18,0.8,0.6181818181818182,0.0,0.0,0.6666666666666666,Low,1
61,Non-binary,Other,Other,0.4666666666666667,0.7000000000000001,0.6000000000000001,0.0909090909090909,0.0,0.3333333333333333,0.6666666666666666,Medium,1
19,Female,Healthcare,UK,0.8333333333333334,0.36,0.1,0.1090909090909091,0.0,1.0,0.6666666666666666,Medium,1
41,Female,Finance,Other,0.2999999999999999,0.32,0.1,0.1272727272727272,0.5,0.0,0.0,Low,0
19,Prefer not to say,Education,Australia,0.0,0.66,0.2,0.8181818181818182,1.0,0.3333333333333333,1.0,High,2
33,Non-binary,Sales,India,0.4666666666666667,0.7000000000000001,0.8,0.6363636363636364,1.0,0.3333333333333333,0.0,Medium,2
26,Prefer not to say,Engineering,Australia,0.6666666666666666,0.9,0.9,0.8181818181818182,0.5,1.0,0.0,Medium,0
57,Non-binary,Education,Australia,0.6333333333333332,0.9,0.9,0.9272727272727272,0.0,1.0,0.6666666666666666,High,1
27,Non-binary,Other,UK,0.7499999999999999,0.96,0.4,0.5818181818181818,0.5,0.0,0.6666666666666666,Medium,1
47,Non-binary,Healthcare,Other,0.25,0.5200000000000001,0.1,0.7818181818181817,0.0,0.3333333333333333,0.6666666666666666,High,1
25,Male,Engineering,Canada,0.1333333333333333,0.5000000000000001,0.4,0.3272727272727272,0.5,0.0,1.0,Medium,1
35,Female,Engineering,UK,0.8333333333333334,1.0,0.6000000000000001,0.0727272727272727,0.0,0.6666666666666666,1.0,Medium,1
64,Male,Healthcare,Canada,0.0333333333333333,0.96,0.6000000000000001,0.7090909090909091,1.0,0.0,0.0,High,2
19,Female,Engineering,Canada,0.7833333333333331,0.7200000000000001,1.0,0.8545454545454546,1.0,1.0,1.0,High,2
55,Female,Engineering,Australia,0.1333333333333333,0.94,0.8,0.1272727272727272,0.5,1.0,0.0,Medium,0
64,Non-binary,Sales,Canada,0.5499999999999999,0.88,0.1,0.6181818181818182,0.0,0.0,0.3333333333333333,Medium,0
47,Prefer not to say,IT,Other,0.9166666666666666,0.6,0.2,0.6727272727272727,0.5,0.3333333333333333,0.0,Medium,0
49,Female,IT,Germany,0.4,0.94,0.4,0.7090909090909091,1.0,0.6666666666666666,1.0,High,2
61,Female,Other,Australia,0.0166666666666666,0.82,0.6000000000000001,0.6181818181818182,0.5,0.6666666666666666,0.6666666666666666,High,1
38,Male,Engineering,Canada,0.9,0.0,0.5,0.9454545454545454,1.0,0.6666666666666666,0.0,Medium,2
24,Female,Education,Other,0.0333333333333333,0.4600000000000001,0.4,0.2,1.0,0.6666666666666666,1.0,High,2
64,Prefer not to say,Sales,USA,0.0833333333333333,0.06,0.1,0.7636363636363637,0.0,0.6666666666666666,1.0,High,1
32,Prefer not to say,Other,Germany,0.8666666666666666,0.26,0.9,0.8363636363636363,0.0,0.0,0.3333333333333333,Low,0
25,Male,Healthcare,Canada,0.9833333333333332,0.6,0.6000000000000001,0.1090909090909091,1.0,0.0,0.3333333333333333,Low,2
27,Prefer not to say,Sales,Canada,0.3833333333333332,0.4,0.5,0.7090909090909091,0.0,0.0,0.0,Low,0
36,Male,Sales,Canada,0.5499999999999999,0.68,0.2,0.3818181818181818,1.0,0.6666666666666666,0.6666666666666666,High,2
29,Female,Other,Australia,0.5833333333333334,0.38,0.8,0.1454545454545454,0.5,0.3333333333333333,0.0,Low,0
37,Female,Sales,UK,0.3333333333333333,0.06,0.5,0.1272727272727272,0.0,0.3333333333333333,0.0,Low,0
31,Non-binary,Other,India,0.5666666666666668,0.3400000000000001,0.8,0.0,0.0,0.3333333333333333,0.6666666666666666,Low,1
27,Male,Engineering,Canada,0.0,0.9,0.7000000000000001,0.3272727272727272,1.0,0.3333333333333333,0.6666666666666666,High,2
56,Female,Other,UK,0.0666666666666667,0.08,0.6000000000000001,0.8363636363636363,0.0,0.3333333333333333,0.3333333333333333,Medium,0
34,Male,Healthcare,Other,0.85,0.24,1.0,0.6545454545454544,0.5,0.0,0.6666666666666666,Low,1
47,Female,IT,USA,0.5833333333333334,0.26,0.0,0.7636363636363637,0.0,0.6666666666666666,0.6666666666666666,High,1
63,Male,Healthcare,India,0.8833333333333334,0.88,1.0,0.4,0.0,0.0,1.0,Low,1
55,Female,IT,Australia,0.5499999999999999,0.94,0.8,0.4545454545454545,0.0,1.0,0.3333333333333333,Medium,0
61,Male,IT,USA,0.9166666666666666,0.1,0.6000000000000001,0.2727272727272727,0.5,1.0,0.3333333333333333,Low,0
34,Male,Other,UK,0.7666666666666665,0.68,0.1,0.6727272727272727,1.0,0.0,0.6666666666666666,High,2
35,Non-binary,Sales,Australia,0.15,0.94,0.2,0.6,1.0,0.6666666666666666,0.6666666666666666,High,2
29,Female,Other,Canada,0.1666666666666666,0.5000000000000001,0.4,0.0181818181818181,1.0,0.3333333333333333,0.0,Medium,2
59,Male,Other,Canada,0.1333333333333333,0.02,0.0,0.3272727272727272,0.5,0.6666666666666666,1.0,High,1
64,Female,IT,Canada,0.6,0.84,0.9,0.7636363636363637,0.5,0.6666666666666666,0.3333333333333333,High,0
62,Male,Sales,Other,0.5833333333333334,0.1,1.0,0.2909090909090909,0.0,1.0,0.6666666666666666,Low,1
37,Male,Healthcare,USA,0.8000000000000002,0.36,0.1,0.4363636363636363,1.0,0.6666666666666666,0.6666666666666666,High,2
64,Male,Other,USA,0.9499999999999998,0.4800000000000001,0.1,0.6727272727272727,1.0,1.0,0.0,High,2
65,Non-binary,Education,India,0.7833333333333331,0.02,0.1,0.0363636363636363,0.0,0.3333333333333333,0.0,Low,0
57,Male,IT,USA,0.0499999999999999,0.0,0.4,0.4727272727272728,0.5,0.6666666666666666,0.0,Medium,0
46,Male,Finance,India,0.3333333333333333,0.12,0.3,0.2363636363636363,0.0,1.0,0.6666666666666666,Medium,1
20,Prefer not to say,Education,India,0.5499999999999999,0.66,0.7000000000000001,0.0363636363636363,1.0,1.0,1.0,High,2
37,Non-binary,Finance,Other,0.65,0.38,0.9,0.0,0.5,1.0,0.0,Low,0
27,Prefer not to say,Engineering,Australia,0.7833333333333331,0.08,0.9,0.5454545454545454,1.0,0.0,1.0,Low,2
60,Non-binary,IT,Other,0.6333333333333332,0.22,0.9,0.7636363636363637,1.0,1.0,0.6666666666666666,High,2
59,Male,Healthcare,Canada,0.35,0.44,0.9,0.2363636363636363,0.0,0.0,0.3333333333333333,Low,0
32,Male,Sales,Germany,0.2166666666666666,0.66,0.5,0.4363636363636363,0.0,0.3333333333333333,0.0,Medium,0
56,Female,Education,UK,0.65,0.0,0.7000000000000001,0.6,0.0,0.6666666666666666,0.3333333333333333,Low,0
20,Male,Engineering,USA,0.4833333333333333,0.7200000000000001,0.1,0.8545454545454546,0.5,0.6666666666666666,0.3333333333333333,High,0
59,Male,Engineering,USA,0.45,0.08,0.3,0.5636363636363636,1.0,0.0,0.3333333333333333,Medium,2
37,Non-binary,Sales,Germany,0.0999999999999999,0.88,0.1,0.2,0.5,0.6666666666666666,1.0,High,1
52,Non-binary,Sales,India,0.9833333333333332,0.88,0.3,0.7090909090909091,0.5,1.0,1.0,High,1
35,Prefer not to say,IT,USA,0.6833333333333332,0.64,0.9,0.9272727272727272,1.0,0.0,1.0,Medium,2
46,Male,IT,India,0.0499999999999999,0.2,0.6000000000000001,0.7818181818181817,1.0,0.3333333333333333,0.3333333333333333,High,2
46,Non-binary,Sales,Germany,0.1666666666666666,0.94,0.8,0.1272727272727272,1.0,0.3333333333333333,1.0,High,2
38,Non-binary,Healthcare,UK,0.6833333333333332,0.86,0.7000000000000001,0.2545454545454545,0.5,1.0,0.0,Low,0
38,Female,Sales,Germany,0.1666666666666666,0.3,0.5,0.9454545454545454,0.0,1.0,0.6666666666666666,High,1
45,Prefer not to say,Finance,India,0.9833333333333332,0.58,0.3,0.7272727272727273,1.0,0.0,0.6666666666666666,High,2
27,Male,Education,UK,0.1833333333333332,0.36,0.3,0.7636363636363637,0.0,1.0,0.6666666666666666,High,1
19,Female,IT,UK,0.15,0.62,0.1,0.6909090909090909,0.5,0.3333333333333333,0.0,High,0
26,Male,Engineering,Germany,0.2,0.7000000000000001,0.5,0.6181818181818182,0.5,0.0,0.6666666666666666,High,1
28,Prefer not to say,IT,India,0.1333333333333333,0.04,1.0,0.4363636363636363,0.0,0.0,0.6666666666666666,Low,1
60,Male,Education,UK,0.3666666666666666,0.92,1.0,0.6909090909090909,0.5,0.3333333333333333,1.0,High,1
34,Male,Finance,Australia,0.65,0.8000000000000002,0.5,0.890909090909091,0.0,1.0,1.0,High,1
64,Prefer not to say,Healthcare,UK,0.4333333333333332,0.1,1.0,0.509090909090909,0.5,0.0,0.3333333333333333,Low,0
41,Male,Finance,UK,0.7499999999999999,0.58,0.6000000000000001,0.2909090909090909,0.5,1.0,0.6666666666666666,Medium,1
33,Male,Healthcare,India,0.6333333333333332,0.3400000000000001,0.8,0.2363636363636363,1.0,0.0,0.3333333333333333,Low,2
24,Male,Education,USA,0.8666666666666666,0.3,0.8,0.0545454545454545,0.5,0.0,1.0,Low,1
27,Non-binary,IT,UK,0.4333333333333332,0.98,0.9,0.2,1.0,0.0,1.0,Medium,2
37,Prefer not to say,Engineering,Canada,0.6999999999999998,0.36,0.9,0.0363636363636363,0.0,0.0,0.3333333333333333,Low,0
18,Non-binary,Engineering,Germany,0.3833333333333332,0.6,1.0,0.0909090909090909,1.0,0.3333333333333333,1.0,Medium,2
57,Prefer not to say,Finance,Other,0.9,0.2,0.1,0.1090909090909091,0.0,0.3333333333333333,0.0,Low,0
36,Non-binary,Education,Other,0.9833333333333332,0.7200000000000001,1.0,0.2545454545454545,0.5,0.0,0.0,Low,0
38,Prefer not to say,IT,Australia,0.4,0.58,0.4,0.4727272727272728,0.5,1.0,0.0,Medium,0
36,Prefer not to say,Finance,UK,0.6166666666666666,0.5400000000000001,0.3,0.9636363636363636,0.0,1.0,1.0,High,1
60,Female,Engineering,Australia,0.2333333333333334,0.86,0.3,0.8,0.0,0.3333333333333333,1.0,High,1
52,Prefer not to say,Finance,India,0.4666666666666667,0.4600000000000001,0.6000000000000001,0.9818181818181818,0.5,1.0,0.3333333333333333,High,0
20,Prefer not to say,Sales,Australia,0.7333333333333333,0.7600000000000001,0.3,0.4727272727272728,0.5,0.6666666666666666,1.0,High,1
35,Prefer not to say,Engineering,UK,0.4666666666666667,0.4800000000000001,1.0,0.8363636363636363,0.0,0.3333333333333333,0.0,Low,0
50,Prefer not to say,Healthcare,Other,0.5499999999999999,0.64,0.2,0.8363636363636363,1.0,0.3333333333333333,0.6666666666666666,High,2
49,Male,Other,India,0.9,0.16,0.3,0.6363636363636364,1.0,1.0,0.0,Medium,2
36,Male,Engineering,Other,0.15,0.22,0.3,0.5454545454545454,0.0,1.0,0.6666666666666666,High,1
55,Male,IT,Germany,0.6166666666666666,0.7600000000000001,0.5,0.3818181818181818,1.0,1.0,1.0,High,2
44,Female,Engineering,Germany,0.2333333333333334,0.7800000000000001,0.4,0.7818181818181817,1.0,0.0,0.6666666666666666,High,2
44,Male,Finance,UK,0.5333333333333333,0.0,0.4,0.6363636363636364,0.0,0.0,0.3333333333333333,Low,0
46,Male,Finance,Germany,0.8166666666666668,0.62,0.2,0.0909090909090909,0.5,0.3333333333333333,1.0,Medium,1
35,Female,Healthcare,USA,0.8833333333333334,0.62,0.6000000000000001,0.2181818181818181,0.5,0.6666666666666666,0.6666666666666666,Medium,1
30,Prefer not to say,Finance,UK,0.2166666666666666,0.84,0.2,0.9090909090909092,1.0,0.3333333333333333,1.0,High,2
18,Non-binary,Education,Canada,0.3833333333333332,0.98,0.1,0.3454545454545454,0.0,1.0,0.6666666666666666,High,1
21,Male,Healthcare,UK,0.1666666666666666,0.8000000000000002,1.0,0.4,0.5,0.6666666666666666,1.0,High,1
18,Male,Finance,India,0.9499999999999998,0.32,0.5,0.9090909090909092,0.5,0.0,0.3333333333333333,Low,0
21,Prefer not to say,Engineering,Germany,0.3666666666666666,0.38,0.2,0.6727272727272727,0.5,1.0,1.0,High,1
32,Female,Engineering,USA,0.4,0.6,1.0,0.2181818181818181,1.0,0.0,0.3333333333333333,Low,2
30,Non-binary,IT,India,0.8666666666666666,0.7000000000000001,0.5,0.8181818181818182,0.0,0.6666666666666666,1.0,High,1
61,Male,Engineering,India,0.2666666666666666,0.84,0.0,0.8181818181818182,0.0,1.0,0.0,High,0
23,Male,Finance,India,0.4,0.5000000000000001,1.0,0.2545454545454545,0.5,0.6666666666666666,1.0,Medium,1
52,Prefer not to say,IT,India,0.8333333333333334,0.82,0.7000000000000001,0.0545454545454545,0.5,0.6666666666666666,1.0,Medium,1
26,Non-binary,Sales,India,0.2333333333333334,0.32,0.6000000000000001,0.1272727272727272,0.5,0.3333333333333333,0.0,Low,0
28,Male,IT,India,0.3666666666666666,0.4600000000000001,0.8,0.7090909090909091,1.0,0.6666666666666666,0.3333333333333333,High,2
54,Male,Healthcare,USA,0.8000000000000002,0.22,0.3,0.7090909090909091,0.5,1.0,0.6666666666666666,High,1
25,Prefer not to say,Education,USA,0.2,0.68,0.4,0.7272727272727273,1.0,0.6666666666666666,1.0,High,2
59,Prefer not to say,Sales,India,0.4166666666666666,0.02,0.5,0.8363636363636363,1.0,0.3333333333333333,1.0,High,2
64,Prefer not to say,Finance,Other,0.8333333333333334,0.06,0.6000000000000001,0.1090909090909091,0.5,0.3333333333333333,0.0,Low,0
19,Male,Healthcare,India,0.2166666666666666,0.96,0.5,0.3272727272727272,1.0,0.6666666666666666,0.6666666666666666,High,2
38,Prefer not to say,Healthcare,USA,0.2999999999999999,0.82,0.1,0.0545454545454545,0.5,0.0,1.0,High,1
60,Prefer not to say,Sales,UK,0.4999999999999999,0.88,0.5,0.4,0.0,0.0,0.0,Low,0
35,Female,Healthcare,Australia,0.6333333333333332,0.94,0.3,0.7272727272727273,0.5,0.3333333333333333,0.3333333333333333,High,0
62,Female,Sales,India,0.7833333333333331,0.28,0.3,0.2,0.0,1.0,0.3333333333333333,Low,0
51,Prefer not to say,Finance,Canada,0.2999999999999999,0.5599999999999999,0.5,0.9454545454545454,1.0,1.0,0.0,High,2
41,Prefer not to say,Finance,Germany,0.4999999999999999,1.0,0.5,0.4545454545454545,1.0,0.0,0.6666666666666666,High,2
27,Male,Finance,Other,0.2666666666666666,0.68,0.9,0.7818181818181817,0.0,0.3333333333333333,1.0,High,1
43,Male,Healthcare,UK,0.0999999999999999,0.96,0.5,0.8181818181818182,1.0,0.3333333333333333,0.0,High,2
29,Non-binary,Sales,India,0.85,0.4800000000000001,0.2,0.6545454545454544,1.0,0.0,0.3333333333333333,Medium,2
37,Female,Education,India,0.6,0.14,0.3,0.7272727272727273,1.0,0.0,0.0,Medium,2
41,Prefer not to say,Engineering,Canada,0.0666666666666667,0.58,0.6000000000000001,0.9818181818181818,1.0,0.6666666666666666,0.3333333333333333,High,2
33,Female,Education,Germany,0.2833333333333333,0.3400000000000001,0.4,0.3454545454545454,0.5,0.3333333333333333,1.0,High,1
41,Female,Finance,USA,0.0833333333333333,0.94,0.3,0.6727272727272727,1.0,0.6666666666666666,0.3333333333333333,High,2
64,Female,Engineering,UK,0.5666666666666668,0.68,0.6000000000000001,0.0363636363636363,0.5,0.6666666666666666,0.0,Medium,0
35,Female,Healthcare,Other,0.1333333333333333,0.98,0.5,0.7090909090909091,0.0,0.6666666666666666,1.0,High,1
49,Male,Healthcare,India,0.3166666666666667,0.02,0.3,0.2909090909090909,0.5,0.6666666666666666,0.0,Medium,0
34,Male,Education,USA,0.4166666666666666,0.88,0.2,0.3818181818181818,0.0,0.0,0.3333333333333333,Medium,0
52,Prefer not to say,Sales,Australia,0.4833333333333333,0.02,0.0,0.8727272727272727,1.0,0.0,1.0,High,2
61,Prefer not to say,Sales,USA,0.6,0.58,0.7000000000000001,0.6363636363636364,0.5,0.0,0.3333333333333333,Low,0
48,Female,IT,India,0.85,0.08,1.0,0.4545454545454545,1.0,1.0,0.6666666666666666,Medium,2
53,Non-binary,Finance,USA,0.2,0.42,0.2,0.2727272727272727,1.0,1.0,1.0,High,2
48,Male,Engineering,Canada,0.5666666666666668,0.7800000000000001,0.0,0.7090909090909091,1.0,0.0,1.0,High,2
22,Male,Finance,USA,0.1333333333333333,0.7600000000000001,0.9,0.4,0.0,1.0,0.0,Medium,0
46,Male,Education,Australia,0.6333333333333332,0.7800000000000001,0.5,0.3090909090909091,0.5,1.0,1.0,High,1
39,Non-binary,Finance,India,0.9,0.3400000000000001,0.0,0.5272727272727272,1.0,0.0,0.3333333333333333,Medium,2
65,Male,Other,UK,0.7333333333333333,0.3,0.1,0.0909090909090909,0.5,0.6666666666666666,0.6666666666666666,Medium,1
29,Female,Sales,Germany,0.5833333333333334,0.44,0.1,0.8,0.5,0.0,1.0,High,1
43,Female,IT,UK,0.6333333333333332,0.5400000000000001,0.2,0.8727272727272727,0.0,1.0,0.3333333333333333,High,0
30,Non-binary,Other,Germany,0.15,0.58,0.4,0.0363636363636363,0.5,0.0,0.6666666666666666,Medium,1
38,Non-binary,Education,Other,0.8333333333333334,0.4800000000000001,0.6000000000000001,0.9818181818181818,1.0,0.3333333333333333,0.0,Medium,2
43,Male,Engineering,Australia,0.5333333333333333,0.36,0.9,0.5272727272727272,0.0,0.6666666666666666,0.0,Low,0
50,Prefer not to say,Education,Canada,0.2,0.5000000000000001,0.1,0.0545454545454545,0.5,1.0,0.6666666666666666,High,1
27,Male,IT,Germany,0.85,0.5599999999999999,0.0,0.9454545454545454,0.5,1.0,0.3333333333333333,High,0
42,Female,Engineering,Other,0.9666666666666668,0.7800000000000001,0.3,0.2727272727272727,1.0,0.3333333333333333,0.6666666666666666,High,2
54,Non-binary,Engineering,UK,0.0499999999999999,0.66,1.0,0.4545454545454545,1.0,1.0,1.0,High,2
22,Prefer not to say,Finance,Other,0.4166666666666666,0.24,0.4,0.890909090909091,0.5,1.0,1.0,High,1
35,Non-binary,IT,UK,0.3333333333333333,0.7400000000000001,0.7000000000000001,0.9272727272727272,0.0,0.6666666666666666,0.0,Medium,0
34,Female,Engineering,Canada,0.25,0.8000000000000002,0.7000000000000001,0.3454545454545454,0.0,0.3333333333333333,0.3333333333333333,Medium,0
52,Prefer not to say,Finance,Canada,0.9666666666666668,0.3400000000000001,0.0,0.9090909090909092,0.5,0.6666666666666666,1.0,High,1
26,Male,Other,Germany,0.9833333333333332,0.94,0.2,0.3454545454545454,0.0,0.6666666666666666,1.0,High,1
36,Male,Engineering,India,0.2166666666666666,0.0,0.6000000000000001,0.1818181818181818,1.0,0.0,0.6666666666666666,Medium,2
31,Prefer not to say,Education,Canada,0.0333333333333333,0.94,0.6000000000000001,0.4181818181818181,1.0,0.3333333333333333,0.0,High,2
29,Non-binary,Education,India,0.35,0.4,0.6000000000000001,0.0909090909090909,0.0,0.6666666666666666,1.0,Medium,1
34,Female,Sales,Other,0.7499999999999999,0.82,0.0,0.4909090909090909,0.5,0.6666666666666666,0.6666666666666666,High,1
32,Prefer not to say,Engineering,USA,0.7833333333333331,0.58,0.9,0.2909090909090909,0.0,0.0,0.6666666666666666,Low,1
55,Prefer not to say,Other,Germany,0.9833333333333332,0.5000000000000001,0.9,0.1818181818181818,0.0,1.0,0.3333333333333333,Low,0
39,Male,IT,Canada,0.8000000000000002,0.68,0.8,0.8363636363636363,0.0,0.3333333333333333,0.6666666666666666,Medium,1
60,Female,Education,USA,0.7166666666666667,0.38,0.2,0.8363636363636363,0.0,0.0,0.6666666666666666,Medium,1
35,Prefer not to say,Healthcare,Canada,0.3166666666666667,0.94,0.2,0.7272727272727273,1.0,0.3333333333333333,0.6666666666666666,High,2
38,Male,Finance,USA,0.1666666666666666,0.22,0.9,0.2545454545454545,0.0,0.6666666666666666,0.0,Low,0
56,Non-binary,Finance,India,0.5666666666666668,0.3,0.2,0.3090909090909091,0.0,0.0,0.6666666666666666,Low,1
62,Prefer not to say,Healthcare,USA,0.9166666666666666,0.0,0.0,0.3090909090909091,0.5,0.3333333333333333,0.3333333333333333,Low,0
63,Female,Education,India,0.8333333333333334,0.4800000000000001,0.2,0.4363636363636363,0.5,1.0,0.0,Medium,0
58,Male,IT,Germany,0.9666666666666668,0.7600000000000001,0.3,0.7272727272727273,0.0,0.6666666666666666,0.3333333333333333,High,0
43,Non-binary,Finance,Australia,0.1333333333333333,0.9,0.8,0.2545454545454545,1.0,1.0,0.6666666666666666,High,2
37,Non-binary,Engineering,USA,0.2833333333333333,0.84,0.1,0.4363636363636363,1.0,0.0,0.6666666666666666,High,2
24,Female,IT,India,0.2666666666666666,0.32,0.7000000000000001,0.6,0.0,0.3333333333333333,0.3333333333333333,Low,0
23,Female,Finance,Australia,0.3666666666666666,0.38,0.5,0.4181818181818181,1.0,1.0,0.6666666666666666,High,2
57,Prefer not to say,Engineering,Germany,0.7499999999999999,0.62,0.6000000000000001,0.1454545454545454,0.5,0.6666666666666666,1.0,Medium,1
32,Non-binary,IT,Australia,0.0499999999999999,0.9,0.6000000000000001,0.0363636363636363,1.0,0.6666666666666666,0.6666666666666666,High,2
38,Female,Sales,Germany,0.5833333333333334,0.98,0.1,0.5636363636363636,0.0,0.3333333333333333,1.0,High,1
40,Non-binary,Healthcare,Germany,0.1833333333333332,0.32,0.0,0.8363636363636363,0.5,0.6666666666666666,0.0,High,0
22,Non-binary,Sales,USA,0.4999999999999999,0.42,0.1,0.1818181818181818,1.0,1.0,0.6666666666666666,High,2
47,Prefer not to say,Healthcare,Other,0.15,0.84,0.0,0.4909090909090909,1.0,0.0,0.6666666666666666,High,2
65,Female,Engineering,India,0.8666666666666666,0.64,0.5,0.9636363636363636,1.0,1.0,1.0,High,2
61,Prefer not to say,Education,USA,0.5499999999999999,0.4,1.0,0.5636363636363636,0.0,0.6666666666666666,1.0,Medium,1
21,Female,Healthcare,USA,0.1666666666666666,0.7600000000000001,0.9,0.6181818181818182,0.5,0.6666666666666666,1.0,High,1
41,Male,Finance,Other,0.5666666666666668,0.5599999999999999,0.7000000000000001,0.8363636363636363,1.0,0.3333333333333333,0.6666666666666666,High,2
54,Male,Engineering,India,0.8333333333333334,0.02,0.6000000000000001,0.6545454545454544,0.0,0.0,0.0,Low,0
32,Female,Healthcare,Germany,0.85,0.0,0.0,0.4363636363636363,0.0,0.6666666666666666,0.6666666666666666,Medium,1
64,Non-binary,Healthcare,Germany,0.6166666666666666,0.5599999999999999,0.0,0.9636363636363636,1.0,0.6666666666666666,1.0,High,2
30,Male,Education,Canada,0.7666666666666665,0.38,0.7000000000000001,0.0909090909090909,0.5,0.3333333333333333,0.6666666666666666,Low,1
52,Non-binary,Sales,Other,0.9499999999999998,0.36,1.0,0.0545454545454545,1.0,0.0,0.0,Low,2
28,Male,Finance,Germany,0.6666666666666666,0.3400000000000001,1.0,0.0727272727272727,0.0,0.3333333333333333,1.0,Low,1
19,Female,Engineering,Australia,0.7166666666666667,0.0,0.3,0.6727272727272727,1.0,0.6666666666666666,0.6666666666666666,High,2
40,Non-binary,Engineering,USA,0.2,0.4800000000000001,0.5,0.4363636363636363,1.0,1.0,0.0,High,2
36,Female,IT,Germany,0.8166666666666668,0.06,0.9,0.3636363636363636,0.5,0.0,0.3333333333333333,Low,0
18,Non-binary,Healthcare,Canada,0.5166666666666665,0.06,0.1,0.7636363636363637,1.0,0.0,1.0,High,2
65,Non-binary,Sales,India,0.5166666666666665,0.92,1.0,0.9454545454545454,1.0,0.0,1.0,High,2
60,Female,Other,Germany,0.8833333333333334,0.68,0.6000000000000001,0.3090909090909091,0.0,0.0,1.0,Low,1
23,Prefer not to say,IT,Australia,0.0166666666666666,0.38,0.7000000000000001,0.3636363636363636,0.5,0.0,0.6666666666666666,Medium,1
25,Prefer not to say,Sales,Other,0.7333333333333333,0.88,0.2,0.5636363636363636,1.0,0.6666666666666666,0.0,High,2
24,Prefer not to say,Education,India,0.85,0.64,0.9,0.5272727272727272,0.5,0.6666666666666666,0.6666666666666666,Medium,1
48,Male,Finance,Canada,0.7833333333333331,0.14,1.0,0.1636363636363636,0.0,0.6666666666666666,0.6666666666666666,Low,1
18,Female,Engineering,Other,0.5499999999999999,0.64,0.0,0.3272727272727272,0.5,0.6666666666666666,1.0,High,1
51,Prefer not to say,Sales,Germany,0.15,0.0,0.1,0.2181818181818181,0.0,0.3333333333333333,0.0,Low,0
25,Non-binary,Other,UK,0.0333333333333333,0.62,0.3,0.890909090909091,0.5,0.0,0.3333333333333333,High,0
44,Female,Education,Other,0.8666666666666666,0.9,0.0,0.3454545454545454,0.0,1.0,0.0,Medium,0
48,Male,Other,USA,0.8666666666666666,0.14,0.3,0.8363636363636363,0.0,0.6666666666666666,0.3333333333333333,Medium,0
61,Prefer not to say,Finance,Germany,0.3666666666666666,0.7400000000000001,0.7000000000000001,0.3272727272727272,0.0,0.3333333333333333,0.0,Low,0
61,Female,Engineering,Australia,0.8833333333333334,0.42,0.4,0.6181818181818182,0.0,0.6666666666666666,0.6666666666666666,Medium,1
53,Male,Other,Germany,0.0666666666666667,0.02,0.6000000000000001,0.6909090909090909,0.5,0.3333333333333333,0.6666666666666666,High,1
46,Male,Education,Canada,0.0833333333333333,0.5599999999999999,0.5,0.9636363636363636,1.0,1.0,0.0,High,2
62,Female,IT,UK,0.6333333333333332,0.62,0.8,0.4363636363636363,0.0,0.6666666666666666,0.6666666666666666,Medium,1
53,Prefer not to say,Other,USA,0.6166666666666666,0.3,1.0,0.5818181818181818,0.5,0.0,0.6666666666666666,Low,1
58,Prefer not to say,Finance,USA,0.0833333333333333,0.96,1.0,0.6909090909090909,0.0,0.0,0.3333333333333333,Medium,0
42,Non-binary,Healthcare,Australia,0.9499999999999998,0.7400000000000001,0.4,0.5636363636363636,1.0,0.3333333333333333,1.0,High,2
56,Non-binary,Engineering,Canada,0.7499999999999999,0.92,0.4,0.8727272727272727,0.0,0.0,1.0,Medium,1
64,Prefer not to say,Education,UK,0.35,0.26,0.3,0.7272727272727273,1.0,0.3333333333333333,0.6666666666666666,High,2
53,Prefer not to say,Education,India,0.6666666666666666,0.5200000000000001,0.3,0.4,0.5,0.6666666666666666,0.6666666666666666,High,1
19,Male,IT,USA,0.7333333333333333,0.68,0.0,0.5454545454545454,1.0,1.0,1.0,High,2
30,Male,Engineering,India,0.2666666666666666,0.5200000000000001,0.5,0.4,0.0,0.0,0.0,Low,0
43,Male,Sales,Other,0.9833333333333332,0.5400000000000001,0.8,0.8181818181818182,1.0,0.0,0.0,Low,2
29,Non-binary,Finance,Australia,0.8833333333333334,1.0,0.1,0.6545454545454544,0.5,1.0,0.6666666666666666,High,1
60,Non-binary,Other,Germany,0.7333333333333333,0.3400000000000001,0.9,0.5272727272727272,0.5,0.0,0.0,Low,0
40,Male,Sales,Canada,0.1166666666666667,0.2,0.7000000000000001,0.5636363636363636,0.5,1.0,0.3333333333333333,Medium,0
18,Non-binary,Healthcare,Germany,0.6666666666666666,0.14,0.9,0.8,1.0,0.3333333333333333,0.6666666666666666,Medium,2
35,Prefer not to say,Education,Germany,0.9166666666666666,0.16,0.7000000000000001,0.5636363636363636,0.0,1.0,0.3333333333333333,Low,0
65,Female,Healthcare,USA,0.6999999999999998,0.5400000000000001,0.8,0.4909090909090909,0.5,0.3333333333333333,0.0,Low,0
21,Female,Engineering,Germany,0.9499999999999998,0.02,0.0,0.9272727272727272,1.0,1.0,0.6666666666666666,High,2
52,Male,Finance,Canada,0.9166666666666666,0.5200000000000001,0.9,0.1090909090909091,0.5,0.0,1.0,Low,1
50,Non-binary,Engineering,UK,0.2333333333333334,0.84,0.6000000000000001,0.0727272727272727,1.0,0.3333333333333333,0.6666666666666666,High,2
57,Non-binary,Other,UK,0.6833333333333332,0.16,0.6000000000000001,0.8727272727272727,0.5,0.6666666666666666,0.3333333333333333,Medium,0
56,Female,Other,Australia,0.7666666666666665,0.3,0.9,0.9636363636363636,1.0,0.0,0.0,Low,2
33,Non-binary,Finance,Other,0.6333333333333332,0.94,0.2,0.3272727272727272,0.0,0.6666666666666666,1.0,High,1
64,Male,Engineering,Canada,0.15,0.66,0.4,0.7636363636363637,0.0,1.0,0.0,High,0
62,Prefer not to say,Sales,UK,0.8333333333333334,0.68,0.4,0.4545454545454545,0.0,0.0,0.0,Low,0
32,Male,Healthcare,Australia,0.7833333333333331,0.0,0.0,0.4,0.5,0.0,0.3333333333333333,Low,0
28,Male,Other,Germany,0.7499999999999999,0.82,0.2,0.9454545454545454,0.5,0.6666666666666666,0.3333333333333333,High,0
45,Female,Education,UK,0.2,0.28,0.7000000000000001,0.1454545454545454,0.5,0.6666666666666666,0.0,Low,0
50,Male,Engineering,Germany,0.3166666666666667,0.84,0.4,0.7636363636363637,0.5,1.0,0.0,High,0
64,Non-binary,Engineering,UK,0.2,0.4,0.5,0.3636363636363636,0.5,1.0,1.0,High,1
61,Female,Engineering,India,0.35,0.12,1.0,0.1090909090909091,1.0,1.0,0.6666666666666666,Medium,2
42,Non-binary,IT,Australia,0.9666666666666668,0.1,0.0,0.8363636363636363,1.0,1.0,0.3333333333333333,High,2
22,Non-binary,Finance,Canada,0.1833333333333332,0.24,0.2,0.8,0.5,0.0,1.0,High,1
29,Female,Sales,India,0.1166666666666667,0.92,0.2,0.9636363636363636,0.5,0.6666666666666666,0.0,High,0
31,Prefer not to say,Education,India,0.8833333333333334,0.7200000000000001,0.6000000000000001,0.4181818181818181,0.5,0.3333333333333333,0.3333333333333333,Medium,0
53,Prefer not to say,Engineering,Australia,0.0333333333333333,0.92,0.4,0.7818181818181817,1.0,1.0,1.0,High,2
61,Male,Other,Other,0.6333333333333332,0.1,0.4,0.1454545454545454,1.0,0.3333333333333333,1.0,Medium,2
45,Male,Healthcare,USA,0.2833333333333333,0.82,0.4,0.2363636363636363,1.0,0.0,0.6666666666666666,High,2
28,Female,Other,India,0.2833333333333333,0.44,0.5,0.2181818181818181,1.0,0.6666666666666666,0.6666666666666666,High,2
35,Female,Sales,India,0.0833333333333333,0.3,0.4,0.0,1.0,1.0,0.0,Medium,2
42,Female,Finance,India,0.85,0.82,0.2,0.2545454545454545,0.5,1.0,0.0,Medium,0
28,Non-binary,Finance,USA,0.9,0.82,0.6000000000000001,0.4727272727272728,0.5,0.3333333333333333,0.3333333333333333,Medium,0
31,Female,Sales,India,0.9666666666666668,0.7600000000000001,0.4,0.1272727272727272,0.0,0.6666666666666666,0.0,Low,0
29,Prefer not to say,Healthcare,India,1.0,0.24,0.1,0.1272727272727272,0.0,0.3333333333333333,0.0,Low,0
42,Female,Other,Canada,0.0,0.68,0.8,0.2,1.0,0.6666666666666666,0.6666666666666666,High,2
50,Male,Finance,USA,0.5333333333333333,0.92,0.4,0.2727272727272727,1.0,0.0,0.3333333333333333,Medium,2
19,Non-binary,Healthcare,Australia,0.2166666666666666,0.18,0.0,0.1272727272727272,1.0,1.0,1.0,High,2
19,Female,Education,Australia,0.1333333333333333,0.66,0.2,0.4181818181818181,1.0,0.3333333333333333,0.6666666666666666,High,2
48,Female,Engineering,UK,0.0666666666666667,0.4600000000000001,0.4,0.890909090909091,1.0,1.0,1.0,High,2
25,Prefer not to say,Sales,Germany,0.6666666666666666,0.98,1.0,0.9454545454545454,0.0,0.0,0.3333333333333333,Low,0
53,Male,Finance,India,0.6333333333333332,0.5000000000000001,0.8,0.1818181818181818,0.0,0.3333333333333333,0.3333333333333333,Low,0
58,Male,Sales,Canada,0.1833333333333332,0.7600000000000001,1.0,0.8181818181818182,0.5,0.0,0.6666666666666666,High,1
19,Male,Healthcare,Other,0.9,0.6,0.9,0.0727272727272727,0.5,0.3333333333333333,0.0,Low,0
26,Male,Other,Australia,0.9166666666666666,0.94,0.8,0.6,0.5,0.3333333333333333,0.6666666666666666,Medium,1
41,Male,Education,Germany,0.5166666666666665,0.7600000000000001,0.3,0.9454545454545454,0.5,0.3333333333333333,0.6666666666666666,High,1
62,Non-binary,Sales,USA,0.7833333333333331,0.2,0.2,0.4909090909090909,0.5,0.3333333333333333,1.0,Medium,1
57,Non-binary,IT,Canada,0.0666666666666667,0.88,0.0,0.890909090909091,0.5,0.6666666666666666,0.0,High,0
21,Male,Healthcare,USA,0.85,0.7400000000000001,0.9,0.1272727272727272,0.5,0.3333333333333333,0.0,Low,0
40,Male,Finance,UK,0.2999999999999999,0.5200000000000001,0.4,0.7818181818181817,1.0,0.3333333333333333,1.0,High,2
30,Non-binary,Finance,Canada,0.2833333333333333,0.08,0.9,0.6363636363636364,0.0,0.3333333333333333,0.3333333333333333,Low,0
32,Prefer not to say,Sales,Canada,0.4999999999999999,0.1,0.2,0.1818181818181818,0.0,0.6666666666666666,1.0,Medium,1
55,Female,Engineering,UK,0.0666666666666667,0.88,0.6000000000000001,0.0181818181818181,1.0,1.0,0.0,High,2
35,Male,IT,USA,0.2,0.58,0.1,0.2727272727272727,1.0,0.3333333333333333,1.0,High,2
33,Prefer not to say,Sales,UK,0.1166666666666667,0.26,0.0,0.1454545454545454,1.0,0.6666666666666666,1.0,High,2
60,Non-binary,Education,UK,0.1666666666666666,0.7200000000000001,0.0,0.7818181818181817,0.5,0.6666666666666666,0.6666666666666666,High,1
19,Prefer not to say,Education,Canada,0.6,0.62,0.9,0.8,0.0,0.6666666666666666,0.3333333333333333,Medium,0
58,Non-binary,Sales,India,0.6666666666666666,0.96,0.1,0.509090909090909,0.0,0.0,0.0,Low,0
65,Female,IT,Other,0.2166666666666666,0.96,0.7000000000000001,0.0545454545454545,1.0,0.3333333333333333,0.0,Medium,2
38,Non-binary,IT,USA,0.1833333333333332,0.94,0.4,0.0363636363636363,1.0,0.6666666666666666,0.6666666666666666,High,2
25,Non-binary,Sales,UK,0.4999999999999999,0.84,0.4,0.8181818181818182,1.0,1.0,0.3333333333333333,High,2
26,Male,Engineering,Germany,0.4166666666666666,0.82,0.0,0.2909090909090909,1.0,0.6666666666666666,0.0,High,2
46,Female,IT,Other,0.2333333333333334,0.36,0.0,0.9636363636363636,0.5,1.0,1.0,High,1
41,Male,IT,Germany,0.3833333333333332,0.4800000000000001,0.4,0.8545454545454546,0.5,0.3333333333333333,1.0,High,1
61,Male,Other,Germany,0.7333333333333333,0.84,0.7000000000000001,0.2727272727272727,0.5,0.6666666666666666,0.6666666666666666,Medium,1
47,Non-binary,IT,India,0.3666666666666666,0.02,0.1,0.8545454545454546,1.0,0.0,1.0,High,2
40,Male,Healthcare,Australia,0.85,0.14,0.9,0.3272727272727272,1.0,0.6666666666666666,0.3333333333333333,Low,2
19,Prefer not to say,Education,UK,0.6166666666666666,0.82,0.8,0.9272727272727272,0.0,0.6666666666666666,1.0,High,1
46,Male,Healthcare,Other,0.5666666666666668,0.92,0.1,0.2909090909090909,1.0,1.0,0.0,High,2
43,Prefer not to say,Sales,India,0.4999999999999999,0.14,0.1,0.2181818181818181,0.0,0.0,0.0,Low,0
35,Prefer not to say,Finance,Canada,0.2166666666666666,0.18,0.5,0.1818181818181818,0.5,0.3333333333333333,0.0,Low,0
49,Non-binary,Other,Australia,0.9166666666666666,0.7200000000000001,0.7000000000000001,0.9272727272727272,1.0,0.6666666666666666,0.3333333333333333,High,2
21,Prefer not to say,Healthcare,Canada,0.85,0.92,0.2,0.2909090909090909,1.0,1.0,1.0,High,2
28,Female,Engineering,Australia,0.7666666666666665,0.5200000000000001,0.6000000000000001,0.8727272727272727,1.0,0.6666666666666666,0.3333333333333333,High,2
58,Non-binary,Other,Canada,0.4833333333333333,0.08,0.8,0.4909090909090909,0.0,0.0,0.6666666666666666,Low,1
37,Non-binary,Engineering,UK,0.3666666666666666,0.7600000000000001,0.3,0.7272727272727273,0.0,1.0,1.0,High,1
61,Prefer not to say,Other,Germany,0.7666666666666665,0.28,0.0,0.7090909090909091,1.0,0.6666666666666666,0.3333333333333333,High,2
45,Male,Education,Canada,0.2,0.5400000000000001,0.2,0.8,1.0,0.3333333333333333,0.0,High,2
31,Male,Finance,Canada,0.6666666666666666,0.08,1.0,0.6363636363636364,0.5,0.3333333333333333,0.0,Low,0
49,Female,Education,USA,0.1333333333333333,0.16,0.4,0.4363636363636363,1.0,0.3333333333333333,1.0,High,2
50,Prefer not to say,Other,Other,0.0333333333333333,0.66,0.2,0.0727272727272727,0.5,0.0,1.0,High,1
32,Non-binary,Sales,Canada,0.9833333333333332,0.88,0.4,0.7090909090909091,0.0,0.0,0.6666666666666666,Medium,1
38,Prefer not to say,Finance,Other,0.5833333333333334,0.7200000000000001,0.1,0.8,0.0,1.0,0.0,High,0
42,Non-binary,Engineering,Other,0.7833333333333331,0.4600000000000001,0.9,0.3636363636363636,0.0,1.0,0.0,Low,0
28,Prefer not to say,Engineering,USA,0.2,0.58,0.7000000000000001,0.2545454545454545,0.5,0.0,0.3333333333333333,Low,0
55,Male,Engineering,Canada,0.0666666666666667,0.82,0.0,0.4727272727272728,0.5,0.6666666666666666,0.6666666666666666,High,1
61,Non-binary,Education,USA,1.0,0.88,0.6000000000000001,0.5818181818181818,0.0,0.0,0.0,Low,0
31,Non-binary,Finance,Australia,0.9666666666666668,0.7200000000000001,0.8,0.2909090909090909,1.0,0.6666666666666666,0.3333333333333333,Medium,2
44,Prefer not to say,Education,India,0.7499999999999999,0.2,0.0,0.8181818181818182,0.5,1.0,0.6666666666666666,High,1
35,Female,Other,Canada,0.8166666666666668,0.5000000000000001,0.1,0.9454545454545454,1.0,1.0,0.6666666666666666,High,2
49,Prefer not to say,Education,India,0.8666666666666666,0.64,1.0,0.1272727272727272,0.0,0.6666666666666666,1.0,Low,1
46,Prefer not to say,Sales,USA,0.7666666666666665,0.7400000000000001,0.3,0.3090909090909091,0.5,0.0,0.0,Low,0
41,Male,Finance,UK,0.0166666666666666,0.7000000000000001,0.5,0.5272727272727272,0.0,0.3333333333333333,0.0,Medium,0
56,Prefer not to say,IT,Canada,0.85,0.3,0.9,0.9454545454545454,0.0,0.0,0.6666666666666666,Low,1
46,Non-binary,Other,Other,0.0999999999999999,0.5200000000000001,0.1,0.6545454545454544,0.5,1.0,0.6666666666666666,High,1
57,Female,IT,Canada,0.7666666666666665,0.84,0.0,0.7454545454545454,0.0,0.6666666666666666,0.6666666666666666,High,1
38,Prefer not to say,Healthcare,India,0.8666666666666666,0.7200000000000001,0.0,0.9818181818181818,1.0,1.0,0.3333333333333333,High,2
42,Male,Sales,India,0.6666666666666666,0.4600000000000001,0.1,0.4181818181818181,1.0,0.6666666666666666,0.3333333333333333,High,2
33,Non-binary,Finance,Other,0.7833333333333331,0.62,0.2,0.1090909090909091,1.0,0.0,0.6666666666666666,Medium,2
23,Female,Sales,UK,0.9666666666666668,0.28,0.0,0.3090909090909091,1.0,0.6666666666666666,0.3333333333333333,Medium,2
23,Male,Education,Other,0.6166666666666666,0.7400000000000001,0.6000000000000001,0.4,1.0,0.0,0.0,Medium,2
62,Non-binary,Healthcare,Other,0.7833333333333331,0.22,1.0,0.5818181818181818,0.0,0.6666666666666666,0.3333333333333333,Low,0
42,Prefer not to say,Healthcare,Germany,0.5499999999999999,0.3,0.7000000000000001,0.2727272727272727,1.0,0.0,0.0,Low,2
26,Non-binary,IT,USA,0.4166666666666666,0.5000000000000001,0.2,0.9636363636363636,0.5,0.0,0.0,Medium,0
32,Male,Sales,Other,0.8833333333333334,0.94,0.2,0.1272727272727272,1.0,0.6666666666666666,1.0,High,2
36,Non-binary,Other,Other,0.6833333333333332,0.24,0.1,0.7818181818181817,0.5,1.0,0.6666666666666666,High,1
42,Male,Education,Canada,0.1833333333333332,0.22,0.7000000000000001,0.1454545454545454,0.5,1.0,1.0,Medium,1
51,Male,Engineering,Germany,0.2333333333333334,0.5000000000000001,0.9,0.4181818181818181,1.0,0.3333333333333333,0.6666666666666666,High,2
61,Male,Engineering,USA,0.2666666666666666,0.7800000000000001,0.2,0.6363636363636364,1.0,1.0,1.0,High,2
30,Female,Finance,Other,0.5499999999999999,0.44,0.6000000000000001,0.5636363636363636,0.0,0.3333333333333333,1.0,Medium,1
30,Non-binary,IT,UK,0.9,0.1,0.6000000000000001,0.5454545454545454,0.0,0.0,0.6666666666666666,Low,1
46,Female,Sales,Germany,0.4166666666666666,0.7800000000000001,0.8,0.8727272727272727,0.5,0.6666666666666666,1.0,High,1
37,Male,Engineering,Canada,0.0,0.14,0.1,0.5636363636363636,1.0,0.6666666666666666,0.3333333333333333,High,2
18,Prefer not to say,Healthcare,Germany,0.7166666666666667,0.62,0.8,0.9818181818181818,1.0,0.6666666666666666,1.0,High,2
22,Non-binary,IT,USA,0.35,0.5000000000000001,0.2,0.8,1.0,0.6666666666666666,0.6666666666666666,High,2
21,Female,Other,India,0.6666666666666666,0.06,0.5,0.7090909090909091,1.0,0.6666666666666666,0.0,Medium,2
61,Male,IT,Canada,0.6666666666666666,0.58,0.4,0.2363636363636363,0.5,0.6666666666666666,0.0,Low,0
47,Non-binary,Sales,USA,0.5666666666666668,0.4600000000000001,0.9,0.4,1.0,1.0,1.0,High,2
65,Non-binary,Finance,UK,0.7833333333333331,0.9,0.0,0.2909090909090909,0.5,0.6666666666666666,1.0,High,1
51,Non-binary,Other,Other,0.8833333333333334,0.22,1.0,0.3454545454545454,0.0,1.0,0.0,Low,0
59,Female,Other,India,0.15,0.58,0.3,0.9454545454545454,0.5,0.6666666666666666,0.6666666666666666,High,1
52,Female,Engineering,USA,0.2666666666666666,0.4800000000000001,0.6000000000000001,0.8363636363636363,1.0,0.6666666666666666,0.6666666666666666,High,2
43,Prefer not to say,Education,USA,0.6833333333333332,0.66,0.4,0.5818181818181818,1.0,0.0,0.3333333333333333,Medium,2
63,Female,Education,Other,0.8666666666666666,0.4,0.1,0.2181818181818181,0.0,1.0,0.6666666666666666,Medium,1
30,Male,IT,USA,0.7166666666666667,0.08,1.0,0.2363636363636363,0.5,1.0,1.0,Low,1
39,Female,Engineering,UK,0.4999999999999999,0.9,0.7000000000000001,0.7090909090909091,0.5,1.0,0.3333333333333333,High,0
33,Prefer not to say,Engineering,Canada,0.0666666666666667,0.6,0.2,0.2363636363636363,1.0,1.0,1.0,High,2
55,Prefer not to say,IT,Australia,0.9166666666666666,0.4800000000000001,0.0,0.4181818181818181,0.5,1.0,1.0,High,1
29,Prefer not to say,Other,UK,0.0999999999999999,0.7800000000000001,0.8,0.6181818181818182,1.0,0.6666666666666666,0.6666666666666666,High,2
40,Prefer not to say,IT,Canada,0.4333333333333332,0.22,0.8,0.9090909090909092,0.5,0.3333333333333333,0.6666666666666666,Medium,1
26,Male,Sales,Germany,0.7666666666666665,0.3400000000000001,0.6000000000000001,0.2545454545454545,0.5,1.0,0.0,Low,0
29,Female,Healthcare,Australia,0.2166666666666666,0.08,1.0,0.2909090909090909,1.0,0.3333333333333333,0.0,Low,2
23,Female,IT,Other,0.7499999999999999,0.14,0.4,0.0,0.0,0.3333333333333333,0.6666666666666666,Low,1
32,Female,IT,UK,0.25,0.66,0.6000000000000001,0.4181818181818181,0.5,0.0,0.6666666666666666,High,1
58,Female,Sales,Germany,0.9499999999999998,0.68,0.4,0.7272727272727273,0.5,0.6666666666666666,0.6666666666666666,High,1
58,Female,Finance,USA,0.4,0.94,1.0,0.1272727272727272,0.5,0.3333333333333333,0.6666666666666666,Medium,1
32,Female,Engineering,UK,0.3666666666666666,0.86,0.8,0.0,0.5,1.0,0.3333333333333333,Medium,0
60,Non-binary,Education,Canada,0.9666666666666668,0.16,0.9,0.8181818181818182,0.5,1.0,0.0,Low,0
46,Female,Other,India,0.8833333333333334,0.04,0.3,0.0545454545454545,0.5,0.6666666666666666,1.0,Medium,1
44,Female,Education,USA,0.6666666666666666,0.1,0.7000000000000001,0.7090909090909091,0.0,0.0,0.3333333333333333,Low,0
23,Prefer not to say,Finance,Germany,0.1166666666666667,0.64,0.2,0.9636363636363636,1.0,0.0,1.0,High,2
39,Prefer not to say,Sales,Germany,0.6,0.16,0.3,0.9272727272727272,0.5,0.6666666666666666,0.3333333333333333,High,0
30,Non-binary,Sales,Canada,0.2833333333333333,0.26,0.3,0.1818181818181818,1.0,0.3333333333333333,0.6666666666666666,High,2
53,Male,Engineering,India,0.7333333333333333,0.7800000000000001,0.1,0.3272727272727272,1.0,0.6666666666666666,0.6666666666666666,High,2
51,Prefer not to say,Healthcare,USA,0.9499999999999998,0.44,1.0,0.1090909090909091,0.0,1.0,0.3333333333333333,Low,0
55,Female,Other,USA,0.0333333333333333,0.8000000000000002,0.6000000000000001,0.8,1.0,1.0,0.3333333333333333,High,2
51,Non-binary,Engineering,USA,0.4333333333333332,0.28,0.6000000000000001,0.2363636363636363,0.0,1.0,0.0,Low,0
44,Non-binary,Finance,Germany,0.45,0.36,0.2,0.5272727272727272,0.5,0.0,0.3333333333333333,Medium,0
43,Non-binary,Engineering,India,0.2999999999999999,0.36,0.3,0.4363636363636363,0.5,1.0,1.0,High,1
31,Prefer not to say,Healthcare,Canada,0.9499999999999998,0.36,0.6000000000000001,0.6363636363636364,1.0,1.0,1.0,High,2
39,Female,Healthcare,India,0.4666666666666667,0.7800000000000001,0.6000000000000001,0.9272727272727272,0.5,0.6666666666666666,0.6666666666666666,High,1
64,Prefer not to say,IT,India,0.2666666666666666,0.28,0.6000000000000001,0.8181818181818182,0.5,0.3333333333333333,0.6666666666666666,High,1
24,Non-binary,Engineering,Canada,0.1666666666666666,0.58,0.5,0.2727272727272727,0.5,0.6666666666666666,0.6666666666666666,High,1
61,Prefer not to say,Sales,Australia,0.9166666666666666,0.64,1.0,0.1454545454545454,1.0,0.0,1.0,Low,2
30,Prefer not to say,Healthcare,Germany,0.5166666666666665,0.58,0.0,0.7818181818181817,1.0,0.3333333333333333,0.3333333333333333,High,2
40,Prefer not to say,Finance,Australia,0.6999999999999998,0.9,0.4,0.5636363636363636,1.0,0.3333333333333333,0.0,Medium,2
64,Non-binary,Healthcare,India,0.7833333333333331,0.62,0.3,0.6727272727272727,0.5,0.3333333333333333,1.0,High,1
60,Prefer not to say,Healthcare,Other,0.3833333333333332,0.3,0.3,0.4545454545454545,0.5,1.0,0.0,Medium,0
46,Prefer not to say,Other,UK,0.0999999999999999,1.0,0.7000000000000001,0.0727272727272727,0.0,0.6666666666666666,0.3333333333333333,Medium,0
51,Female,Other,India,0.0333333333333333,0.3,0.9,0.5272727272727272,0.0,1.0,1.0,Medium,1
27,Female,Other,India,0.9666666666666668,0.2,0.3,0.0181818181818181,0.0,1.0,0.3333333333333333,Low,0
44,Prefer not to say,Finance,Germany,0.7499999999999999,0.22,0.1,0.5454545454545454,1.0,1.0,0.6666666666666666,High,2
43,Male,Engineering,Canada,0.7166666666666667,0.3400000000000001,0.4,0.9272727272727272,0.5,1.0,1.0,High,1
37,Non-binary,Other,UK,0.1833333333333332,0.04,0.7000000000000001,0.0727272727272727,1.0,0.3333333333333333,0.0,Low,2
55,Prefer not to say,Engineering,Germany,0.8333333333333334,0.5599999999999999,0.9,0.509090909090909,0.0,1.0,0.0,Low,0
24,Prefer not to say,Finance,Canada,0.0666666666666667,0.62,0.2,0.7454545454545454,1.0,0.6666666666666666,0.6666666666666666,High,2
28,Prefer not to say,Sales,India,0.35,0.84,0.3,0.3090909090909091,0.5,0.6666666666666666,0.6666666666666666,High,1
57,Prefer not to say,Healthcare,Canada,0.5166666666666665,0.66,0.6000000000000001,0.4727272727272728,0.5,0.3333333333333333,0.6666666666666666,High,1
41,Non-binary,Other,India,0.0499999999999999,0.7800000000000001,0.7000000000000001,0.1454545454545454,0.5,0.0,0.0,Low,0
36,Male,Sales,India,0.2166666666666666,0.32,0.3,0.890909090909091,0.5,0.3333333333333333,1.0,High,1
26,Non-binary,IT,India,0.5166666666666665,0.88,0.1,0.6181818181818182,0.5,0.6666666666666666,0.6666666666666666,High,1
31,Male,Healthcare,UK,0.0999999999999999,0.24,0.4,0.8363636363636363,0.0,1.0,0.6666666666666666,High,1
27,Female,Sales,Germany,0.9166666666666666,0.68,0.4,0.1454545454545454,0.0,1.0,0.6666666666666666,Medium,1
43,Female,Finance,UK,0.3666666666666666,0.5200000000000001,0.2,0.6363636363636364,1.0,0.3333333333333333,1.0,High,2
25,Prefer not to say,Sales,Other,0.6666666666666666,0.96,0.0,0.9090909090909092,1.0,0.3333333333333333,0.3333333333333333,High,2
51,Non-binary,Education,USA,0.1666666666666666,0.7200000000000001,0.7000000000000001,0.8727272727272727,0.5,0.0,1.0,High,1
50,Non-binary,Education,USA,0.1666666666666666,0.22,0.0,0.6545454545454544,0.5,0.6666666666666666,0.6666666666666666,High,1
42,Female,Finance,Canada,0.1333333333333333,0.58,1.0,0.7090909090909091,0.5,0.0,0.3333333333333333,Medium,0
21,Prefer not to say,Sales,UK,0.0333333333333333,0.58,0.4,0.3454545454545454,0.0,0.6666666666666666,0.0,Medium,0
28,Female,Healthcare,USA,0.7166666666666667,0.92,0.3,0.8545454545454546,1.0,0.6666666666666666,0.0,High,2
56,Non-binary,Healthcare,Canada,0.0166666666666666,0.32,0.1,0.5272727272727272,0.0,0.3333333333333333,0.3333333333333333,Medium,0
39,Non-binary,Healthcare,India,0.3833333333333332,0.2,0.1,0.5272727272727272,0.5,0.3333333333333333,0.3333333333333333,Medium,0
38,Non-binary,Healthcare,Germany,0.4333333333333332,0.24,0.9,0.6545454545454544,0.0,0.0,0.6666666666666666,Low,1
20,Prefer not to say,Engineering,Australia,0.4,0.8000000000000002,0.4,0.2545454545454545,0.5,0.6666666666666666,0.6666666666666666,High,1
20,Non-binary,Finance,Germany,0.9166666666666666,0.06,0.4,0.9818181818181818,1.0,0.6666666666666666,1.0,High,2
41,Male,Finance,USA,0.7666666666666665,0.84,1.0,0.1090909090909091,0.0,0.0,0.0,Low,0
25,Female,Finance,Canada,0.4333333333333332,0.44,0.0,0.0181818181818181,0.5,1.0,1.0,High,1
38,Male,Other,India,0.5166666666666665,0.04,0.9,0.6727272727272727,0.0,0.0,0.6666666666666666,Low,1
63,Male,Other,UK,0.65,0.06,0.9,0.4545454545454545,1.0,1.0,0.3333333333333333,Medium,2
62,Male,Sales,USA,0.7333333333333333,0.7600000000000001,0.6000000000000001,0.5636363636363636,0.0,0.0,0.0,Low,0
37,Female,Healthcare,Canada,1.0,0.5200000000000001,0.4,0.4181818181818181,1.0,0.6666666666666666,0.0,Medium,2
50,Female,Sales,Germany,0.0,0.08,0.1,0.1636363636363636,1.0,0.6666666666666666,0.3333333333333333,High,2
58,Male,IT,USA,0.8666666666666666,0.3,0.2,0.0181818181818181,0.0,0.3333333333333333,0.0,Low,0
44,Non-binary,Engineering,India,0.0499999999999999,0.1,0.9,0.8363636363636363,0.0,0.6666666666666666,0.3333333333333333,Medium,0
35,Non-binary,Finance,UK,0.3333333333333333,0.7000000000000001,0.6000000000000001,0.4545454545454545,0.5,1.0,1.0,High,1
37,Prefer not to say,IT,USA,0.1666666666666666,0.9,0.4,0.7454545454545454,0.5,1.0,0.6666666666666666,High,1
42,Male,Other,Germany,0.35,0.22,0.1,0.2363636363636363,1.0,0.0,1.0,Medium,2
44,Female,Finance,USA,0.45,0.22,0.8,0.4,0.5,0.0,0.0,Low,0
63,Non-binary,Education,UK,0.2999999999999999,0.7400000000000001,0.8,0.7272727272727273,1.0,0.3333333333333333,0.6666666666666666,High,2
23,Prefer not to say,Finance,India,0.45,0.86,0.0,0.509090909090909,0.0,1.0,0.3333333333333333,High,0
21,Male,Finance,India,0.35,0.5200000000000001,1.0,0.6545454545454544,1.0,0.6666666666666666,0.0,Medium,2
29,Male,Other,Canada,0.0999999999999999,0.5200000000000001,0.7000000000000001,0.0,0.5,1.0,0.3333333333333333,Medium,0
44,Prefer not to say,Finance,UK,0.8333333333333334,0.68,0.4,0.8,0.0,0.6666666666666666,1.0,High,1
42,Male,Engineering,Australia,0.6,0.24,0.9,0.1636363636363636,0.0,0.0,0.3333333333333333,Low,0
35,Male,Education,Canada,0.5666666666666668,0.5200000000000001,0.4,0.6545454545454544,1.0,0.3333333333333333,0.0,Medium,2
60,Male,Finance,Other,0.8000000000000002,0.7000000000000001,1.0,0.3272727272727272,1.0,0.6666666666666666,0.3333333333333333,Medium,2
42,Female,Other,Germany,0.3666666666666666,0.2,0.3,0.4727272727272728,0.5,1.0,0.6666666666666666,High,1
53,Female,IT,Canada,0.3333333333333333,0.82,0.1,0.2,0.0,0.3333333333333333,0.3333333333333333,Medium,0
48,Non-binary,Education,Germany,0.0499999999999999,0.26,0.7000000000000001,1.0,0.5,0.6666666666666666,1.0,High,1
48,Prefer not to say,Healthcare,USA,0.2,0.3,0.1,0.6727272727272727,0.5,0.3333333333333333,1.0,High,1
44,Prefer not to say,Sales,UK,0.0666666666666667,0.5200000000000001,0.1,0.9090909090909092,1.0,0.0,1.0,High,2
44,Male,Finance,Canada,0.6,0.68,0.9,0.6545454545454544,1.0,0.3333333333333333,0.0,Medium,2
23,Prefer not to say,Other,Other,0.1666666666666666,0.68,1.0,0.6363636363636364,0.5,1.0,0.3333333333333333,High,0
35,Female,IT,Other,0.7333333333333333,0.08,0.7000000000000001,0.2363636363636363,0.5,0.0,0.0,Low,0
26,Non-binary,IT,Canada,0.85,0.32,0.0,0.4727272727272728,0.5,0.6666666666666666,0.3333333333333333,Medium,0
57,Male,IT,India,0.3666666666666666,0.7400000000000001,0.2,0.9636363636363636,1.0,0.0,1.0,High,2
53,Female,Engineering,UK,0.9833333333333332,0.16,0.2,0.2363636363636363,0.5,1.0,0.6666666666666666,Medium,1
53,Prefer not to say,Sales,India,0.5166666666666665,0.9,1.0,0.8363636363636363,1.0,0.6666666666666666,0.3333333333333333,High,2
24,Male,Healthcare,USA,0.2,0.4,0.2,0.2545454545454545,1.0,0.6666666666666666,0.6666666666666666,High,2
20,Non-binary,Finance,Australia,0.85,0.22,0.4,0.4181818181818181,0.0,0.3333333333333333,0.6666666666666666,Low,1
22,Prefer not to say,Healthcare,Canada,0.4833333333333333,0.06,0.5,0.7090909090909091,0.5,0.6666666666666666,0.6666666666666666,High,1
59,Male,Other,Australia,0.3666666666666666,0.04,1.0,0.0909090909090909,0.0,0.0,0.3333333333333333,Low,0
55,Male,IT,Australia,0.6166666666666666,0.04,0.3,0.5636363636363636,1.0,0.3333333333333333,0.6666666666666666,High,2
45,Male,Other,India,0.3833333333333332,0.84,0.0,0.3090909090909091,1.0,1.0,1.0,High,2
37,Prefer not to say,Education,Canada,0.4166666666666666,0.0,0.8,0.9636363636363636,0.0,0.0,0.3333333333333333,Low,0
57,Male,Engineering,USA,0.9,0.04,0.7000000000000001,1.0,0.0,0.6666666666666666,0.3333333333333333,Low,0
32,Female,Engineering,UK,0.0,0.4600000000000001,0.8,0.4181818181818181,1.0,1.0,0.6666666666666666,High,2
63,Male,Engineering,India,0.9666666666666668,0.7400000000000001,0.9,0.7454545454545454,0.0,0.3333333333333333,0.6666666666666666,Medium,1
24,Prefer not to say,Healthcare,USA,0.1166666666666667,0.4800000000000001,0.5,0.8,0.0,1.0,0.3333333333333333,High,0
45,Female,Sales,India,0.8166666666666668,0.22,0.6000000000000001,0.6363636363636364,0.0,0.0,0.3333333333333333,Low,0
49,Male,Education,Australia,0.3166666666666667,0.82,0.2,0.1272727272727272,0.0,0.3333333333333333,1.0,High,1
45,Prefer not to say,Healthcare,USA,0.6333333333333332,0.32,0.7000000000000001,0.5272727272727272,0.5,0.0,0.6666666666666666,Low,1
36,Female,Other,UK,0.7499999999999999,0.68,0.9,0.5454545454545454,0.5,0.3333333333333333,0.6666666666666666,Medium,1
47,Female,Healthcare,India,0.1666666666666666,0.66,0.1,0.2,0.5,1.0,0.3333333333333333,High,0
42,Prefer not to say,IT,Canada,0.1333333333333333,0.38,0.5,0.5272727272727272,0.0,0.0,0.0,Low,0
43,Male,Finance,Canada,0.2166666666666666,0.0,0.0,0.0545454545454545,0.5,0.6666666666666666,0.0,Medium,0
60,Male,Engineering,Canada,0.5499999999999999,0.8000000000000002,0.1,0.8363636363636363,0.5,0.0,0.3333333333333333,High,0
51,Non-binary,Healthcare,India,0.2333333333333334,0.28,0.4,0.7636363636363637,0.0,0.0,1.0,Medium,1
62,Male,Education,USA,0.0333333333333333,0.5599999999999999,0.9,0.2181818181818181,0.0,0.3333333333333333,0.0,Low,0
58,Non-binary,IT,Australia,0.7833333333333331,0.18,0.3,0.2363636363636363,0.5,0.0,0.6666666666666666,Low,1
36,Female,Engineering,UK,0.8666666666666666,0.5000000000000001,0.9,0.0,0.0,1.0,0.3333333333333333,Low,0
20,Male,Finance,UK,0.6166666666666666,0.08,0.6000000000000001,0.6,1.0,0.0,1.0,Medium,2
54,Prefer not to say,Other,UK,0.2,0.5599999999999999,0.7000000000000001,0.3454545454545454,0.0,0.3333333333333333,1.0,Medium,1
23,Female,Engineering,Germany,0.2833333333333333,0.38,0.2,0.0,1.0,0.6666666666666666,1.0,High,2
65,Male,IT,Australia,0.2333333333333334,0.02,0.2,0.9272727272727272,1.0,0.6666666666666666,0.3333333333333333,High,2
35,Male,Other,USA,0.9499999999999998,0.94,0.4,0.1454545454545454,0.5,0.3333333333333333,0.6666666666666666,Medium,1
48,Prefer not to say,Education,UK,0.2333333333333334,0.7200000000000001,0.0,0.4909090909090909,0.5,0.3333333333333333,0.3333333333333333,High,0
39,Female,IT,UK,0.4166666666666666,0.7600000000000001,0.0,0.3090909090909091,1.0,0.0,0.6666666666666666,High,2
55,Male,IT,India,1.0,0.9,0.1,0.2545454545454545,0.5,1.0,0.6666666666666666,High,1
56,Non-binary,Sales,Canada,0.8166666666666668,0.44,0.8,0.0363636363636363,0.0,1.0,1.0,Low,1
45,Female,IT,Australia,0.0666666666666667,0.98,1.0,0.9454545454545454,1.0,0.3333333333333333,0.6666666666666666,High,2
36,Prefer not to say,Finance,Australia,0.7499999999999999,0.68,0.1,0.7636363636363637,0.0,0.3333333333333333,0.0,Medium,0
42,Male,Engineering,USA,0.65,0.08,0.7000000000000001,0.6,0.5,0.0,1.0,Low,1
46,Female,IT,Germany,0.9,0.18,0.5,0.6545454545454544,0.0,0.3333333333333333,0.6666666666666666,Low,1
25,Prefer not to say,Education,Germany,0.2666666666666666,0.6,1.0,0.0181818181818181,0.0,0.6666666666666666,0.0,Low,0
25,Non-binary,Finance,UK,0.5499999999999999,0.86,0.8,0.1636363636363636,1.0,1.0,0.0,Medium,2
35,Male,Engineering,India,0.4333333333333332,0.36,0.8,0.9454545454545454,0.0,0.3333333333333333,0.6666666666666666,Medium,1
44,Female,IT,UK,0.0999999999999999,0.02,0.9,0.3454545454545454,0.0,0.6666666666666666,0.6666666666666666,Medium,1
22,Female,Education,India,0.5499999999999999,0.88,0.4,0.5636363636363636,1.0,0.6666666666666666,0.6666666666666666,High,2
30,Female,Finance,Other,0.7833333333333331,0.4600000000000001,0.0,0.5454545454545454,0.5,1.0,1.0,High,1
45,Male,Engineering,Germany,0.1333333333333333,0.02,0.7000000000000001,0.2909090909090909,0.0,0.0,0.0,Low,0
51,Non-binary,Other,Other,0.4333333333333332,0.8000000000000002,0.1,0.0727272727272727,0.0,1.0,0.6666666666666666,High,1
29,Prefer not to say,Healthcare,India,0.3833333333333332,0.7000000000000001,0.5,0.6545454545454544,0.5,0.6666666666666666,1.0,High,1
39,Prefer not to say,IT,Canada,0.2333333333333334,0.64,0.2,0.509090909090909,1.0,0.0,0.3333333333333333,High,2
45,Prefer not to say,Engineering,Other,0.0,0.14,0.4,0.8,1.0,0.0,1.0,High,2
42,Prefer not to say,Other,Australia,0.2333333333333334,0.9,0.4,0.4181818181818181,0.0,0.6666666666666666,0.6666666666666666,High,1
62,Female,Sales,USA,0.0166666666666666,0.9,0.1,0.8545454545454546,0.5,0.6666666666666666,0.3333333333333333,High,0
64,Male,Education,Australia,0.4333333333333332,0.24,0.4,0.8181818181818182,0.5,0.6666666666666666,0.0,Medium,0
55,Prefer not to say,Other,Canada,0.5666666666666668,0.18,0.1,0.0363636363636363,1.0,0.3333333333333333,0.3333333333333333,Medium,2
39,Female,Sales,UK,0.65,0.86,0.4,0.7090909090909091,1.0,1.0,0.6666666666666666,High,2
43,Female,Other,Australia,0.9666666666666668,0.96,0.6000000000000001,0.7090909090909091,0.0,1.0,0.0,Medium,0
43,Female,Healthcare,India,0.8000000000000002,0.7000000000000001,0.1,0.3454545454545454,1.0,0.3333333333333333,1.0,High,2
54,Male,Education,Australia,0.0833333333333333,0.28,0.4,0.0363636363636363,0.5,0.3333333333333333,1.0,Medium,1
18,Male,Education,Canada,0.2,0.4600000000000001,0.5,0.4,1.0,1.0,1.0,High,2
61,Male,Other,India,0.9666666666666668,0.1,0.2,0.2181818181818181,0.0,0.3333333333333333,1.0,Low,1
65,Non-binary,Other,India,0.7166666666666667,0.8000000000000002,0.2,0.9818181818181818,0.0,0.3333333333333333,0.0,Medium,0
54,Non-binary,Engineering,Canada,0.5666666666666668,0.16,0.5,0.1090909090909091,0.0,0.6666666666666666,0.3333333333333333,Low,0
33,Prefer not to say,IT,Germany,0.4666666666666667,0.4,0.8,0.8181818181818182,0.5,0.0,0.0,Low,0
61,Male,Other,Other,1.0,0.7200000000000001,0.7000000000000001,0.7090909090909091,1.0,1.0,1.0,High,2
20,Prefer not to say,Education,Canada,0.8833333333333334,0.7000000000000001,0.7000000000000001,0.2909090909090909,0.5,0.3333333333333333,0.3333333333333333,Low,0
61,Male,IT,India,0.0999999999999999,0.28,0.7000000000000001,0.6727272727272727,0.5,0.6666666666666666,1.0,High,1
27,Female,Engineering,Canada,0.6333333333333332,0.4600000000000001,0.0,0.6181818181818182,1.0,0.6666666666666666,0.0,High,2
36,Female,Engineering,Other,0.5833333333333334,0.06,0.1,0.9090909090909092,1.0,0.6666666666666666,1.0,High,2
45,Prefer not to say,Healthcare,India,0.4833333333333333,0.86,1.0,0.3818181818181818,0.0,0.3333333333333333,1.0,Medium,1
25,Male,IT,Other,0.7499999999999999,0.98,0.4,0.4727272727272728,0.5,0.6666666666666666,1.0,High,1
65,Non-binary,Engineering,UK,0.0,0.7600000000000001,0.3,0.4545454545454545,0.5,1.0,1.0,High,1
34,Male,IT,Australia,0.9333333333333332,0.84,0.5,0.0181818181818181,0.0,0.0,0.0,Low,0
52,Prefer not to say,Other,Canada,0.0166666666666666,0.64,0.8,0.890909090909091,1.0,1.0,0.3333333333333333,High,2
30,Male,Engineering,Australia,0.4,0.96,0.2,0.6727272727272727,0.0,0.0,1.0,High,1
22,Female,Finance,UK,0.65,0.7600000000000001,0.7000000000000001,0.3636363636363636,0.0,0.3333333333333333,0.6666666666666666,Medium,1
52,Female,Sales,Other,0.4666666666666667,0.7000000000000001,0.7000000000000001,0.2909090909090909,0.5,0.3333333333333333,0.6666666666666666,Medium,1
64,Prefer not to say,IT,Canada,0.3166666666666667,0.06,0.0,0.1090909090909091,0.5,0.0,1.0,Medium,1
62,Non-binary,Finance,USA,0.4833333333333333,0.5000000000000001,0.9,0.6181818181818182,0.0,0.6666666666666666,1.0,Medium,1
58,Prefer not to say,Finance,Other,0.5833333333333334,0.3400000000000001,0.7000000000000001,0.1636363636363636,0.0,0.3333333333333333,0.6666666666666666,Low,1
59,Male,IT,India,0.1333333333333333,0.44,0.3,0.8,0.5,0.6666666666666666,0.6666666666666666,High,1
41,Prefer not to say,Finance,Germany,0.7166666666666667,0.24,1.0,0.3636363636363636,1.0,1.0,0.6666666666666666,Medium,2
19,Non-binary,Finance,India,0.4833333333333333,0.22,0.2,0.9454545454545454,1.0,0.3333333333333333,0.3333333333333333,High,2
64,Non-binary,Education,Canada,0.45,0.7800000000000001,0.8,0.3090909090909091,0.0,0.0,0.0,Low,0
35,Prefer not to say,Healthcare,Other,0.4833333333333333,0.18,0.4,0.2,0.0,0.3333333333333333,1.0,Low,1
51,Non-binary,Engineering,Canada,0.9333333333333332,0.0,0.7000000000000001,0.7818181818181817,0.5,0.0,0.3333333333333333,Low,0
50,Female,Other,Canada,0.3333333333333333,0.3400000000000001,0.0,0.0363636363636363,0.5,1.0,0.6666666666666666,High,1
26,Male,Engineering,Australia,0.3333333333333333,0.66,0.1,0.2727272727272727,0.5,1.0,0.3333333333333333,High,0
55,Female,Education,Australia,0.6833333333333332,0.9,0.3,0.6545454545454544,0.0,1.0,0.0,Medium,0
56,Female,Other,Other,0.5833333333333334,0.4600000000000001,0.7000000000000001,0.4727272727272728,0.0,1.0,1.0,Medium,1
63,Prefer not to say,Engineering,USA,0.9833333333333332,1.0,0.8,0.9272727272727272,0.5,0.0,0.0,Low,0
52,Female,Engineering,UK,0.1166666666666667,0.7400000000000001,0.4,0.9636363636363636,0.0,0.3333333333333333,1.0,High,1
40,Prefer not to say,Other,USA,0.8666666666666666,0.08,0.9,0.3636363636363636,0.0,0.6666666666666666,0.0,Low,0
65,Male,Other,Australia,0.4666666666666667,0.4,0.6000000000000001,0.4909090909090909,0.5,0.0,0.0,Low,0
19,Female,Finance,India,0.2666666666666666,0.22,0.3,0.5636363636363636,1.0,0.3333333333333333,0.6666666666666666,High,2
21,Non-binary,Sales,Other,0.6333333333333332,0.5400000000000001,0.0,0.4909090909090909,1.0,0.6666666666666666,0.6666666666666666,High,2
18,Male,Engineering,India,0.1666666666666666,0.7600000000000001,0.2,0.6545454545454544,0.5,1.0,0.0,High,0
35,Prefer not to say,Other,USA,0.2666666666666666,0.8000000000000002,0.7000000000000001,0.0909090909090909,1.0,0.6666666666666666,1.0,High,2
31,Prefer not to say,Education,USA,0.1833333333333332,0.94,0.7000000000000001,0.8545454545454546,0.0,0.6666666666666666,0.6666666666666666,High,1
27,Female,Finance,Canada,0.8000000000000002,0.38,0.3,0.2181818181818181,1.0,1.0,1.0,High,2
18,Non-binary,Other,Germany,0.3833333333333332,0.92,0.6000000000000001,0.6545454545454544,0.0,0.0,1.0,Medium,1
50,Male,Engineering,India,0.0833333333333333,0.32,1.0,0.8,0.5,1.0,1.0,High,1
25,Female,Other,USA,0.4833333333333333,0.7600000000000001,0.1,0.4181818181818181,0.5,0.0,0.6666666666666666,High,1
44,Female,Sales,Other,0.8166666666666668,0.94,0.0,0.6,1.0,0.6666666666666666,0.3333333333333333,High,2
19,Non-binary,Other,Australia,0.9833333333333332,0.18,0.8,0.9454545454545454,1.0,0.3333333333333333,1.0,Medium,2
23,Prefer not to say,Finance,Other,0.2666666666666666,0.7200000000000001,0.2,0.2727272727272727,0.5,0.0,0.0,Medium,0
22,Male,Finance,USA,0.0833333333333333,0.38,0.9,0.1818181818181818,0.0,0.0,0.0,Low,0
50,Non-binary,Engineering,UK,0.0833333333333333,0.5000000000000001,0.2,0.5272727272727272,0.5,1.0,0.3333333333333333,High,0
61,Non-binary,Education,Canada,0.1333333333333333,0.5000000000000001,0.6000000000000001,0.8727272727272727,0.5,0.0,1.0,High,1
19,Female,Engineering,India,0.1833333333333332,0.4600000000000001,1.0,0.5272727272727272,0.0,0.3333333333333333,1.0,Medium,1
58,Female,Engineering,USA,0.6,0.92,0.7000000000000001,0.2909090909090909,0.5,1.0,0.3333333333333333,Medium,0
49,Prefer not to say,Engineering,Canada,0.5333333333333333,0.66,0.7000000000000001,0.2,1.0,0.0,1.0,Medium,2
21,Female,Other,UK,0.7333333333333333,0.2,0.2,0.5636363636363636,0.5,0.0,0.0,Low,0
64,Male,IT,Australia,0.8166666666666668,0.92,0.3,0.890909090909091,0.5,0.3333333333333333,0.3333333333333333,High,0
24,Male,Engineering,UK,0.1333333333333333,0.7600000000000001,0.4,0.1272727272727272,0.5,0.6666666666666666,0.6666666666666666,High,1
35,Female,Healthcare,Other,0.5499999999999999,0.6,0.6000000000000001,0.9090909090909092,0.0,1.0,1.0,High,1
41,Male,Healthcare,UK,0.2333333333333334,0.68,0.8,0.4,1.0,0.6666666666666666,0.6666666666666666,High,2
49,Non-binary,Healthcare,Australia,0.6999999999999998,0.12,0.5,0.8727272727272727,1.0,0.0,0.0,Low,2
34,Prefer not to say,Sales,Other,0.65,0.5000000000000001,0.4,0.9090909090909092,1.0,0.6666666666666666,1.0,High,2
18,Female,Engineering,UK,0.2666666666666666,0.5599999999999999,0.0,0.2727272727272727,0.0,0.6666666666666666,0.0,Medium,0
55,Female,Engineering,India,0.7333333333333333,0.62,0.5,0.9272727272727272,0.0,0.6666666666666666,0.3333333333333333,Medium,0
63,Prefer not to say,Engineering,Other,0.9499999999999998,0.3,0.0,0.0545454545454545,0.5,1.0,0.6666666666666666,Medium,1
49,Non-binary,Sales,India,0.9666666666666668,0.5000000000000001,0.0,0.9454545454545454,0.0,0.0,0.6666666666666666,Medium,1
60,Female,IT,Other,0.8833333333333334,0.26,0.6000000000000001,0.0363636363636363,0.5,0.3333333333333333,0.0,Low,0
54,Male,IT,Canada,0.1333333333333333,0.28,0.3,0.6545454545454544,0.5,0.3333333333333333,0.6666666666666666,High,1
44,Male,Education,India,0.0333333333333333,0.1,1.0,0.8181818181818182,0.5,1.0,1.0,High,1
60,Female,Sales,Other,0.4999999999999999,0.16,0.0,0.1818181818181818,1.0,0.6666666666666666,1.0,High,2
19,Female,Sales,USA,0.4833333333333333,0.4600000000000001,0.9,0.1818181818181818,0.5,0.0,0.6666666666666666,Low,1
55,Male,Sales,Canada,0.5333333333333333,0.9,0.6000000000000001,0.0363636363636363,0.0,0.3333333333333333,0.6666666666666666,Medium,1
21,Female,Finance,USA,0.15,0.7800000000000001,0.1,0.7454545454545454,0.0,0.3333333333333333,0.3333333333333333,High,0
60,Prefer not to say,Healthcare,Australia,0.1833333333333332,0.82,0.6000000000000001,0.2727272727272727,1.0,1.0,0.0,High,2
50,Non-binary,Education,Australia,0.2,0.9,0.5,0.2545454545454545,0.5,1.0,0.3333333333333333,High,0
54,Male,Education,UK,0.1333333333333333,0.28,1.0,0.1454545454545454,0.5,0.3333333333333333,0.0,Low,0
23,Male,Sales,UK,0.85,0.24,0.5,0.6909090909090909,1.0,0.3333333333333333,0.3333333333333333,Medium,2
58,Non-binary,Healthcare,Other,0.0166666666666666,0.66,0.0,0.7636363636363637,1.0,0.0,0.6666666666666666,High,2
49,Non-binary,Engineering,India,0.2,0.82,0.8,0.9454545454545454,0.5,0.6666666666666666,0.6666666666666666,High,1
35,Prefer not to say,Engineering,Canada,0.35,0.98,0.8,0.509090909090909,1.0,0.6666666666666666,0.6666666666666666,High,2
50,Male,Engineering,UK,0.15,0.7400000000000001,0.7000000000000001,0.7636363636363637,0.0,0.6666666666666666,1.0,High,1
39,Male,Other,Canada,0.9166666666666666,0.12,0.3,0.0363636363636363,0.0,0.0,0.3333333333333333,Low,0
42,Male,IT,USA,0.85,0.26,0.5,0.3454545454545454,0.5,0.3333333333333333,0.0,Low,0
45,Female,Healthcare,Australia,0.8333333333333334,0.36,0.5,0.4,1.0,0.6666666666666666,0.0,Medium,2
49,Male,Other,UK,0.5333333333333333,0.28,0.0,0.6727272727272727,0.0,0.6666666666666666,1.0,High,1
50,Prefer not to say,Sales,India,0.3666666666666666,0.86,0.1,0.0545454545454545,1.0,1.0,0.6666666666666666,High,2
19,Non-binary,Healthcare,UK,0.8833333333333334,0.4600000000000001,0.3,0.5636363636363636,1.0,1.0,0.3333333333333333,High,2
41,Female,Education,USA,0.9833333333333332,0.9,0.1,0.3636363636363636,1.0,0.3333333333333333,1.0,High,2
50,Male,Sales,USA,0.3833333333333332,0.58,0.6000000000000001,0.1818181818181818,1.0,1.0,0.0,Medium,2
41,Female,Other,Germany,0.1833333333333332,0.28,0.9,0.4181818181818181,0.5,0.3333333333333333,1.0,Medium,1
49,Male,IT,UK,0.4666666666666667,0.82,0.5,0.8727272727272727,1.0,1.0,1.0,High,2
65,Male,Engineering,Canada,0.4999999999999999,0.42,1.0,0.5272727272727272,0.0,0.3333333333333333,0.0,Low,0
30,Non-binary,IT,Canada,0.9333333333333332,0.14,0.0,0.3272727272727272,0.5,0.6666666666666666,1.0,Medium,1
26,Prefer not to say,Other,India,0.5166666666666665,0.7600000000000001,0.2,0.8181818181818182,0.5,0.3333333333333333,0.6666666666666666,High,1
45,Non-binary,Sales,India,0.9166666666666666,0.44,0.9,0.6727272727272727,1.0,0.6666666666666666,0.0,Medium,2
27,Male,Other,Other,0.4666666666666667,0.4,1.0,0.1636363636363636,1.0,0.0,0.3333333333333333,Low,2
45,Non-binary,Education,Canada,0.6166666666666666,0.06,0.0,0.0181818181818181,1.0,0.6666666666666666,0.6666666666666666,High,2
63,Prefer not to say,Other,Germany,0.8000000000000002,0.42,0.5,0.1454545454545454,0.0,0.0,1.0,Low,1
62,Non-binary,IT,Other,0.5833333333333334,0.04,0.5,0.890909090909091,1.0,0.3333333333333333,0.6666666666666666,High,2
39,Non-binary,Finance,Australia,0.1666666666666666,0.7000000000000001,0.2,0.9272727272727272,0.5,0.6666666666666666,0.0,High,0
41,Non-binary,Finance,UK,0.7499999999999999,0.16,0.7000000000000001,0.9090909090909092,1.0,0.3333333333333333,0.6666666666666666,Medium,2
49,Non-binary,Engineering,USA,0.4166666666666666,0.06,0.6000000000000001,0.0909090909090909,0.5,1.0,1.0,Medium,1
53,Male,Finance,India,0.1166666666666667,0.82,0.3,0.8727272727272727,1.0,0.6666666666666666,1.0,High,2
45,Non-binary,Other,Other,0.4666666666666667,0.0,0.8,0.9818181818181818,1.0,0.6666666666666666,0.6666666666666666,High,2
19,Female,Healthcare,Other,0.1333333333333333,0.84,0.5,0.3454545454545454,0.5,0.3333333333333333,0.3333333333333333,High,0
47,Non-binary,Education,India,0.45,0.4600000000000001,1.0,0.4909090909090909,0.0,0.0,0.6666666666666666,Low,1
56,Non-binary,IT,USA,0.35,0.7800000000000001,0.2,0.890909090909091,0.5,0.3333333333333333,0.0,High,0
19,Male,Education,UK,0.7333333333333333,0.5000000000000001,0.3,0.8363636363636363,1.0,0.3333333333333333,0.6666666666666666,High,2
20,Male,Other,Other,0.2333333333333334,0.6,0.8,0.0909090909090909,0.0,0.0,0.6666666666666666,Low,1
52,Non-binary,Engineering,UK,0.6,0.62,1.0,0.0181818181818181,1.0,0.0,0.0,Low,2
61,Non-binary,Education,Germany,0.2999999999999999,0.16,0.7000000000000001,0.3454545454545454,0.5,0.3333333333333333,1.0,Medium,1
35,Female,IT,USA,0.45,0.62,0.5,0.1090909090909091,1.0,1.0,0.6666666666666666,High,2
32,Non-binary,Other,India,0.5499999999999999,0.08,1.0,0.2909090909090909,1.0,0.0,0.6666666666666666,Low,2
36,Prefer not to say,Sales,UK,0.0833333333333333,0.68,0.2,0.2727272727272727,1.0,0.6666666666666666,1.0,High,2
33,Female,Other,USA,0.9,0.96,0.9,0.9090909090909092,1.0,0.3333333333333333,0.0,Medium,2
50,Non-binary,Finance,Australia,0.3333333333333333,0.7800000000000001,0.5,0.7818181818181817,0.0,1.0,1.0,High,1
58,Prefer not to say,Education,India,0.7666666666666665,0.58,0.2,0.8545454545454546,0.5,0.6666666666666666,0.3333333333333333,High,0
41,Prefer not to say,Other,USA,0.5499999999999999,0.42,1.0,0.0181818181818181,0.5,0.0,1.0,Low,1
53,Male,Sales,Canada,0.6666666666666666,0.38,0.2,0.1454545454545454,0.5,0.0,0.0,Low,0
59,Non-binary,Sales,India,0.0666666666666667,1.0,0.0,0.0727272727272727,0.5,1.0,0.3333333333333333,High,0
22,Female,Sales,India,0.8333333333333334,0.4800000000000001,0.1,0.2,0.5,0.3333333333333333,0.0,Low,0
41,Female,IT,Canada,0.2,0.06,0.1,0.7090909090909091,1.0,0.3333333333333333,0.0,High,2
53,Prefer not to say,Education,Germany,0.2,0.18,0.4,0.7454545454545454,0.5,0.6666666666666666,0.3333333333333333,High,0
50,Non-binary,Education,India,0.3166666666666667,0.04,0.7000000000000001,0.0363636363636363,1.0,0.3333333333333333,0.6666666666666666,Medium,2
44,Female,Healthcare,India,0.0666666666666667,0.06,0.3,0.6545454545454544,0.0,0.0,0.0,Low,0
27,Male,Education,Canada,0.5166666666666665,0.24,0.2,0.7272727272727273,0.0,0.3333333333333333,0.3333333333333333,Medium,0
54,Non-binary,Other,USA,0.4833333333333333,0.5200000000000001,0.0,0.1454545454545454,1.0,0.6666666666666666,0.6666666666666666,High,2
32,Female,Education,Canada,0.7499999999999999,0.88,0.1,0.2727272727272727,1.0,0.3333333333333333,1.0,High,2
61,Non-binary,Sales,UK,0.85,0.26,0.4,0.7090909090909091,0.0,0.6666666666666666,0.6666666666666666,Medium,1
33,Male,Education,Germany,0.7833333333333331,0.26,0.6000000000000001,0.2545454545454545,1.0,0.0,1.0,Low,2
41,Non-binary,Engineering,Canada,0.7833333333333331,0.6,0.0,0.7818181818181817,1.0,1.0,0.6666666666666666,High,2
55,Male,Other,USA,0.3333333333333333,0.14,1.0,0.0181818181818181,0.0,0.3333333333333333,0.0,Low,0
47,Male,Finance,India,0.7499999999999999,0.06,0.9,0.6181818181818182,0.0,0.6666666666666666,1.0,Low,1
42,Female,Other,Canada,0.8833333333333334,0.7800000000000001,0.1,0.7636363636363637,0.5,0.3333333333333333,0.6666666666666666,High,1
33,Prefer not to say,Finance,Other,0.5166666666666665,0.32,0.6000000000000001,0.6,0.0,1.0,0.6666666666666666,Medium,1
46,Prefer not to say,Education,India,0.3833333333333332,0.7800000000000001,0.0,0.8,0.0,0.0,1.0,High,1
47,Male,IT,Canada,0.4833333333333333,0.7200000000000001,0.9,0.5454545454545454,1.0,0.3333333333333333,1.0,High,2
20,Prefer not to say,Education,Other,0.6999999999999998,0.98,0.2,0.7636363636363637,1.0,0.6666666666666666,1.0,High,2
34,Male,Engineering,USA,0.8666666666666666,0.66,0.8,0.1818181818181818,0.5,0.6666666666666666,1.0,Medium,1
48,Female,Other,Australia,0.0666666666666667,0.6,0.2,0.0,0.0,1.0,1.0,High,1
43,Male,Sales,Germany,0.0499999999999999,0.4,0.7000000000000001,0.2181818181818181,0.0,0.0,1.0,Low,1
48,Non-binary,Sales,Canada,0.25,0.22,0.4,0.7636363636363637,0.5,0.3333333333333333,0.6666666666666666,High,1
23,Non-binary,Other,India,0.2999999999999999,0.5200000000000001,0.2,0.4181818181818181,0.0,0.6666666666666666,1.0,High,1
40,Male,IT,India,0.35,0.92,0.5,0.1454545454545454,1.0,1.0,1.0,High,2
58,Non-binary,Engineering,Canada,0.4999999999999999,0.18,0.8,0.4181818181818181,0.5,0.6666666666666666,0.6666666666666666,Medium,1
46,Male,IT,Other,0.7333333333333333,0.96,0.5,0.4727272727272728,1.0,0.3333333333333333,0.6666666666666666,High,2
44,Male,Sales,USA,0.9,0.84,0.6000000000000001,0.3272727272727272,0.5,0.3333333333333333,1.0,Medium,1
28,Prefer not to say,Other,Other,0.3333333333333333,0.86,0.4,0.6181818181818182,1.0,0.0,1.0,High,2
29,Female,Engineering,USA,0.35,0.98,0.7000000000000001,0.2181818181818181,1.0,0.6666666666666666,1.0,High,2
57,Non-binary,Engineering,Other,0.6166666666666666,0.1,0.6000000000000001,0.4545454545454545,0.5,0.3333333333333333,1.0,Medium,1
24,Prefer not to say,Finance,UK,0.3333333333333333,0.38,1.0,0.1818181818181818,0.0,0.0,1.0,Low,1
42,Female,Sales,Other,0.8333333333333334,0.7800000000000001,0.4,0.6,0.5,0.6666666666666666,0.0,Medium,0
43,Male,Sales,India,0.8000000000000002,0.36,0.3,0.2363636363636363,0.5,0.3333333333333333,0.0,Low,0
55,Prefer not to say,IT,UK,0.2833333333333333,0.88,0.2,0.2545454545454545,1.0,0.0,0.3333333333333333,High,2
43,Non-binary,Healthcare,Germany,0.9166666666666666,0.5400000000000001,0.5,0.3818181818181818,1.0,0.0,0.6666666666666666,Medium,2
65,Prefer not to say,Healthcare,India,0.2833333333333333,0.84,0.2,0.5272727272727272,0.0,1.0,0.3333333333333333,High,0
18,Prefer not to say,IT,USA,0.2833333333333333,0.32,0.5,0.9636363636363636,1.0,1.0,0.0,High,2
39,Male,IT,Other,0.4833333333333333,0.98,0.4,0.2545454545454545,1.0,1.0,1.0,High,2
53,Prefer not to say,IT,Germany,0.45,0.7000000000000001,0.5,0.1818181818181818,0.0,0.3333333333333333,0.6666666666666666,Medium,1
35,Non-binary,Sales,UK,0.2,0.38,0.4,0.6181818181818182,1.0,0.0,0.6666666666666666,High,2
24,Male,Finance,India,0.0833333333333333,0.92,0.2,0.2,0.5,1.0,0.0,High,0
63,Male,Engineering,UK,0.4666666666666667,0.36,0.2,0.8363636363636363,0.0,1.0,0.3333333333333333,High,0
23,Female,Finance,USA,0.8666666666666666,0.3,0.9,0.7090909090909091,0.5,0.0,0.0,Low,0
20,Female,Other,India,0.45,0.96,0.0,0.3454545454545454,0.0,0.0,0.3333333333333333,Medium,0
37,Non-binary,Finance,Canada,0.8166666666666668,0.92,0.3,0.5818181818181818,1.0,0.6666666666666666,0.6666666666666666,High,2
51,Non-binary,Other,India,0.1166666666666667,0.94,0.4,0.509090909090909,1.0,1.0,0.3333333333333333,High,2
62,Female,Healthcare,Germany,0.3666666666666666,0.8000000000000002,0.5,0.8545454545454546,1.0,1.0,0.6666666666666666,High,2
20,Non-binary,Engineering,USA,0.2666666666666666,0.12,0.4,0.4727272727272728,0.5,1.0,1.0,High,1
55,Prefer not to say,IT,UK,0.6166666666666666,0.6,0.8,0.3818181818181818,1.0,1.0,1.0,High,2
34,Female,Finance,Germany,0.3833333333333332,0.1,0.9,0.2,1.0,0.6666666666666666,0.0,Low,2
41,Female,Sales,UK,0.0499999999999999,0.44,0.9,0.1272727272727272,0.5,0.0,0.3333333333333333,Low,0
44,Prefer not to say,Sales,Canada,0.6999999999999998,0.4800000000000001,0.8,0.6545454545454544,0.0,1.0,0.0,Low,0
42,Non-binary,Healthcare,Canada,0.6,0.8000000000000002,0.0,0.1090909090909091,0.0,0.0,1.0,Medium,1
42,Non-binary,Engineering,India,0.0166666666666666,0.9,0.5,0.2363636363636363,0.0,1.0,0.6666666666666666,High,1
64,Non-binary,IT,Canada,0.7833333333333331,0.1,0.7000000000000001,0.9636363636363636,0.0,0.0,0.6666666666666666,Low,1
51,Non-binary,Sales,India,0.2999999999999999,0.4800000000000001,0.6000000000000001,0.9636363636363636,1.0,0.6666666666666666,0.0,High,2
30,Male,Engineering,Germany,0.9166666666666666,0.12,0.8,0.8,0.0,0.0,0.6666666666666666,Low,1
56,Non-binary,Finance,Other,0.4166666666666666,0.7000000000000001,0.1,0.4363636363636363,0.0,0.6666666666666666,0.3333333333333333,High,0
52,Male,Healthcare,India,0.4999999999999999,0.6,0.4,0.2545454545454545,0.0,1.0,1.0,Medium,1
37,Female,Engineering,India,0.0999999999999999,0.08,0.0,0.1636363636363636,1.0,1.0,1.0,High,2
26,Male,Other,USA,0.7333333333333333,0.5599999999999999,0.4,0.7818181818181817,0.0,0.6666666666666666,0.3333333333333333,Medium,0
38,Female,Other,Canada,0.5333333333333333,0.5000000000000001,0.9,0.9090909090909092,0.5,0.6666666666666666,1.0,High,1
53,Female,IT,UK,0.2166666666666666,0.96,0.8,0.4,1.0,0.6666666666666666,0.0,High,2
37,Female,IT,Other,0.35,0.22,0.1,0.0727272727272727,1.0,0.6666666666666666,0.6666666666666666,High,2
54,Male,Sales,UK,0.9166666666666666,0.62,0.4,0.2909090909090909,0.5,0.0,0.0,Low,0
39,Non-binary,Finance,UK,0.2166666666666666,0.98,0.7000000000000001,0.5454545454545454,0.5,1.0,1.0,High,1
18,Non-binary,Education,India,0.0833333333333333,0.7200000000000001,0.0,0.4727272727272728,0.5,0.0,0.3333333333333333,High,0
57,Non-binary,Finance,Germany,0.0666666666666667,0.58,1.0,0.7090909090909091,1.0,0.0,0.0,Medium,2
31,Prefer not to say,Sales,Germany,0.9666666666666668,0.42,1.0,0.5818181818181818,0.5,1.0,0.6666666666666666,Medium,1
22,Male,Education,Canada,0.0333333333333333,0.28,1.0,0.2,1.0,0.0,0.0,Low,2
46,Prefer not to say,Engineering,Australia,0.7333333333333333,0.3400000000000001,0.1,0.3272727272727272,0.5,0.3333333333333333,0.0,Low,0
30,Male,IT,India,0.4666666666666667,0.4800000000000001,0.0,0.7818181818181817,0.5,0.6666666666666666,0.3333333333333333,High,0
57,Non-binary,Healthcare,USA,0.6833333333333332,0.08,0.7000000000000001,0.4181818181818181,1.0,0.6666666666666666,0.0,Low,2
58,Non-binary,Finance,India,0.2999999999999999,0.16,0.5,0.890909090909091,1.0,0.6666666666666666,1.0,High,2
50,Male,IT,USA,0.8000000000000002,0.08,0.0,0.2181818181818181,0.0,0.0,0.0,Low,0
40,Non-binary,Education,India,0.1833333333333332,0.92,0.0,0.6909090909090909,0.5,1.0,0.3333333333333333,High,0
65,Non-binary,Sales,USA,0.7166666666666667,0.12,0.0,0.1818181818181818,0.5,0.6666666666666666,0.0,Low,0
48,Non-binary,IT,India,0.7666666666666665,0.18,1.0,0.5818181818181818,0.0,1.0,0.6666666666666666,Low,1
62,Male,Education,Australia,0.7499999999999999,0.24,0.0,0.9090909090909092,0.5,0.0,0.0,Low,0
59,Male,IT,USA,0.2333333333333334,0.0,0.4,0.5818181818181818,0.0,0.6666666666666666,0.3333333333333333,Medium,0
22,Female,Finance,UK,0.0333333333333333,0.6,0.3,0.9272727272727272,1.0,0.6666666666666666,0.0,High,2
42,Female,Sales,Germany,0.0333333333333333,0.1,0.0,0.4545454545454545,0.0,0.0,0.0,Low,0
30,Prefer not to say,Other,India,0.8833333333333334,0.08,1.0,0.4,0.0,0.0,0.0,Low,0
64,Non-binary,Engineering,Canada,0.8666666666666666,0.16,1.0,0.2,0.0,0.3333333333333333,0.6666666666666666,Low,1
18,Male,Education,Canada,0.1666666666666666,0.84,0.9,0.6363636363636364,0.0,0.6666666666666666,0.6666666666666666,High,1
31,Male,Finance,USA,0.6999999999999998,0.22,0.9,0.9272727272727272,0.0,0.3333333333333333,0.6666666666666666,Low,1
19,Prefer not to say,Other,Germany,0.4833333333333333,0.24,0.6000000000000001,0.0727272727272727,0.0,0.3333333333333333,0.6666666666666666,Low,1
33,Male,Engineering,Other,0.3166666666666667,0.22,0.9,0.3272727272727272,0.0,0.0,0.6666666666666666,Low,1
30,Prefer not to say,Engineering,USA,1.0,0.5200000000000001,1.0,0.4181818181818181,0.0,0.0,0.3333333333333333,Low,0
61,Female,Education,Other,0.3333333333333333,0.64,0.9,0.0181818181818181,0.0,0.6666666666666666,0.0,Low,0
27,Prefer not to say,IT,Australia,0.1333333333333333,0.64,0.4,0.3090909090909091,0.0,0.0,0.0,Low,0
39,Prefer not to say,Education,Australia,0.65,0.66,0.3,0.1272727272727272,0.5,0.0,0.3333333333333333,Medium,0
56,Non-binary,Other,Other,0.1666666666666666,0.96,1.0,0.4909090909090909,0.0,0.6666666666666666,0.6666666666666666,High,1
42,Non-binary,Other,Other,0.35,0.82,0.9,0.1454545454545454,1.0,0.0,1.0,Medium,2
58,Non-binary,Education,Australia,0.3333333333333333,0.94,0.0,0.3272727272727272,1.0,0.6666666666666666,0.6666666666666666,High,2
23,Non-binary,Engineering,Australia,0.2,0.0,0.3,0.9818181818181818,0.5,0.6666666666666666,0.3333333333333333,High,0
47,Female,Other,Germany,0.0499999999999999,0.32,0.0,0.3454545454545454,0.0,1.0,0.6666666666666666,High,1
46,Prefer not to say,IT,Germany,0.0833333333333333,0.32,0.0,0.2545454545454545,0.5,0.3333333333333333,0.3333333333333333,Medium,0
32,Prefer not to say,Other,Australia,0.9,0.4800000000000001,0.0,0.6,1.0,0.6666666666666666,1.0,High,2
33,Male,Other,Australia,0.6833333333333332,0.58,0.2,0.1090909090909091,0.5,0.3333333333333333,0.6666666666666666,Medium,1
60,Female,Healthcare,Canada,0.7499999999999999,0.02,0.8,0.5636363636363636,0.0,0.0,0.3333333333333333,Low,0
24,Prefer not to say,Finance,India,0.6333333333333332,0.26,0.1,0.7636363636363637,0.5,0.3333333333333333,0.0,Medium,0
18,Female,Finance,Canada,0.5666666666666668,0.28,0.8,0.1636363636363636,0.0,0.0,0.3333333333333333,Low,0
56,Prefer not to say,Sales,USA,0.0333333333333333,0.26,0.6000000000000001,0.9090909090909092,0.0,0.6666666666666666,1.0,High,1
55,Male,IT,Australia,0.8833333333333334,0.08,0.8,0.2,1.0,0.6666666666666666,0.3333333333333333,Low,2
63,Male,Engineering,Other,0.7166666666666667,0.7800000000000001,0.8,0.0727272727272727,0.0,0.6666666666666666,0.0,Low,0
45,Female,Sales,Canada,0.6999999999999998,0.0,0.5,0.3090909090909091,0.5,0.6666666666666666,0.3333333333333333,Low,0
47,Male,Healthcare,Australia,0.35,0.5599999999999999,0.3,0.5818181818181818,0.0,0.0,1.0,Medium,1
38,Male,Sales,USA,0.8833333333333334,0.6,1.0,0.1636363636363636,0.0,0.6666666666666666,0.0,Low,0
33,Female,Education,USA,0.6666666666666666,0.06,0.5,0.0727272727272727,0.5,0.3333333333333333,0.0,Low,0
60,Male,Healthcare,USA,0.1666666666666666,0.7000000000000001,0.6000000000000001,0.5636363636363636,1.0,0.3333333333333333,0.6666666666666666,High,2
61,Non-binary,Education,Other,0.4999999999999999,0.9,0.6000000000000001,0.1272727272727272,1.0,0.6666666666666666,1.0,High,2
30,Male,Sales,Other,1.0,0.22,0.7000000000000001,0.3636363636363636,1.0,1.0,0.0,Low,2
36,Male,Engineering,UK,0.6333333333333332,0.64,0.0,0.7636363636363637,0.5,0.0,0.0,Medium,0
55,Male,Engineering,UK,0.7166666666666667,0.18,0.9,0.4181818181818181,0.0,1.0,0.3333333333333333,Low,0
36,Prefer not to say,IT,Canada,0.9499999999999998,0.7800000000000001,0.7000000000000001,0.6909090909090909,0.5,0.6666666666666666,0.0,Medium,0
53,Female,Engineering,UK,0.6,0.38,0.2,0.3454545454545454,1.0,0.0,1.0,High,2
62,Female,Engineering,Canada,0.2833333333333333,0.94,0.6000000000000001,0.8727272727272727,0.5,0.0,0.3333333333333333,High,0
27,Male,Education,UK,0.2833333333333333,0.5400000000000001,0.2,0.3636363636363636,0.5,0.0,0.6666666666666666,High,1
31,Prefer not to say,Finance,Canada,0.1166666666666667,0.9,0.0,0.9636363636363636,1.0,0.3333333333333333,0.6666666666666666,High,2
29,Prefer not to say,Healthcare,UK,0.3833333333333332,0.12,0.8,0.0181818181818181,0.0,0.0,1.0,Low,1
61,Female,Engineering,UK,0.2,0.12,0.0,0.9454545454545454,1.0,0.6666666666666666,0.6666666666666666,High,2
42,Prefer not to say,Finance,Germany,0.2333333333333334,0.42,0.1,0.6545454545454544,0.5,0.6666666666666666,0.6666666666666666,High,1
46,Female,Healthcare,Australia,0.2,0.06,0.4,0.0545454545454545,0.0,0.6666666666666666,0.6666666666666666,Medium,1
38,Non-binary,Engineering,India,0.9499999999999998,0.14,1.0,0.1090909090909091,1.0,0.6666666666666666,0.0,Low,2
54,Prefer not to say,Healthcare,Other,0.4999999999999999,0.3400000000000001,0.9,0.2,0.0,0.6666666666666666,0.0,Low,0
58,Prefer not to say,Other,Other,0.15,0.36,0.6000000000000001,0.8181818181818182,0.0,0.6666666666666666,0.3333333333333333,High,0
39,Male,IT,USA,0.0833333333333333,0.4600000000000001,0.4,1.0,1.0,0.6666666666666666,1.0,High,2
25,Female,Healthcare,Other,0.4333333333333332,0.82,0.2,0.6727272727272727,0.5,0.3333333333333333,0.3333333333333333,High,0
57,Male,IT,Germany,0.2,0.06,0.1,0.8363636363636363,0.5,0.6666666666666666,0.6666666666666666,High,1
61,Female,Education,Other,0.3833333333333332,0.12,0.0,0.2181818181818181,0.0,1.0,0.6666666666666666,Medium,1
53,Male,Healthcare,UK,0.1166666666666667,0.7600000000000001,0.2,0.6909090909090909,1.0,0.0,0.3333333333333333,High,2
29,Non-binary,Sales,USA,0.3333333333333333,0.68,1.0,0.0727272727272727,0.0,0.0,0.6666666666666666,Low,1
63,Non-binary,Other,India,0.5166666666666665,0.12,0.8,0.6363636363636364,1.0,0.6666666666666666,0.3333333333333333,Medium,2
63,Non-binary,Other,Germany,0.7166666666666667,0.18,0.8,0.3818181818181818,1.0,0.0,1.0,Low,2
55,Non-binary,Other,Germany,0.7166666666666667,0.82,0.2,0.0363636363636363,0.0,0.3333333333333333,1.0,Medium,1
25,Female,Education,UK,0.4999999999999999,0.38,0.7000000000000001,0.5454545454545454,0.5,0.3333333333333333,0.6666666666666666,Medium,1
37,Non-binary,Other,India,0.7166666666666667,0.92,0.0,0.9454545454545454,0.5,1.0,0.3333333333333333,High,0
23,Male,Finance,Canada,0.7166666666666667,0.32,1.0,0.9454545454545454,0.0,1.0,0.3333333333333333,Low,0
64,Non-binary,Sales,USA,0.6999999999999998,0.5000000000000001,1.0,0.3636363636363636,1.0,0.0,0.0,Low,2
24,Non-binary,Engineering,Australia,0.1166666666666667,0.22,0.0,0.7272727272727273,1.0,1.0,0.0,High,2
35,Female,Other,India,0.7833333333333331,0.16,0.2,0.9090909090909092,0.0,0.0,0.0,Low,0
36,Prefer not to say,Education,Canada,0.2333333333333334,0.82,0.9,0.2545454545454545,0.5,0.3333333333333333,0.3333333333333333,Medium,0
25,Male,IT,India,0.5833333333333334,0.5000000000000001,1.0,0.5636363636363636,0.0,0.0,0.3333333333333333,Low,0
61,Male,IT,USA,0.4666666666666667,0.28,0.3,0.6909090909090909,1.0,0.6666666666666666,0.6666666666666666,High,2
49,Non-binary,Education,Australia,0.9833333333333332,0.2,0.2,0.6545454545454544,1.0,0.3333333333333333,0.3333333333333333,Medium,2
18,Female,IT,USA,0.7166666666666667,0.3400000000000001,0.0,0.8181818181818182,0.0,1.0,1.0,High,1
24,Male,Education,Australia,0.7499999999999999,0.64,0.2,0.4909090909090909,0.5,1.0,1.0,High,1
51,Prefer not to say,Other,UK,0.6999999999999998,0.4800000000000001,0.7000000000000001,0.3090909090909091,1.0,1.0,0.0,Low,2
31,Female,Sales,Germany,0.35,0.04,0.2,0.8363636363636363,0.0,0.0,0.6666666666666666,Medium,1
51,Non-binary,IT,USA,0.7833333333333331,0.4,0.8,0.2545454545454545,0.0,1.0,0.0,Low,0
47,Non-binary,Finance,Germany,0.9333333333333332,0.38,0.3,0.4545454545454545,1.0,1.0,1.0,High,2
30,Female,Healthcare,Other,0.6666666666666666,0.44,0.6000000000000001,0.4909090909090909,0.0,0.3333333333333333,0.3333333333333333,Low,0
45,Female,Education,Germany,0.8166666666666668,0.5599999999999999,0.0,0.8727272727272727,0.5,0.6666666666666666,1.0,High,1
18,Female,Other,Germany,0.5833333333333334,0.9,0.6000000000000001,0.4909090909090909,1.0,0.3333333333333333,1.0,High,2
27,Prefer not to say,IT,Canada,0.1333333333333333,0.88,0.3,0.8727272727272727,1.0,0.3333333333333333,0.0,High,2
22,Female,Other,Canada,0.6333333333333332,0.84,0.7000000000000001,0.5272727272727272,0.5,0.6666666666666666,0.0,Medium,0
23,Prefer not to say,Finance,Germany,0.2666666666666666,0.4,0.7000000000000001,0.9636363636363636,1.0,0.0,1.0,High,2
19,Male,Healthcare,UK,0.6,0.82,0.7000000000000001,0.4181818181818181,1.0,0.6666666666666666,0.3333333333333333,High,2
36,Prefer not to say,Other,Other,0.0333333333333333,0.44,0.2,0.1636363636363636,0.5,0.0,0.3333333333333333,Medium,0
45,Prefer not to say,Other,Germany,0.7333333333333333,0.5400000000000001,0.5,0.6,1.0,1.0,0.6666666666666666,High,2
60,Female,Education,India,0.8333333333333334,0.22,0.8,0.5636363636363636,0.0,0.6666666666666666,0.3333333333333333,Low,0
25,Non-binary,Other,Canada,0.7499999999999999,0.18,0.6000000000000001,0.6181818181818182,0.5,0.0,0.0,Low,0
26,Male,Other,Germany,0.25,0.92,0.4,0.6909090909090909,0.5,0.3333333333333333,0.6666666666666666,High,1
40,Male,Finance,Other,0.0666666666666667,0.04,0.4,0.7272727272727273,1.0,1.0,1.0,High,2
39,Male,Other,Australia,0.2333333333333334,0.1,0.4,0.1636363636363636,1.0,0.0,0.6666666666666666,Medium,2
42,Prefer not to say,Finance,UK,1.0,0.62,0.2,0.2909090909090909,0.5,0.3333333333333333,0.6666666666666666,Medium,1
57,Male,Sales,Australia,0.6,0.12,0.1,0.509090909090909,0.0,0.6666666666666666,0.3333333333333333,Medium,0
23,Female,Sales,Other,0.7166666666666667,0.62,0.7000000000000001,0.8363636363636363,0.5,0.3333333333333333,0.0,Low,0
64,Prefer not to say,Healthcare,Australia,0.1333333333333333,0.9,0.3,0.5636363636363636,1.0,0.0,1.0,High,2
37,Female,IT,India,1.0,0.66,0.9,0.8181818181818182,0.0,0.6666666666666666,0.3333333333333333,Medium,0
60,Non-binary,Finance,Other,0.7833333333333331,0.06,0.6000000000000001,0.4545454545454545,1.0,0.0,0.3333333333333333,Low,2
28,Female,Healthcare,UK,0.7833333333333331,0.06,0.3,0.3454545454545454,0.0,1.0,1.0,Medium,1
30,Female,Healthcare,Australia,0.2833333333333333,0.06,0.0,0.4545454545454545,0.5,0.3333333333333333,0.0,Medium,0
20,Male,Sales,UK,0.3166666666666667,0.9,0.2,0.3090909090909091,1.0,0.3333333333333333,1.0,High,2
58,Female,Healthcare,Germany,0.7833333333333331,0.62,0.4,0.0181818181818181,1.0,0.0,0.3333333333333333,Low,2
54,Female,Finance,Germany,0.0999999999999999,0.86,0.1,0.1090909090909091,0.0,0.0,0.3333333333333333,Medium,0
55,Prefer not to say,Healthcare,Other,0.4833333333333333,0.12,0.1,0.8727272727272727,1.0,1.0,0.6666666666666666,High,2
55,Female,Finance,Other,0.3666666666666666,0.18,0.6000000000000001,0.6545454545454544,1.0,0.0,0.6666666666666666,Medium,2
40,Male,Education,UK,0.0666666666666667,0.6,0.3,0.6181818181818182,1.0,0.3333333333333333,0.3333333333333333,High,2
36,Prefer not to say,Sales,USA,0.6999999999999998,0.28,0.6000000000000001,0.6727272727272727,0.5,0.0,0.3333333333333333,Low,0
47,Male,Finance,USA,0.2833333333333333,0.1,0.0,0.7818181818181817,1.0,0.3333333333333333,0.6666666666666666,High,2
31,Non-binary,Other,Other,0.5833333333333334,0.9,0.2,0.890909090909091,0.5,0.3333333333333333,0.3333333333333333,High,0
23,Prefer not to say,IT,India,0.9333333333333332,0.32,0.3,0.890909090909091,0.0,0.3333333333333333,0.6666666666666666,Medium,1
47,Prefer not to say,Healthcare,UK,0.6166666666666666,0.22,0.3,0.7454545454545454,0.0,0.6666666666666666,1.0,High,1
65,Prefer not to say,Education,UK,0.7666666666666665,0.7600000000000001,0.0,0.3454545454545454,0.0,1.0,0.0,Medium,0
34,Male,Finance,Other,0.0,0.3400000000000001,0.7000000000000001,0.3272727272727272,0.5,1.0,0.3333333333333333,Medium,0
42,Male,IT,UK,0.6166666666666666,0.0,0.9,0.3818181818181818,0.5,0.0,0.0,Low,0
20,Prefer not to say,Finance,Germany,0.9499999999999998,0.5200000000000001,0.3,0.2181818181818181,1.0,0.0,0.6666666666666666,Medium,2
43,Male,Sales,Other,0.5333333333333333,0.06,0.1,0.4,0.0,0.3333333333333333,1.0,Medium,1
48,Female,Sales,Other,0.9666666666666668,0.62,0.4,0.1636363636363636,0.5,0.3333333333333333,0.0,Low,0
41,Non-binary,Sales,USA,0.8666666666666666,0.7600000000000001,0.3,0.9818181818181818,0.5,1.0,0.3333333333333333,High,0
44,Female,Healthcare,USA,0.1833333333333332,0.64,0.6000000000000001,0.4545454545454545,1.0,0.3333333333333333,1.0,High,2
62,Female,Finance,Australia,0.0499999999999999,0.92,0.3,0.8363636363636363,0.5,0.6666666666666666,1.0,High,1
64,Prefer not to say,Healthcare,USA,0.7833333333333331,0.3400000000000001,1.0,0.890909090909091,1.0,0.0,0.0,Low,2
64,Male,Engineering,Other,0.9,0.98,1.0,0.6,0.0,1.0,0.0,Low,0
22,Male,Healthcare,Germany,0.6999999999999998,0.08,0.9,0.2,0.0,0.3333333333333333,0.0,Low,0
24,Non-binary,Sales,USA,0.5333333333333333,0.7000000000000001,0.2,0.3454545454545454,1.0,0.3333333333333333,0.3333333333333333,High,2
45,Male,IT,USA,0.85,0.32,0.3,0.1090909090909091,0.5,0.3333333333333333,0.0,Low,0
51,Prefer not to say,Engineering,USA,0.65,0.2,0.1,0.7454545454545454,0.5,0.3333333333333333,0.0,Medium,0
26,Male,Finance,Canada,0.3333333333333333,0.32,0.3,0.3636363636363636,0.0,0.0,0.3333333333333333,Low,0
50,Female,Finance,UK,0.1333333333333333,0.14,0.9,0.5272727272727272,0.5,0.0,0.3333333333333333,Low,0
54,Prefer not to say,Healthcare,Other,0.6833333333333332,0.32,0.9,0.1454545454545454,0.0,1.0,0.6666666666666666,Low,1
18,Male,Education,Canada,0.2999999999999999,0.7000000000000001,0.5,0.2727272727272727,1.0,0.3333333333333333,0.6666666666666666,High,2
61,Prefer not to say,IT,India,0.4,0.36,0.9,0.2727272727272727,0.0,0.0,0.3333333333333333,Low,0
52,Non-binary,Finance,UK,0.5333333333333333,0.28,0.6000000000000001,0.9090909090909092,0.5,0.0,0.6666666666666666,Medium,1
24,Prefer not to say,Engineering,Australia,0.8000000000000002,0.82,1.0,0.3818181818181818,1.0,0.6666666666666666,0.6666666666666666,High,2
38,Male,Engineering,Australia,0.1833333333333332,0.4,0.3,0.8545454545454546,0.0,0.0,0.0,Medium,0
37,Male,Education,USA,0.8833333333333334,0.02,1.0,0.7272727272727273,0.5,0.3333333333333333,0.0,Low,0
36,Prefer not to say,Healthcare,USA,0.6333333333333332,0.22,0.8,0.2,0.5,0.0,0.6666666666666666,Low,1
55,Prefer not to say,Healthcare,USA,0.6666666666666666,0.14,0.4,0.3636363636363636,0.0,1.0,0.3333333333333333,Low,0
34,Prefer not to say,Finance,Canada,0.2666666666666666,0.64,0.1,0.7090909090909091,0.0,0.3333333333333333,1.0,High,1
56,Prefer not to say,Education,UK,0.5499999999999999,0.84,0.2,0.3454545454545454,0.5,0.3333333333333333,1.0,High,1
23,Non-binary,Finance,Australia,0.7666666666666665,0.38,0.9,0.1272727272727272,0.0,1.0,0.6666666666666666,Low,1
64,Non-binary,Sales,Germany,0.4999999999999999,1.0,0.1,0.7636363636363637,0.5,0.6666666666666666,0.3333333333333333,High,0
25,Non-binary,Other,USA,0.0999999999999999,0.4,0.6000000000000001,0.1272727272727272,0.5,1.0,0.0,Medium,0
44,Non-binary,Education,India,0.85,0.32,1.0,0.4727272727272728,0.5,0.3333333333333333,1.0,Low,1
65,Female,IT,India,0.8166666666666668,0.0,0.6000000000000001,0.3454545454545454,1.0,0.0,0.3333333333333333,Low,2
62,Prefer not to say,IT,Other,0.0333333333333333,1.0,0.0,0.1636363636363636,1.0,0.6666666666666666,1.0,High,2
23,Prefer not to say,Healthcare,UK,0.65,0.88,0.2,0.2181818181818181,0.0,1.0,1.0,High,1
62,Non-binary,Sales,Australia,0.6333333333333332,1.0,0.6000000000000001,0.4,1.0,0.0,0.0,Medium,2
32,Prefer not to say,Sales,Australia,1.0,0.82,0.7000000000000001,0.0363636363636363,0.0,1.0,0.3333333333333333,Low,0
24,Male,Finance,Canada,0.2166666666666666,0.06,0.8,0.8545454545454546,0.5,0.6666666666666666,1.0,High,1
54,Non-binary,IT,Canada,0.65,0.7600000000000001,0.2,0.0545454545454545,1.0,0.0,0.6666666666666666,High,2
21,Prefer not to say,Sales,Canada,0.6166666666666666,0.36,0.6000000000000001,0.8,0.0,0.0,0.0,Low,0
57,Female,Finance,Other,0.2666666666666666,0.62,0.6000000000000001,0.1272727272727272,1.0,1.0,0.6666666666666666,High,2
28,Non-binary,Engineering,USA,0.5499999999999999,0.0,0.2,0.0909090909090909,0.0,0.0,0.6666666666666666,Low,1
18,Female,IT,India,0.6,0.12,0.1,0.890909090909091,1.0,1.0,1.0,High,2
25,Prefer not to say,Education,UK,0.0833333333333333,0.9,0.0,0.0545454545454545,0.0,0.3333333333333333,0.6666666666666666,High,1
46,Male,Healthcare,India,0.0999999999999999,0.12,0.0,0.7090909090909091,0.5,0.6666666666666666,0.0,High,0
46,Female,IT,Other,0.2833333333333333,1.0,0.5,0.2545454545454545,1.0,0.6666666666666666,0.3333333333333333,High,2
49,Prefer not to say,Education,Australia,0.9166666666666666,0.84,1.0,0.9454545454545454,0.0,0.0,0.3333333333333333,Low,0
43,Non-binary,Education,India,0.6999999999999998,0.42,0.8,0.4181818181818181,1.0,0.0,0.3333333333333333,Low,2
56,Non-binary,Healthcare,Canada,0.25,0.28,0.4,0.2363636363636363,0.5,0.3333333333333333,0.6666666666666666,Medium,1
46,Prefer not to say,Education,Australia,0.4,0.7600000000000001,1.0,0.5818181818181818,1.0,0.6666666666666666,0.6666666666666666,High,2
28,Non-binary,IT,Canada,0.9499999999999998,0.5599999999999999,0.9,0.6727272727272727,0.0,0.6666666666666666,0.6666666666666666,Medium,1
51,Female,Other,Other,0.85,0.4800000000000001,0.7000000000000001,0.9272727272727272,0.5,1.0,0.3333333333333333,Medium,0
47,Male,Engineering,USA,0.3333333333333333,0.62,0.5,0.4363636363636363,0.5,0.3333333333333333,0.3333333333333333,Medium,0
41,Non-binary,Engineering,UK,0.4999999999999999,0.7800000000000001,0.4,0.4363636363636363,1.0,1.0,0.6666666666666666,High,2
51,Prefer not to say,IT,UK,0.2833333333333333,0.3400000000000001,0.8,0.5454545454545454,0.0,0.3333333333333333,0.0,Low,0
56,Male,Sales,Canada,0.4333333333333332,0.5599999999999999,0.0,0.4181818181818181,0.5,0.3333333333333333,0.0,Medium,0
64,Male,Engineering,UK,0.3333333333333333,0.6,0.5,0.9636363636363636,1.0,0.0,1.0,High,2
57,Female,Education,Canada,0.5166666666666665,0.98,0.8,0.509090909090909,0.5,1.0,0.0,Medium,0
36,Non-binary,Other,Germany,0.9166666666666666,0.14,1.0,0.509090909090909,0.0,0.3333333333333333,0.0,Low,0
51,Male,Education,Germany,0.1166666666666667,0.02,0.0,0.6545454545454544,0.5,0.6666666666666666,1.0,High,1
49,Female,Healthcare,Other,0.7499999999999999,0.92,0.2,0.3090909090909091,0.0,0.6666666666666666,0.3333333333333333,Medium,0
44,Female,Other,Other,0.3333333333333333,0.12,0.0,0.8181818181818182,1.0,0.0,1.0,High,2
36,Non-binary,Sales,India,0.4,0.5000000000000001,0.0,0.4545454545454545,1.0,1.0,0.0,High,2
36,Male,Education,Other,0.9333333333333332,0.1,0.9,0.6,0.0,1.0,1.0,Low,1
48,Non-binary,Engineering,Other,0.2666666666666666,0.32,0.5,0.0181818181818181,0.0,0.6666666666666666,0.6666666666666666,Medium,1
28,Male,Education,USA,0.5499999999999999,0.84,0.5,0.8,0.0,1.0,0.6666666666666666,High,1
36,Female,Sales,Germany,0.5499999999999999,0.28,0.7000000000000001,0.1272727272727272,0.5,0.0,1.0,Low,1
27,Non-binary,Finance,Germany,0.1166666666666667,0.24,0.4,0.7272727272727273,1.0,0.3333333333333333,0.6666666666666666,High,2
29,Prefer not to say,Education,USA,0.4666666666666667,0.24,0.7000000000000001,0.6727272727272727,0.5,0.3333333333333333,0.0,Low,0
27,Non-binary,IT,UK,0.0499999999999999,0.36,0.5,0.890909090909091,0.0,0.0,0.3333333333333333,Medium,0
22,Non-binary,Healthcare,UK,0.7166666666666667,0.5200000000000001,0.0,0.1818181818181818,0.0,0.6666666666666666,0.6666666666666666,Medium,1
52,Female,Engineering,Germany,0.2166666666666666,0.7000000000000001,1.0,0.8,1.0,1.0,0.3333333333333333,High,2
62,Non-binary,Engineering,Australia,0.4999999999999999,0.7400000000000001,0.3,0.1454545454545454,0.5,0.6666666666666666,1.0,High,1
30,Female,Sales,Canada,0.9499999999999998,0.82,0.9,0.4,0.5,0.0,0.0,Low,0
42,Prefer not to say,Engineering,Canada,0.5166666666666665,0.12,0.8,0.4363636363636363,1.0,0.0,0.3333333333333333,Low,2
43,Prefer not to say,Engineering,Other,0.2166666666666666,0.08,0.9,0.4909090909090909,0.5,0.0,0.0,Low,0
49,Female,Other,Germany,0.2666666666666666,0.28,0.9,0.890909090909091,1.0,0.3333333333333333,1.0,High,2
27,Non-binary,Engineering,UK,0.7833333333333331,0.96,0.0,0.6727272727272727,1.0,0.6666666666666666,0.3333333333333333,High,2
47,Female,IT,India,0.0999999999999999,0.86,0.5,0.6,0.5,0.3333333333333333,0.3333333333333333,High,0
45,Non-binary,Finance,Germany,0.85,0.22,0.0,0.5272727272727272,0.0,0.6666666666666666,1.0,Medium,1
35,Male,Other,USA,0.5666666666666668,0.3400000000000001,0.0,0.9818181818181818,0.5,1.0,1.0,High,1
62,Male,Sales,Germany,0.7499999999999999,0.96,0.8,0.2,0.0,0.6666666666666666,0.0,Low,0
64,Prefer not to say,Education,Canada,0.9333333333333332,0.7800000000000001,0.7000000000000001,0.0909090909090909,0.5,0.6666666666666666,0.6666666666666666,Medium,1
56,Prefer not to say,Healthcare,USA,0.0999999999999999,0.64,0.6000000000000001,0.6727272727272727,0.5,0.6666666666666666,0.6666666666666666,High,1
64,Prefer not to say,Healthcare,Canada,0.4,0.5000000000000001,0.2,0.1272727272727272,0.0,0.0,0.0,Low,0
27,Non-binary,Education,India,0.35,0.8000000000000002,0.4,0.4909090909090909,1.0,1.0,0.3333333333333333,High,2
28,Male,Healthcare,UK,0.1666666666666666,0.3,0.8,0.7636363636363637,0.0,0.0,0.3333333333333333,Low,0
64,Prefer not to say,Engineering,India,0.8166666666666668,0.9,0.1,0.6727272727272727,0.5,1.0,0.3333333333333333,High,0
63,Prefer not to say,Finance,Australia,0.4666666666666667,0.2,0.1,0.6909090909090909,0.0,1.0,0.0,Medium,0
56,Male,Other,Germany,0.6999999999999998,0.1,0.3,0.7272727272727273,0.5,0.6666666666666666,0.0,Medium,0
61,Male,Education,USA,0.5166666666666665,0.88,0.3,0.8727272727272727,0.0,0.3333333333333333,0.3333333333333333,High,0
49,Prefer not to say,IT,Germany,0.8000000000000002,0.42,0.0,0.3636363636363636,0.0,0.0,0.0,Low,0
25,Prefer not to say,Engineering,Other,0.4333333333333332,0.3,0.6000000000000001,0.8363636363636363,0.5,1.0,0.6666666666666666,High,1
61,Non-binary,Engineering,India,0.0499999999999999,0.18,0.5,0.2727272727272727,0.0,0.6666666666666666,0.0,Low,0
28,Male,Education,India,0.8666666666666666,0.92,0.8,0.1090909090909091,0.5,0.6666666666666666,1.0,Medium,1
57,Male,IT,Canada,0.8833333333333334,0.7800000000000001,0.9,0.2363636363636363,1.0,0.0,0.0,Low,2
51,Male,Engineering,Canada,0.25,0.08,0.1,0.4363636363636363,1.0,0.6666666666666666,0.6666666666666666,High,2
36,Prefer not to say,IT,Other,0.9166666666666666,0.5400000000000001,0.5,0.5454545454545454,1.0,1.0,0.0,Medium,2
65,Non-binary,Healthcare,Germany,0.9166666666666666,0.14,1.0,0.2,0.0,0.3333333333333333,1.0,Low,1
44,Non-binary,Education,Germany,0.2999999999999999,0.26,0.2,0.2545454545454545,0.5,1.0,1.0,High,1
46,Female,Sales,Germany,0.0166666666666666,0.94,0.8,0.2,1.0,0.6666666666666666,1.0,High,2
39,Non-binary,Other,Other,0.5833333333333334,0.5000000000000001,0.4,0.7454545454545454,0.5,1.0,0.3333333333333333,High,0
31,Female,Other,India,0.4,0.06,0.4,0.8545454545454546,1.0,0.3333333333333333,1.0,High,2
25,Female,Engineering,Canada,0.0499999999999999,0.28,0.2,0.7090909090909091,0.5,1.0,1.0,High,1
58,Female,Education,Australia,0.3666666666666666,0.3,0.0,0.6727272727272727,0.0,0.6666666666666666,0.6666666666666666,High,1
51,Non-binary,Healthcare,UK,0.5333333333333333,0.44,0.0,0.0909090909090909,0.0,0.3333333333333333,0.0,Low,0
49,Male,IT,Australia,0.1333333333333333,0.42,0.5,0.2727272727272727,0.5,0.6666666666666666,0.6666666666666666,High,1
32,Male,Healthcare,Other,0.0,0.4,0.5,0.6363636363636364,0.0,0.6666666666666666,0.0,Medium,0
45,Male,IT,UK,0.5833333333333334,0.96,0.1,0.0181818181818181,1.0,1.0,0.6666666666666666,High,2
43,Male,Education,UK,0.65,0.92,0.8,0.1272727272727272,0.0,0.0,0.6666666666666666,Low,1
24,Prefer not to say,Other,Australia,0.2999999999999999,0.4600000000000001,1.0,0.2545454545454545,0.0,0.6666666666666666,0.0,Low,0
31,Female,Sales,USA,0.6333333333333332,0.68,0.2,0.0909090909090909,0.5,0.0,0.3333333333333333,Medium,0
24,Male,Other,UK,0.4333333333333332,0.82,0.3,0.7818181818181817,1.0,1.0,0.0,High,2
34,Prefer not to say,IT,Australia,0.4166666666666666,1.0,0.3,0.0545454545454545,0.5,0.3333333333333333,1.0,High,1
46,Male,Education,Canada,0.0833333333333333,0.06,0.1,0.6545454545454544,1.0,1.0,0.3333333333333333,High,2
63,Female,Other,Germany,0.3333333333333333,0.86,0.2,0.4363636363636363,0.5,1.0,1.0,High,1
55,Female,Other,India,0.5666666666666668,0.2,0.8,0.6727272727272727,0.0,0.6666666666666666,1.0,Medium,1
40,Male,IT,India,0.85,0.3,0.7000000000000001,0.6,0.5,0.3333333333333333,1.0,Low,1
27,Male,IT,Germany,0.0499999999999999,0.1,1.0,0.9636363636363636,0.5,0.0,1.0,Medium,1
63,Non-binary,Other,Canada,0.4,0.3400000000000001,0.7000000000000001,0.3636363636363636,0.0,1.0,0.0,Low,0
32,Prefer not to say,Other,Canada,0.4666666666666667,0.88,0.2,0.9818181818181818,0.0,0.3333333333333333,0.3333333333333333,High,0
49,Female,Education,UK,0.1666666666666666,0.28,0.3,0.5454545454545454,0.0,0.6666666666666666,0.0,Medium,0
27,Male,Engineering,Other,0.6333333333333332,0.7800000000000001,0.5,0.3090909090909091,1.0,1.0,0.6666666666666666,High,2
37,Female,Finance,Australia,0.9,0.5000000000000001,0.7000000000000001,0.2909090909090909,1.0,1.0,0.0,Low,2
43,Non-binary,Sales,Australia,0.6,0.28,0.5,0.3090909090909091,0.5,0.0,1.0,Low,1
44,Male,Other,Germany,0.2333333333333334,0.7200000000000001,1.0,0.3454545454545454,0.0,0.6666666666666666,1.0,High,1
35,Male,Other,UK,0.4166666666666666,0.5000000000000001,0.5,0.1636363636363636,1.0,0.0,0.0,Low,2
24,Prefer not to say,Other,Australia,0.9,0.0,0.1,0.5272727272727272,0.5,0.6666666666666666,0.3333333333333333,Medium,0
19,Non-binary,Other,Other,0.0666666666666667,0.86,1.0,0.9818181818181818,0.5,1.0,0.6666666666666666,High,1
54,Prefer not to say,Engineering,Canada,0.0166666666666666,1.0,0.5,0.509090909090909,1.0,1.0,0.6666666666666666,High,2
18,Male,Sales,Germany,0.7499999999999999,0.26,0.9,0.1272727272727272,0.5,0.0,0.3333333333333333,Low,0
22,Male,Sales,Canada,0.2,0.44,0.4,0.9272727272727272,0.5,0.6666666666666666,0.3333333333333333,High,0
36,Male,Education,Australia,0.0666666666666667,0.02,0.5,0.3454545454545454,0.5,0.6666666666666666,0.6666666666666666,High,1
35,Non-binary,Other,Germany,0.5666666666666668,0.06,0.5,1.0,1.0,0.3333333333333333,1.0,High,2
37,Non-binary,IT,Australia,0.7499999999999999,0.7600000000000001,0.9,0.4545454545454545,0.0,0.6666666666666666,0.0,Low,0
58,Prefer not to say,IT,Other,0.9,0.22,0.5,0.0727272727272727,0.0,0.3333333333333333,0.6666666666666666,Low,1
25,Male,IT,UK,0.9499999999999998,0.62,0.4,0.1090909090909091,0.5,0.0,0.3333333333333333,Low,0
52,Male,IT,Germany,0.8833333333333334,0.6,0.9,0.4,0.0,0.3333333333333333,0.6666666666666666,Low,1
24,Male,IT,Australia,0.5666666666666668,0.7000000000000001,0.0,0.5818181818181818,0.0,0.0,0.3333333333333333,Medium,0
54,Female,Finance,UK,0.8666666666666666,0.86,0.8,0.1272727272727272,0.5,0.0,1.0,Low,1
32,Male,IT,Germany,0.8666666666666666,0.04,0.7000000000000001,0.6545454545454544,0.5,0.3333333333333333,1.0,Low,1
65,Male,Finance,USA,0.7166666666666667,0.3400000000000001,0.0,0.0363636363636363,0.0,0.6666666666666666,0.6666666666666666,Medium,1
60,Prefer not to say,Engineering,Canada,0.5833333333333334,0.38,0.6000000000000001,0.1272727272727272,1.0,0.0,0.0,Low,2
23,Non-binary,IT,USA,0.6166666666666666,0.96,0.8,0.7090909090909091,0.5,1.0,1.0,High,1
46,Male,IT,Canada,0.3666666666666666,0.62,0.3,0.9272727272727272,1.0,0.3333333333333333,1.0,High,2
29,Male,Other,UK,0.9666666666666668,0.18,0.4,0.7272727272727273,1.0,0.6666666666666666,1.0,High,2
59,Non-binary,Education,Canada,0.7333333333333333,0.98,0.7000000000000001,0.3636363636363636,1.0,0.6666666666666666,0.0,Medium,2
39,Non-binary,Engineering,Other,0.7666666666666665,0.02,0.7000000000000001,0.4363636363636363,1.0,0.0,0.0,Low,2
22,Prefer not to say,Healthcare,Other,0.7166666666666667,0.06,0.8,0.3272727272727272,0.0,0.0,0.3333333333333333,Low,0
64,Female,Healthcare,Australia,0.8666666666666666,0.86,0.0,0.890909090909091,1.0,1.0,0.6666666666666666,High,2
58,Male,Engineering,Germany,0.0833333333333333,0.28,0.6000000000000001,0.4181818181818181,0.0,0.3333333333333333,1.0,Medium,1
52,Non-binary,Sales,India,0.4166666666666666,0.7800000000000001,0.2,0.6909090909090909,0.5,0.0,1.0,High,1
48,Non-binary,Other,Canada,0.4333333333333332,0.28,0.7000000000000001,0.7090909090909091,1.0,0.0,0.6666666666666666,Medium,2
47,Male,Healthcare,Australia,0.7499999999999999,0.42,0.4,0.0363636363636363,0.5,0.6666666666666666,0.0,Low,0
63,Female,IT,USA,0.9666666666666668,0.7600000000000001,0.6000000000000001,0.0909090909090909,0.0,0.6666666666666666,0.0,Low,0
38,Prefer not to say,Healthcare,Other,0.5499999999999999,0.62,0.1,0.9090909090909092,1.0,1.0,0.0,High,2
38,Female,Healthcare,UK,0.2833333333333333,0.5000000000000001,0.8,0.7090909090909091,0.5,0.3333333333333333,0.0,Medium,0
31,Male,Engineering,Canada,0.2833333333333333,0.7400000000000001,0.8,0.6909090909090909,0.5,1.0,0.3333333333333333,High,0
40,Male,Healthcare,Germany,0.5333333333333333,0.84,0.7000000000000001,0.4545454545454545,1.0,0.6666666666666666,1.0,High,2
46,Non-binary,Finance,Australia,0.9,0.08,0.0,0.6545454545454544,0.0,1.0,0.6666666666666666,Medium,1
64,Male,Other,USA,0.85,0.96,0.1,0.3636363636363636,1.0,0.6666666666666666,0.0,High,2
19,Prefer not to say,Engineering,Germany,0.7499999999999999,0.5400000000000001,0.8,0.0181818181818181,0.5,1.0,0.3333333333333333,Low,0
52,Male,IT,Australia,0.9,0.3,0.7000000000000001,0.1454545454545454,0.5,1.0,0.3333333333333333,Low,0
19,Female,Finance,Canada,0.9333333333333332,0.4,0.5,0.0363636363636363,1.0,0.3333333333333333,0.6666666666666666,Medium,2
41,Non-binary,Education,Canada,0.2833333333333333,0.12,0.6000000000000001,0.3636363636363636,1.0,0.3333333333333333,1.0,High,2
61,Male,Finance,Canada,0.6333333333333332,0.3400000000000001,0.0,0.1454545454545454,0.5,0.6666666666666666,0.0,Medium,0
38,Male,Healthcare,USA,0.1666666666666666,1.0,0.0,0.2727272727272727,0.5,0.6666666666666666,0.6666666666666666,High,1
21,Male,Education,Australia,0.9833333333333332,0.84,0.1,0.4727272727272728,1.0,0.6666666666666666,1.0,High,2
61,Female,Finance,India,0.4833333333333333,0.3,0.1,0.3454545454545454,1.0,0.3333333333333333,0.0,Medium,2
63,Female,Finance,UK,1.0,0.3,0.1,0.2727272727272727,0.5,1.0,0.0,Low,0
34,Female,Finance,Canada,0.5333333333333333,0.5200000000000001,0.4,0.9636363636363636,0.5,0.3333333333333333,1.0,High,1
23,Male,Education,Canada,0.85,0.84,0.8,0.7636363636363637,1.0,1.0,0.3333333333333333,High,2
53,Male,Healthcare,USA,0.9833333333333332,0.4600000000000001,0.4,0.6,0.0,1.0,0.0,Low,0
28,Female,IT,Australia,0.2999999999999999,0.7000000000000001,0.9,0.0545454545454545,0.0,0.3333333333333333,1.0,Medium,1
18,Male,Education,India,0.4166666666666666,0.44,1.0,0.2909090909090909,0.5,0.0,1.0,Low,1
35,Male,Finance,Canada,0.8833333333333334,0.5400000000000001,0.2,0.4,0.5,0.0,0.0,Low,0
24,Female,Education,Australia,0.0166666666666666,0.18,0.2,0.7272727272727273,0.0,1.0,0.6666666666666666,High,1
26,Non-binary,Healthcare,UK,0.0999999999999999,0.38,1.0,0.8181818181818182,0.0,0.0,1.0,Medium,1
48,Non-binary,IT,UK,0.0833333333333333,0.22,0.6000000000000001,0.6181818181818182,1.0,0.3333333333333333,1.0,High,2
30,Prefer not to say,Other,Other,0.4,0.5000000000000001,0.1,0.1818181818181818,0.0,0.0,0.0,Low,0
27,Male,Finance,India,0.2166666666666666,0.3,0.2,0.7272727272727273,0.0,0.3333333333333333,1.0,High,1
40,Non-binary,Other,Other,0.0999999999999999,0.12,0.8,0.8181818181818182,0.5,1.0,0.0,Medium,0
28,Non-binary,Healthcare,Germany,0.5666666666666668,0.7200000000000001,0.4,0.6,0.0,0.3333333333333333,0.3333333333333333,Medium,0
34,Female,Other,Canada,0.85,0.14,0.8,0.0909090909090909,1.0,0.0,0.3333333333333333,Low,2
26,Female,Education,Other,0.5833333333333334,0.68,0.8,0.0909090909090909,0.0,0.3333333333333333,0.3333333333333333,Low,0
22,Female,Other,India,0.9333333333333332,0.7400000000000001,0.1,0.9818181818181818,1.0,0.6666666666666666,0.0,High,2
41,Non-binary,IT,India,0.2166666666666666,0.7600000000000001,0.1,0.3818181818181818,0.5,0.3333333333333333,0.6666666666666666,High,1
49,Prefer not to say,Sales,India,0.4833333333333333,0.4,0.5,0.509090909090909,1.0,1.0,0.3333333333333333,High,2
21,Non-binary,Other,India,0.2166666666666666,0.4800000000000001,0.3,0.2727272727272727,0.5,1.0,1.0,High,1
33,Non-binary,Education,Other,0.4166666666666666,0.22,0.5,0.5818181818181818,0.0,1.0,0.6666666666666666,Medium,1
64,Prefer not to say,Sales,UK,0.0666666666666667,0.02,0.7000000000000001,0.3272727272727272,0.0,0.3333333333333333,0.6666666666666666,Low,1
19,Male,Healthcare,Canada,0.6,0.08,0.9,0.8545454545454546,0.5,1.0,0.3333333333333333,Medium,0
18,Prefer not to say,Finance,India,0.0999999999999999,0.7600000000000001,0.5,0.7818181818181817,1.0,1.0,0.0,High,2
47,Prefer not to say,Sales,Germany,0.2833333333333333,0.98,0.4,0.2545454545454545,0.5,1.0,0.6666666666666666,High,1
45,Male,Healthcare,UK,0.9166666666666666,0.7800000000000001,0.2,0.4727272727272728,0.5,0.3333333333333333,1.0,High,1
24,Female,Other,Australia,0.35,0.7400000000000001,0.3,0.3090909090909091,0.0,1.0,1.0,High,1
50,Male,Healthcare,Germany,0.8166666666666668,0.16,0.2,0.9818181818181818,1.0,0.6666666666666666,1.0,High,2
35,Female,Engineering,USA,0.7666666666666665,0.96,0.5,0.890909090909091,1.0,1.0,1.0,High,2
57,Female,Engineering,UK,0.0499999999999999,0.68,0.4,0.1818181818181818,1.0,0.3333333333333333,1.0,High,2
30,Non-binary,Other,India,0.7333333333333333,0.88,0.8,0.3818181818181818,1.0,0.0,0.0,Low,2
54,Female,Finance,Australia,0.3166666666666667,0.02,1.0,0.0181818181818181,0.5,0.6666666666666666,0.0,Low,0
65,Male,Other,Other,0.4833333333333333,0.3400000000000001,0.5,0.3454545454545454,0.5,1.0,1.0,High,1
24,Non-binary,Finance,Canada,1.0,0.7000000000000001,1.0,0.6181818181818182,0.0,1.0,0.6666666666666666,Medium,1
35,Male,Education,Canada,0.0499999999999999,0.2,0.5,0.2,0.0,0.0,0.0,Low,0
39,Male,IT,Other,0.25,0.22,0.8,0.9636363636363636,1.0,1.0,0.3333333333333333,High,2
23,Female,Engineering,Other,0.4666666666666667,0.58,0.7000000000000001,0.1090909090909091,0.5,0.3333333333333333,0.0,Low,0
23,Prefer not to say,Healthcare,UK,0.6333333333333332,0.44,0.9,0.8363636363636363,1.0,0.6666666666666666,1.0,High,2
35,Prefer not to say,IT,Other,0.5499999999999999,0.98,0.3,0.4545454545454545,0.5,0.0,0.6666666666666666,High,1
19,Prefer not to say,Engineering,UK,0.8833333333333334,0.7200000000000001,0.6000000000000001,0.9454545454545454,1.0,0.0,0.6666666666666666,High,2
35,Female,Sales,UK,0.7499999999999999,0.94,0.2,0.9454545454545454,1.0,0.0,0.3333333333333333,High,2
48,Male,Sales,Germany,0.6666666666666666,0.5400000000000001,0.4,0.9090909090909092,1.0,0.3333333333333333,1.0,High,2
64,Prefer not to say,Sales,Australia,0.65,0.42,0.4,0.2181818181818181,0.0,0.6666666666666666,0.0,Low,0
49,Non-binary,Engineering,Canada,0.7666666666666665,0.58,0.8,0.0,0.5,0.3333333333333333,0.3333333333333333,Low,0
65,Male,Sales,UK,0.8333333333333334,0.8000000000000002,0.3,0.6727272727272727,1.0,1.0,1.0,High,2
42,Female,Finance,UK,0.4333333333333332,0.26,1.0,0.5272727272727272,0.5,0.3333333333333333,0.3333333333333333,Low,0
44,Prefer not to say,Healthcare,Germany,0.0999999999999999,0.94,0.2,0.1272727272727272,0.0,0.6666666666666666,0.6666666666666666,High,1
63,Female,IT,Other,0.45,0.2,0.3,0.2181818181818181,0.0,0.0,0.0,Low,0
20,Non-binary,Finance,Australia,0.0166666666666666,0.5200000000000001,0.8,0.9818181818181818,1.0,1.0,0.0,High,2
33,Non-binary,Other,Canada,0.0333333333333333,0.64,0.6000000000000001,1.0,0.0,1.0,1.0,High,1
32,Female,Finance,USA,0.3833333333333332,0.4,0.2,0.8545454545454546,1.0,0.6666666666666666,0.6666666666666666,High,2
58,Non-binary,IT,Australia,0.0999999999999999,0.4800000000000001,0.7000000000000001,0.2909090909090909,0.0,1.0,0.0,Low,0
35,Prefer not to say,Sales,USA,0.1833333333333332,0.32,1.0,0.8545454545454546,0.5,0.0,0.6666666666666666,Medium,1
40,Prefer not to say,IT,Germany,0.6,0.18,0.3,0.0727272727272727,1.0,0.6666666666666666,0.6666666666666666,High,2
40,Female,IT,Germany,0.7333333333333333,0.82,0.7000000000000001,0.8,1.0,0.3333333333333333,0.6666666666666666,High,2
33,Female,Other,India,0.9333333333333332,0.7000000000000001,0.9,0.7454545454545454,0.0,0.6666666666666666,0.3333333333333333,Medium,0
60,Male,Engineering,Other,0.9666666666666668,0.06,0.6000000000000001,0.3818181818181818,0.5,1.0,0.0,Low,0
22,Prefer not to say,IT,USA,0.6666666666666666,0.6,1.0,0.5272727272727272,0.0,0.0,0.0,Low,0
62,Prefer not to say,Sales,UK,0.5499999999999999,1.0,0.2,0.6727272727272727,0.0,1.0,0.3333333333333333,High,0
45,Male,Finance,Canada,0.0833333333333333,0.7800000000000001,0.9,0.8181818181818182,0.0,0.3333333333333333,0.0,Medium,0
25,Prefer not to say,Sales,Germany,0.4166666666666666,0.32,0.3,0.9272727272727272,1.0,0.0,0.6666666666666666,High,2
44,Non-binary,IT,USA,0.5333333333333333,0.42,0.5,0.6545454545454544,0.5,1.0,0.0,Medium,0
37,Male,Engineering,India,0.85,0.3,1.0,0.5818181818181818,0.0,0.3333333333333333,0.0,Low,0
57,Non-binary,Other,India,0.1166666666666667,1.0,0.7000000000000001,0.4727272727272728,1.0,0.0,1.0,High,2
39,Female,Engineering,UK,0.1333333333333333,0.86,0.5,0.9636363636363636,0.0,0.6666666666666666,0.6666666666666666,High,1
39,Male,Finance,Australia,0.2166666666666666,0.4800000000000001,0.4,0.3636363636363636,0.5,0.3333333333333333,0.6666666666666666,High,1
46,Prefer not to say,Education,India,0.8833333333333334,0.3400000000000001,0.6000000000000001,0.4,0.0,0.0,0.6666666666666666,Low,1
56,Prefer not to say,Education,Australia,0.7166666666666667,0.08,1.0,0.0363636363636363,0.5,0.3333333333333333,0.6666666666666666,Low,1
18,Male,Other,USA,0.4,0.9,0.8,0.1636363636363636,0.0,0.0,0.0,Low,0
58,Non-binary,IT,UK,0.35,0.1,0.9,0.0727272727272727,0.5,0.3333333333333333,0.3333333333333333,Low,0
40,Prefer not to say,Healthcare,Other,0.6999999999999998,0.1,0.5,0.9818181818181818,1.0,1.0,0.0,Medium,2
23,Non-binary,Finance,Australia,0.2833333333333333,0.02,0.1,0.0909090909090909,0.5,0.3333333333333333,0.3333333333333333,Medium,0
44,Male,IT,Canada,0.0833333333333333,0.26,0.4,0.6909090909090909,1.0,1.0,0.0,High,2
44,Female,Education,Other,0.8000000000000002,0.82,0.7000000000000001,0.4363636363636363,1.0,0.6666666666666666,0.0,Medium,2
34,Female,Finance,UK,0.85,0.26,1.0,0.2,0.5,0.3333333333333333,0.0,Low,0
30,Female,Education,USA,0.7833333333333331,0.24,0.8,0.4909090909090909,0.5,0.0,0.0,Low,0
35,Prefer not to say,Engineering,Other,0.5333333333333333,0.5400000000000001,0.4,0.509090909090909,1.0,1.0,1.0,High,2
57,Female,Finance,Germany,0.1666666666666666,0.16,0.4,0.6181818181818182,0.5,1.0,0.0,Medium,0
49,Female,Engineering,Australia,0.9,0.6,0.0,0.5272727272727272,0.5,0.0,0.0,Low,0
32,Prefer not to say,Education,Australia,0.5666666666666668,0.28,0.2,0.1454545454545454,0.5,0.3333333333333333,0.6666666666666666,Medium,1
52,Non-binary,Finance,Germany,0.5333333333333333,0.28,0.0,0.8181818181818182,1.0,0.6666666666666666,0.3333333333333333,High,2
30,Male,Sales,India,0.7666666666666665,0.4800000000000001,0.5,0.0,1.0,0.0,0.3333333333333333,Low,2
56,Female,Healthcare,Australia,0.8166666666666668,0.7200000000000001,0.8,0.7636363636363637,0.0,0.0,0.0,Low,0
61,Non-binary,Healthcare,Canada,0.65,0.24,0.7000000000000001,0.3272727272727272,0.0,0.0,0.6666666666666666,Low,1
24,Male,Engineering,Other,0.0,0.7000000000000001,0.2,0.2909090909090909,1.0,0.6666666666666666,0.0,High,2
52,Female,Other,India,0.0833333333333333,0.0,1.0,0.3272727272727272,0.5,0.3333333333333333,0.3333333333333333,Low,0
37,Female,Healthcare,India,0.9833333333333332,0.82,0.4,0.0545454545454545,0.5,1.0,0.3333333333333333,Medium,0
35,Female,Education,Other,0.1333333333333333,0.8000000000000002,0.2,0.1454545454545454,1.0,0.3333333333333333,1.0,High,2
30,Prefer not to say,Education,Canada,0.45,0.94,0.0,0.7272727272727273,0.0,0.3333333333333333,0.3333333333333333,High,0
50,Prefer not to say,Healthcare,UK,0.2166666666666666,0.4800000000000001,0.1,0.5636363636363636,1.0,0.3333333333333333,0.3333333333333333,High,2
25,Male,Healthcare,USA,0.6833333333333332,0.5400000000000001,1.0,0.890909090909091,0.0,0.0,0.0,Low,0
60,Female,Sales,Australia,0.0166666666666666,0.02,0.6000000000000001,0.7818181818181817,0.0,0.0,1.0,Medium,1
35,Prefer not to say,Healthcare,Other,0.4833333333333333,0.1,0.1,0.6363636363636364,0.5,1.0,1.0,High,1
62,Female,Sales,USA,0.7333333333333333,0.44,0.5,0.1272727272727272,0.5,1.0,1.0,Medium,1
24,Non-binary,IT,Canada,0.7499999999999999,0.62,0.1,0.0363636363636363,0.5,0.3333333333333333,1.0,Medium,1
23,Male,Engineering,UK,0.15,0.7200000000000001,0.5,0.4909090909090909,0.0,0.3333333333333333,0.6666666666666666,High,1
50,Female,IT,USA,0.5499999999999999,0.4,0.1,0.8363636363636363,0.0,1.0,1.0,High,1
64,Female,IT,UK,0.8166666666666668,0.04,0.0,0.4363636363636363,1.0,0.3333333333333333,0.3333333333333333,Medium,2
47,Prefer not to say,Finance,Canada,0.6,0.22,0.1,0.5272727272727272,0.0,0.3333333333333333,0.6666666666666666,Medium,1
21,Prefer not to say,Other,Other,0.3333333333333333,0.96,0.4,0.3090909090909091,0.5,0.6666666666666666,0.6666666666666666,High,1
24,Female,Other,Other,0.65,0.86,0.6000000000000001,0.0181818181818181,0.5,0.0,0.6666666666666666,Medium,1
41,Female,Other,UK,0.8000000000000002,0.62,0.0,0.8727272727272727,0.0,0.6666666666666666,0.0,Medium,0
56,Female,Education,Germany,0.5499999999999999,0.4600000000000001,1.0,0.890909090909091,0.0,1.0,0.3333333333333333,Medium,0
44,Non-binary,IT,Other,0.0499999999999999,0.22,0.3,0.0545454545454545,0.5,1.0,0.0,Medium,0
54,Male,Sales,Australia,0.1833333333333332,0.64,0.6000000000000001,0.1454545454545454,1.0,0.6666666666666666,1.0,High,2
48,Female,Education,USA,0.2666666666666666,0.7600000000000001,0.7000000000000001,0.0909090909090909,0.5,0.6666666666666666,0.0,Medium,0
48,Male,Other,Canada,0.5666666666666668,0.08,0.6000000000000001,0.1636363636363636,0.0,0.3333333333333333,0.6666666666666666,Low,1
54,Non-binary,IT,Canada,0.3666666666666666,0.86,0.1,0.1090909090909091,1.0,1.0,0.0,High,2
31,Female,Finance,Canada,0.8666666666666666,0.96,0.1,0.8,0.5,0.3333333333333333,1.0,High,1
34,Female,Healthcare,Germany,0.2666666666666666,0.86,0.8,0.6545454545454544,1.0,0.3333333333333333,0.3333333333333333,High,2
40,Female,IT,India,0.0166666666666666,0.04,0.2,0.3818181818181818,1.0,0.0,1.0,High,2
30,Prefer not to say,Other,Canada,0.2833333333333333,0.5400000000000001,0.7000000000000001,0.5636363636363636,0.0,0.3333333333333333,0.0,Low,0
41,Non-binary,Other,Australia,0.0833333333333333,0.12,0.9,0.0181818181818181,1.0,0.0,0.0,Low,2
36,Prefer not to say,IT,Germany,0.4,0.66,0.3,0.8727272727272727,0.5,1.0,1.0,High,1
57,Prefer not to say,Sales,UK,1.0,0.66,1.0,0.4545454545454545,1.0,0.6666666666666666,1.0,High,2
62,Female,Engineering,India,0.4166666666666666,0.24,1.0,0.2,0.0,0.6666666666666666,0.3333333333333333,Low,0
19,Non-binary,Sales,Germany,0.1166666666666667,0.88,0.9,0.6727272727272727,0.0,0.6666666666666666,0.3333333333333333,High,0
49,Prefer not to say,Education,USA,0.0999999999999999,0.82,0.6000000000000001,0.4363636363636363,1.0,1.0,1.0,High,2
32,Female,IT,Germany,0.5833333333333334,0.6,0.8,0.4363636363636363,0.5,0.3333333333333333,1.0,Medium,1
64,Non-binary,Sales,USA,0.9166666666666666,0.06,0.7000000000000001,0.8363636363636363,0.5,1.0,0.0,Low,0
24,Prefer not to say,Other,Canada,0.7166666666666667,0.12,0.4,0.1090909090909091,1.0,0.3333333333333333,0.3333333333333333,Low,2
35,Prefer not to say,Finance,Australia,0.6999999999999998,0.16,0.3,0.4545454545454545,0.5,0.3333333333333333,1.0,Medium,1
21,Prefer not to say,Education,Australia,0.4666666666666667,0.14,0.6000000000000001,0.1090909090909091,0.5,0.0,1.0,Low,1
60,Prefer not to say,Sales,Other,0.8833333333333334,0.6,0.5,0.5454545454545454,1.0,0.0,0.6666666666666666,Medium,2
49,Non-binary,Healthcare,Germany,0.3166666666666667,1.0,0.4,0.890909090909091,1.0,0.3333333333333333,1.0,High,2
63,Non-binary,Finance,Germany,0.8333333333333334,0.2,0.7000000000000001,0.7090909090909091,0.0,0.0,0.0,Low,0
51,Non-binary,Education,UK,0.0999999999999999,0.7200000000000001,1.0,0.5636363636363636,1.0,1.0,0.0,High,2
40,Non-binary,Finance,Other,0.0,0.9,0.8,0.9818181818181818,1.0,1.0,0.6666666666666666,High,2
57,Male,Engineering,Canada,0.2,0.3400000000000001,0.0,0.4,1.0,0.0,1.0,High,2
55,Prefer not to say,Healthcare,India,0.2666666666666666,0.28,0.2,0.1636363636363636,0.5,0.6666666666666666,0.0,Medium,0
27,Female,Education,Canada,0.9166666666666666,0.98,0.8,0.4363636363636363,0.0,0.6666666666666666,0.0,Low,0
20,Female,Other,Germany,0.6833333333333332,0.58,0.9,0.6,0.0,0.6666666666666666,0.3333333333333333,Low,0
44,Female,Finance,India,0.6999999999999998,0.58,1.0,0.9636363636363636,0.0,0.6666666666666666,0.6666666666666666,Medium,1
41,Non-binary,Other,India,0.8666666666666666,0.82,0.5,0.7090909090909091,0.0,0.6666666666666666,0.6666666666666666,High,1
37,Female,Healthcare,India,0.9166666666666666,0.96,0.6000000000000001,0.9454545454545454,0.5,0.3333333333333333,0.0,Medium,0
58,Female,Other,Australia,0.1666666666666666,0.06,0.5,0.8,0.5,0.0,0.3333333333333333,Medium,0
60,Female,Finance,India,0.1333333333333333,0.88,1.0,0.4909090909090909,1.0,0.0,1.0,High,2
63,Prefer not to say,Healthcare,Canada,0.4333333333333332,0.22,0.4,0.1454545454545454,0.5,0.0,1.0,Low,1
40,Male,Other,Other,0.4,0.06,0.7000000000000001,0.4727272727272728,1.0,0.3333333333333333,1.0,Medium,2
31,Non-binary,Healthcare,Germany,0.6333333333333332,0.32,1.0,0.0909090909090909,0.0,0.0,0.3333333333333333,Low,0
28,Non-binary,Healthcare,UK,0.6333333333333332,0.06,0.4,0.7636363636363637,0.5,1.0,1.0,High,1
24,Non-binary,Other,Canada,0.8166666666666668,0.16,0.9,0.4,0.0,1.0,0.3333333333333333,Low,0
43,Female,Engineering,Germany,0.7333333333333333,0.62,0.4,0.7272727272727273,0.5,0.3333333333333333,0.3333333333333333,Medium,0
61,Male,Engineering,Canada,0.7499999999999999,0.24,0.1,0.6727272727272727,1.0,1.0,1.0,High,2
30,Prefer not to say,Engineering,USA,0.8166666666666668,0.92,0.6000000000000001,0.0,0.5,0.6666666666666666,0.3333333333333333,Medium,0
29,Prefer not to say,IT,India,0.8000000000000002,0.22,0.6000000000000001,0.0727272727272727,0.0,0.3333333333333333,1.0,Low,1
22,Female,Healthcare,Germany,0.5166666666666665,0.7800000000000001,0.2,0.0545454545454545,1.0,1.0,0.0,High,2
25,Female,Finance,India,0.0333333333333333,0.24,0.0,0.5272727272727272,0.0,0.6666666666666666,0.0,Medium,0
19,Prefer not to say,Healthcare,Australia,0.9666666666666668,0.7000000000000001,0.0,0.1090909090909091,0.0,0.0,0.3333333333333333,Low,0
43,Non-binary,Engineering,USA,0.85,0.1,0.5,0.0,0.0,0.3333333333333333,1.0,Low,1
45,Prefer not to say,Other,UK,0.0999999999999999,0.62,0.4,0.0545454545454545,0.5,1.0,0.6666666666666666,High,1
46,Female,Finance,Germany,0.0333333333333333,0.12,0.7000000000000001,0.7090909090909091,0.0,1.0,0.3333333333333333,Medium,0
29,Male,IT,India,0.5166666666666665,0.64,0.5,0.1090909090909091,1.0,0.3333333333333333,0.3333333333333333,Medium,2
61,Non-binary,Healthcare,Canada,0.6666666666666666,0.58,0.8,0.9090909090909092,1.0,0.6666666666666666,0.6666666666666666,High,2
34,Female,Sales,India,0.0333333333333333,0.9,0.2,0.8181818181818182,0.5,0.3333333333333333,0.6666666666666666,High,1
65,Female,Healthcare,Canada,0.3166666666666667,0.94,0.1,0.7636363636363637,0.5,0.0,0.3333333333333333,High,0
37,Non-binary,Healthcare,Australia,0.3833333333333332,0.4,0.7000000000000001,0.5272727272727272,0.5,0.0,0.3333333333333333,Low,0
44,Prefer not to say,IT,USA,0.0833333333333333,0.62,0.0,0.509090909090909,0.5,0.6666666666666666,0.6666666666666666,High,1
53,Female,Engineering,Germany,0.2833333333333333,0.5200000000000001,0.4,0.5454545454545454,0.5,1.0,0.3333333333333333,High,0
23,Non-binary,Education,Other,0.3166666666666667,0.38,0.3,0.6,0.5,0.0,0.6666666666666666,High,1
28,Female,Healthcare,Canada,0.25,0.5200000000000001,1.0,0.5636363636363636,1.0,0.6666666666666666,0.3333333333333333,High,2
55,Female,Healthcare,UK,0.4999999999999999,0.24,1.0,0.2181818181818181,0.0,0.6666666666666666,0.3333333333333333,Low,0
21,Prefer not to say,Finance,Australia,0.7666666666666665,0.4,0.2,0.3454545454545454,0.0,0.6666666666666666,0.3333333333333333,Medium,0
35,Non-binary,IT,India,0.4666666666666667,0.64,0.1,0.0,0.5,0.6666666666666666,0.6666666666666666,High,1
29,Male,Other,Other,0.3666666666666666,0.7200000000000001,0.7000000000000001,0.5818181818181818,1.0,0.3333333333333333,0.6666666666666666,High,2
25,Prefer not to say,Finance,Canada,0.8166666666666668,0.62,0.8,0.0545454545454545,0.0,1.0,1.0,Low,1
42,Female,Healthcare,USA,0.8000000000000002,0.42,0.1,0.8727272727272727,0.5,0.3333333333333333,0.6666666666666666,High,1
39,Prefer not to say,Finance,Canada,0.0499999999999999,0.3400000000000001,0.6000000000000001,0.8,1.0,0.3333333333333333,0.6666666666666666,High,2
51,Female,Healthcare,USA,0.3166666666666667,0.7200000000000001,0.7000000000000001,0.0909090909090909,1.0,0.0,0.3333333333333333,Medium,2
40,Male,Other,Other,0.6333333333333332,0.1,0.6000000000000001,0.6181818181818182,0.0,0.6666666666666666,0.0,Low,0
31,Male,Other,Canada,0.9166666666666666,0.26,0.1,0.7272727272727273,0.5,0.6666666666666666,0.0,Medium,0
43,Prefer not to say,Education,Other,0.1666666666666666,0.32,0.8,0.4909090909090909,0.5,1.0,0.3333333333333333,Medium,0
30,Female,IT,USA,0.9166666666666666,0.38,0.6000000000000001,0.0909090909090909,1.0,0.3333333333333333,1.0,Medium,2
36,Male,Sales,USA,0.6999999999999998,0.7400000000000001,1.0,0.6,1.0,0.6666666666666666,0.6666666666666666,High,2
34,Prefer not to say,Healthcare,Canada,0.7333333333333333,0.5599999999999999,0.3,0.6363636363636364,1.0,0.3333333333333333,0.6666666666666666,High,2
58,Female,Sales,UK,0.8166666666666668,0.7400000000000001,0.5,0.3090909090909091,0.5,0.6666666666666666,0.3333333333333333,Medium,0
23,Non-binary,IT,India,0.3666666666666666,0.58,0.3,1.0,0.0,0.3333333333333333,0.0,Medium,0
58,Male,Finance,Canada,0.9,0.5200000000000001,0.7000000000000001,0.1454545454545454,0.0,0.3333333333333333,0.6666666666666666,Low,1
20,Prefer not to say,Healthcare,Canada,0.9666666666666668,0.08,0.4,0.1454545454545454,1.0,0.0,0.0,Low,2
31,Female,Healthcare,Other,0.7333333333333333,0.7400000000000001,0.3,0.5636363636363636,1.0,1.0,0.0,High,2
41,Female,Engineering,UK,0.4,0.28,0.2,0.0363636363636363,0.0,1.0,0.6666666666666666,Medium,1
38,Non-binary,Sales,Canada,0.8000000000000002,0.2,0.4,0.1454545454545454,1.0,1.0,1.0,Medium,2
39,Male,Other,UK,0.4833333333333333,0.58,0.1,0.8727272727272727,0.5,1.0,0.6666666666666666,High,1
21,Female,Engineering,Australia,0.7166666666666667,0.08,0.4,0.4909090909090909,0.5,0.6666666666666666,0.0,Low,0
46,Male,IT,USA,0.15,0.62,0.6000000000000001,0.3454545454545454,1.0,0.6666666666666666,0.3333333333333333,High,2
25,Non-binary,IT,Other,0.9333333333333332,0.5000000000000001,0.4,0.4181818181818181,0.0,0.6666666666666666,0.6666666666666666,Medium,1
27,Prefer not to say,Other,Canada,0.8666666666666666,0.2,0.0,0.6909090909090909,0.0,0.3333333333333333,1.0,Medium,1
30,Male,Engineering,Australia,1.0,0.7600000000000001,0.0,0.509090909090909,0.0,0.6666666666666666,1.0,High,1
32,Male,Other,Other,0.0499999999999999,0.84,0.0,0.6363636363636364,0.0,0.0,0.6666666666666666,High,1
42,Non-binary,Engineering,Canada,0.85,0.36,0.0,0.4727272727272728,1.0,0.3333333333333333,0.0,Medium,2
52,Non-binary,IT,Germany,0.35,0.24,1.0,0.6,1.0,0.3333333333333333,1.0,Medium,2
44,Non-binary,Finance,Germany,0.15,0.5599999999999999,0.2,0.6545454545454544,0.0,0.6666666666666666,0.6666666666666666,High,1
50,Non-binary,Sales,India,0.2833333333333333,0.94,0.5,0.8,0.5,0.3333333333333333,0.0,High,0
41,Non-binary,Sales,Australia,1.0,0.7800000000000001,0.4,0.6545454545454544,0.0,1.0,0.3333333333333333,Medium,0
26,Male,Education,Other,0.3333333333333333,0.18,0.5,1.0,0.5,1.0,0.6666666666666666,High,1
27,Non-binary,Finance,UK,0.6,0.5200000000000001,0.2,0.509090909090909,0.5,0.6666666666666666,0.3333333333333333,High,0
38,Prefer not to say,Education,Australia,0.7333333333333333,0.7200000000000001,0.3,0.9090909090909092,0.5,0.0,0.6666666666666666,High,1
56,Male,Engineering,USA,0.15,1.0,0.1,0.0909090909090909,1.0,0.6666666666666666,0.0,High,2
33,Female,IT,Germany,0.5333333333333333,0.96,0.4,0.3636363636363636,0.5,0.3333333333333333,0.6666666666666666,High,1
23,Prefer not to say,Engineering,UK,0.1333333333333333,0.42,0.2,0.509090909090909,0.0,1.0,0.3333333333333333,High,0
26,Female,Other,Germany,0.9,0.7800000000000001,0.4,0.6909090909090909,0.0,0.0,0.0,Low,0
28,Male,Sales,Australia,0.0499999999999999,0.44,0.6000000000000001,0.6909090909090909,1.0,1.0,0.0,High,2
22,Male,Sales,UK,0.3666666666666666,0.4800000000000001,0.1,0.9636363636363636,1.0,0.6666666666666666,0.3333333333333333,High,2
59,Female,Engineering,Australia,0.0499999999999999,0.4,0.8,0.7454545454545454,1.0,0.6666666666666666,1.0,High,2
28,Non-binary,Education,Australia,0.5333333333333333,0.18,0.6000000000000001,0.7090909090909091,0.0,0.3333333333333333,0.6666666666666666,Medium,1
50,Non-binary,Healthcare,Germany,0.2,0.62,0.4,0.3090909090909091,0.0,0.6666666666666666,0.3333333333333333,Medium,0
47,Male,Education,India,0.3833333333333332,0.2,1.0,0.0545454545454545,0.5,1.0,0.0,Low,0
47,Non-binary,Education,Germany,0.5499999999999999,0.16,0.0,0.8363636363636363,0.0,0.6666666666666666,1.0,High,1
30,Non-binary,IT,Australia,0.2833333333333333,0.98,0.1,0.7090909090909091,0.0,0.6666666666666666,0.6666666666666666,High,1
65,Female,Healthcare,India,0.6666666666666666,0.08,0.4,0.4,0.0,0.6666666666666666,0.3333333333333333,Low,0
35,Female,Healthcare,Australia,0.7333333333333333,0.22,0.3,0.509090909090909,0.5,0.0,0.3333333333333333,Low,0
35,Non-binary,Healthcare,UK,0.0999999999999999,0.62,0.3,0.7272727272727273,0.0,1.0,1.0,High,1
25,Male,Other,Germany,0.2999999999999999,0.06,0.3,0.4363636363636363,1.0,1.0,0.3333333333333333,High,2
55,Female,Healthcare,USA,0.2166666666666666,0.8000000000000002,0.2,0.6909090909090909,0.5,0.3333333333333333,1.0,High,1
62,Prefer not to say,Finance,UK,0.7666666666666665,0.22,0.4,0.7090909090909091,1.0,0.3333333333333333,0.3333333333333333,Medium,2
27,Female,Other,Other,0.5833333333333334,0.0,1.0,0.2363636363636363,0.5,0.3333333333333333,0.3333333333333333,Low,0
27,Female,Sales,Other,0.5166666666666665,0.14,0.8,0.7636363636363637,1.0,1.0,1.0,High,2
64,Male,Other,Germany,0.4833333333333333,0.7600000000000001,1.0,0.4727272727272728,0.0,1.0,0.3333333333333333,Medium,0
26,Non-binary,Other,Canada,0.9499999999999998,0.7600000000000001,0.7000000000000001,0.8727272727272727,1.0,1.0,1.0,High,2
61,Non-binary,IT,Canada,0.0499999999999999,0.5200000000000001,0.8,0.3818181818181818,0.5,1.0,0.0,Medium,0
18,Non-binary,Engineering,UK,0.4833333333333333,0.9,0.3,0.9272727272727272,1.0,1.0,0.0,High,2
19,Prefer not to say,Engineering,UK,0.8000000000000002,0.7400000000000001,0.7000000000000001,0.4909090909090909,0.0,0.0,1.0,Low,1
62,Non-binary,IT,USA,0.3833333333333332,0.4,0.7000000000000001,0.9636363636363636,1.0,0.6666666666666666,0.6666666666666666,High,2
31,Female,Sales,UK,0.6,0.4600000000000001,0.5,0.3454545454545454,1.0,0.3333333333333333,1.0,High,2
41,Female,Engineering,UK,0.4333333333333332,0.3,0.8,0.2181818181818181,0.0,0.0,0.3333333333333333,Low,0
54,Female,Education,Other,0.0666666666666667,0.24,0.9,0.4545454545454545,1.0,1.0,1.0,High,2
42,Non-binary,Finance,Canada,0.4,0.98,0.0,0.6,0.5,0.3333333333333333,1.0,High,1
30,Prefer not to say,Healthcare,Other,0.0333333333333333,0.42,1.0,0.7636363636363637,1.0,0.3333333333333333,0.6666666666666666,High,2
61,Non-binary,Sales,Other,0.9166666666666666,0.64,0.5,0.2727272727272727,0.0,0.3333333333333333,0.6666666666666666,Low,1
46,Male,Other,Germany,0.65,0.92,0.1,0.8545454545454546,0.0,0.0,0.0,Medium,0
29,Female,Other,USA,0.7166666666666667,0.22,0.0,0.0363636363636363,0.5,0.6666666666666666,0.0,Low,0
33,Prefer not to say,Healthcare,UK,0.0166666666666666,0.5599999999999999,0.0,0.890909090909091,1.0,0.0,0.3333333333333333,High,2
35,Non-binary,Finance,Other,0.1666666666666666,0.2,0.6000000000000001,0.4,0.5,0.0,0.0,Low,0
35,Prefer not to say,Finance,UK,0.4999999999999999,0.18,1.0,0.6727272727272727,0.0,1.0,0.6666666666666666,Medium,1
21,Non-binary,Other,India,0.7499999999999999,0.96,0.8,0.9090909090909092,1.0,1.0,0.6666666666666666,High,2
38,Non-binary,IT,Canada,0.7833333333333331,0.7600000000000001,0.8,0.890909090909091,0.5,0.6666666666666666,1.0,High,1
21,Prefer not to say,Healthcare,India,0.2166666666666666,0.1,0.4,0.1454545454545454,0.0,0.3333333333333333,0.3333333333333333,Low,0
19,Prefer not to say,Healthcare,India,0.3166666666666667,0.22,0.8,0.2545454545454545,0.0,0.3333333333333333,0.0,Low,0
50,Prefer not to say,IT,India,0.7833333333333331,0.5599999999999999,0.1,0.8727272727272727,1.0,0.3333333333333333,0.3333333333333333,High,2
57,Female,Other,India,0.45,0.16,0.0,0.890909090909091,0.0,1.0,0.6666666666666666,High,1
57,Female,Sales,UK,0.9499999999999998,0.3,0.3,0.2909090909090909,0.0,0.0,0.6666666666666666,Low,1
25,Male,Healthcare,Canada,0.6999999999999998,0.96,0.7000000000000001,0.5272727272727272,0.0,0.6666666666666666,0.0,Low,0
64,Female,IT,USA,0.2666666666666666,1.0,0.3,0.0545454545454545,1.0,0.6666666666666666,0.6666666666666666,High,2
65,Prefer not to say,Healthcare,Canada,0.6999999999999998,1.0,0.9,0.6,0.5,0.3333333333333333,0.6666666666666666,Medium,1
50,Female,Engineering,Other,0.0,0.5599999999999999,0.0,0.3636363636363636,0.5,0.6666666666666666,0.6666666666666666,High,1
61,Female,Education,Germany,0.7833333333333331,0.4,0.4,0.4181818181818181,1.0,0.6666666666666666,0.0,Medium,2
30,Female,Sales,Germany,0.25,0.68,0.5,0.4545454545454545,0.5,1.0,1.0,High,1
62,Non-binary,Healthcare,Other,0.6666666666666666,0.3400000000000001,0.6000000000000001,0.9454545454545454,1.0,1.0,0.6666666666666666,High,2
34,Prefer not to say,Education,Canada,0.35,0.92,0.2,0.7818181818181817,1.0,0.0,0.6666666666666666,High,2
54,Non-binary,Finance,Other,0.5666666666666668,0.98,0.5,0.3636363636363636,0.5,1.0,1.0,High,1
46,Male,Education,USA,0.7166666666666667,0.4600000000000001,0.5,0.3090909090909091,1.0,1.0,0.3333333333333333,Medium,2
58,Female,Education,India,0.4166666666666666,0.62,0.5,0.0545454545454545,1.0,0.0,0.6666666666666666,Medium,2
49,Prefer not to say,IT,USA,0.5666666666666668,0.4,0.5,0.9272727272727272,1.0,1.0,1.0,High,2
47,Female,IT,India,0.6833333333333332,0.16,0.6000000000000001,0.4545454545454545,0.0,1.0,0.0,Low,0
43,Female,Other,India,0.8000000000000002,0.88,0.8,0.9272727272727272,0.0,0.0,0.3333333333333333,Low,0
21,Female,Other,UK,0.7333333333333333,0.0,0.6000000000000001,0.6727272727272727,1.0,1.0,0.0,Medium,2
35,Male,Healthcare,UK,0.1666666666666666,0.5200000000000001,0.6000000000000001,0.9636363636363636,1.0,0.6666666666666666,0.0,High,2
65,Male,Other,Canada,0.9166666666666666,0.64,0.2,0.0545454545454545,1.0,0.3333333333333333,0.3333333333333333,Medium,2
37,Prefer not to say,Sales,India,0.6,0.3,0.1,0.8,1.0,0.3333333333333333,0.3333333333333333,High,2
28,Female,Engineering,USA,0.9,0.02,0.1,0.3272727272727272,0.5,0.0,0.0,Low,0
33,Prefer not to say,Other,UK,0.8833333333333334,0.06,0.0,0.0909090909090909,1.0,0.0,0.0,Low,2
52,Non-binary,Other,India,0.1333333333333333,0.2,0.1,0.6909090909090909,0.5,0.6666666666666666,0.3333333333333333,High,0
59,Non-binary,Other,USA,0.6,0.5400000000000001,0.8,0.0727272727272727,0.0,0.0,1.0,Low,1
61,Prefer not to say,Education,Other,0.9666666666666668,0.14,0.6000000000000001,0.4363636363636363,1.0,0.3333333333333333,0.0,Low,2
50,Prefer not to say,Healthcare,UK,0.35,0.64,0.9,0.7272727272727273,1.0,0.3333333333333333,1.0,High,2
20,Non-binary,Engineering,Canada,0.4166666666666666,0.9,0.2,0.1272727272727272,0.5,0.6666666666666666,0.3333333333333333,High,0
54,Female,Finance,USA,0.1833333333333332,0.04,0.8,0.4363636363636363,0.5,1.0,0.3333333333333333,Medium,0
32,Male,IT,Other,0.7666666666666665,0.38,0.4,0.1818181818181818,0.5,0.3333333333333333,0.0,Low,0
42,Non-binary,Other,USA,0.7499999999999999,0.02,0.9,0.5818181818181818,0.0,0.0,0.3333333333333333,Low,0
20,Non-binary,IT,Other,0.8833333333333334,0.96,0.7000000000000001,0.6727272727272727,1.0,0.6666666666666666,0.3333333333333333,High,2
32,Non-binary,Other,Germany,0.4999999999999999,0.7000000000000001,0.7000000000000001,0.0363636363636363,0.0,0.6666666666666666,1.0,Medium,1
40,Male,Finance,India,0.6166666666666666,0.5599999999999999,0.2,0.6363636363636364,1.0,0.6666666666666666,1.0,High,2
65,Female,Other,India,0.4833333333333333,0.5599999999999999,0.4,0.509090909090909,1.0,0.3333333333333333,0.0,Medium,2
65,Male,Education,USA,0.0499999999999999,0.16,0.2,0.3454545454545454,1.0,1.0,0.6666666666666666,High,2
51,Female,IT,India,0.8833333333333334,0.44,0.5,0.8181818181818182,0.0,1.0,0.3333333333333333,Medium,0
48,Male,Sales,Australia,0.7166666666666667,0.02,0.8,0.8363636363636363,0.5,0.0,0.3333333333333333,Low,0
29,Female,Other,Germany,0.7666666666666665,0.3,0.6000000000000001,0.0727272727272727,0.5,0.6666666666666666,0.0,Low,0
58,Female,Sales,Other,0.2833333333333333,0.08,1.0,0.2909090909090909,0.0,0.0,0.3333333333333333,Low,0
21,Male,Finance,Germany,0.2333333333333334,0.84,1.0,0.2181818181818181,0.0,0.3333333333333333,0.6666666666666666,Medium,1
47,Non-binary,Sales,UK,0.3333333333333333,0.5200000000000001,1.0,0.4909090909090909,0.0,0.3333333333333333,0.3333333333333333,Low,0
47,Male,Finance,USA,0.1666666666666666,0.7600000000000001,0.3,0.7090909090909091,0.5,0.6666666666666666,0.6666666666666666,High,1
56,Prefer not to say,Finance,Canada,0.65,0.24,0.5,0.4727272727272728,1.0,1.0,0.0,Medium,2
63,Non-binary,Other,UK,0.6333333333333332,0.4,0.7000000000000001,0.2363636363636363,0.0,0.0,0.6666666666666666,Low,1
36,Non-binary,Education,Germany,0.9333333333333332,0.2,0.7000000000000001,0.0727272727272727,0.0,0.3333333333333333,0.6666666666666666,Low,1
24,Non-binary,Education,Canada,0.5333333333333333,0.4800000000000001,0.7000000000000001,0.509090909090909,0.0,0.0,0.3333333333333333,Low,0
54,Male,Other,Other,0.85,0.3400000000000001,0.4,0.0181818181818181,0.5,0.6666666666666666,1.0,Medium,1
61,Non-binary,Engineering,Other,0.9,0.26,0.4,0.1818181818181818,0.0,0.0,0.6666666666666666,Low,1
22,Prefer not to say,Other,India,0.3333333333333333,0.92,1.0,0.1636363636363636,1.0,1.0,0.6666666666666666,High,2
20,Non-binary,Engineering,USA,0.6333333333333332,0.88,0.5,0.9818181818181818,0.5,0.3333333333333333,0.6666666666666666,High,1
32,Female,Engineering,Other,0.9166666666666666,0.7800000000000001,0.9,0.890909090909091,0.0,0.3333333333333333,0.0,Low,0
48,Male,Other,Canada,0.45,0.36,0.8,0.0909090909090909,1.0,1.0,0.3333333333333333,Medium,2
55,Non-binary,Other,USA,0.3166666666666667,0.4800000000000001,0.4,0.8545454545454546,0.0,0.3333333333333333,0.0,Medium,0
27,Prefer not to say,Engineering,Germany,0.1666666666666666,0.66,0.3,0.3636363636363636,0.0,0.6666666666666666,0.0,High,0
